ISO-10303-21;
HEADER;
/* Generated by software containing ST-Developer
 * from STEP Tools, Inc. (www.steptools.com) 
 */

FILE_DESCRIPTION(
/* description */ (''),
/* implementation_level */ '2;1');

FILE_NAME(
/* name */ 'entire_motor_assembly.step',
/* time_stamp */ '2026-08-19T17:41:29-06:00',
/* author */ (''),
/* organization */ (''),
/* preprocessor_version */ 'ST-DEVELOPER v20.1',
/* originating_system */ 'Autodesk Translation Framework v15.8.0.0',
/* authorisation */ '');

FILE_SCHEMA (('AUTOMOTIVE_DESIGN { 1 0 10303 214 3 1 1 }'));
ENDSEC;

DATA;
#10=MECHANICAL_DESIGN_GEOMETRIC_PRESENTATION_REPRESENTATION('',(#149,#150,
#151,#152,#153,#154,#155,#156,#157,#158,#159,#160,#161,#162,#163,#164,#165,
#166,#167,#168,#169,#170,#171,#172,#173,#174,#175,#176,#177,#178,#179,#180,
#181,#182,#183,#184,#185,#186,#187,#188,#189,#190,#191,#192,#193,#194,#195,
#196,#197,#198,#199,#200,#201,#202,#203,#204,#205,#206,#207,#208,#209,#210,
#211,#212,#213,#214,#215,#216,#217,#218,#219,#220,#221,#222,#223,#224,#225,
#226,#227,#228,#229,#230,#231,#232,#233,#234,#235,#236,#237,#238,#239,#240,
#241,#242,#243,#244,#245,#246,#247,#248,#249,#250,#251,#252,#253,#254,#255,
#256,#257,#258,#259,#260,#261,#262,#263,#264,#265,#266,#267,#268,#269,#270,
#271),#11524);
#11=ITEM_DEFINED_TRANSFORMATION($,$,#6952,#7432);
#12=ITEM_DEFINED_TRANSFORMATION($,$,#7029,#7433);
#13=ITEM_DEFINED_TRANSFORMATION($,$,#7081,#7434);
#14=ITEM_DEFINED_TRANSFORMATION($,$,#7442,#7549);
#15=ITEM_DEFINED_TRANSFORMATION($,$,#7462,#7550);
#16=ITEM_DEFINED_TRANSFORMATION($,$,#7513,#7551);
#17=ITEM_DEFINED_TRANSFORMATION($,$,#7533,#7552);
#18=ITEM_DEFINED_TRANSFORMATION($,$,#7540,#7553);
#19=ITEM_DEFINED_TRANSFORMATION($,$,#6889,#7554);
#20=ITEM_DEFINED_TRANSFORMATION($,$,#6951,#7555);
#21=ITEM_DEFINED_TRANSFORMATION($,$,#7435,#7556);
#22=ITEM_DEFINED_TRANSFORMATION($,$,#7435,#7557);
#23=ITEM_DEFINED_TRANSFORMATION($,$,#7435,#7558);
#24=ITEM_DEFINED_TRANSFORMATION($,$,#7435,#7559);
#25=ITEM_DEFINED_TRANSFORMATION($,$,#7441,#7560);
#26=(
REPRESENTATION_RELATIONSHIP($,$,#11573,#11572)
REPRESENTATION_RELATIONSHIP_WITH_TRANSFORMATION(#11)
SHAPE_REPRESENTATION_RELATIONSHIP()
);
#27=(
REPRESENTATION_RELATIONSHIP($,$,#11574,#11572)
REPRESENTATION_RELATIONSHIP_WITH_TRANSFORMATION(#12)
SHAPE_REPRESENTATION_RELATIONSHIP()
);
#28=(
REPRESENTATION_RELATIONSHIP($,$,#11575,#11572)
REPRESENTATION_RELATIONSHIP_WITH_TRANSFORMATION(#13)
SHAPE_REPRESENTATION_RELATIONSHIP()
);
#29=(
REPRESENTATION_RELATIONSHIP($,$,#11578,#11577)
REPRESENTATION_RELATIONSHIP_WITH_TRANSFORMATION(#14)
SHAPE_REPRESENTATION_RELATIONSHIP()
);
#30=(
REPRESENTATION_RELATIONSHIP($,$,#11579,#11577)
REPRESENTATION_RELATIONSHIP_WITH_TRANSFORMATION(#15)
SHAPE_REPRESENTATION_RELATIONSHIP()
);
#31=(
REPRESENTATION_RELATIONSHIP($,$,#11580,#11577)
REPRESENTATION_RELATIONSHIP_WITH_TRANSFORMATION(#16)
SHAPE_REPRESENTATION_RELATIONSHIP()
);
#32=(
REPRESENTATION_RELATIONSHIP($,$,#11581,#11577)
REPRESENTATION_RELATIONSHIP_WITH_TRANSFORMATION(#17)
SHAPE_REPRESENTATION_RELATIONSHIP()
);
#33=(
REPRESENTATION_RELATIONSHIP($,$,#11582,#11577)
REPRESENTATION_RELATIONSHIP_WITH_TRANSFORMATION(#18)
SHAPE_REPRESENTATION_RELATIONSHIP()
);
#34=(
REPRESENTATION_RELATIONSHIP($,$,#11571,#11570)
REPRESENTATION_RELATIONSHIP_WITH_TRANSFORMATION(#19)
SHAPE_REPRESENTATION_RELATIONSHIP()
);
#35=(
REPRESENTATION_RELATIONSHIP($,$,#11572,#11570)
REPRESENTATION_RELATIONSHIP_WITH_TRANSFORMATION(#20)
SHAPE_REPRESENTATION_RELATIONSHIP()
);
#36=(
REPRESENTATION_RELATIONSHIP($,$,#11576,#11570)
REPRESENTATION_RELATIONSHIP_WITH_TRANSFORMATION(#21)
SHAPE_REPRESENTATION_RELATIONSHIP()
);
#37=(
REPRESENTATION_RELATIONSHIP($,$,#11576,#11570)
REPRESENTATION_RELATIONSHIP_WITH_TRANSFORMATION(#22)
SHAPE_REPRESENTATION_RELATIONSHIP()
);
#38=(
REPRESENTATION_RELATIONSHIP($,$,#11576,#11570)
REPRESENTATION_RELATIONSHIP_WITH_TRANSFORMATION(#23)
SHAPE_REPRESENTATION_RELATIONSHIP()
);
#39=(
REPRESENTATION_RELATIONSHIP($,$,#11576,#11570)
REPRESENTATION_RELATIONSHIP_WITH_TRANSFORMATION(#24)
SHAPE_REPRESENTATION_RELATIONSHIP()
);
#40=(
REPRESENTATION_RELATIONSHIP($,$,#11577,#11570)
REPRESENTATION_RELATIONSHIP_WITH_TRANSFORMATION(#25)
SHAPE_REPRESENTATION_RELATIONSHIP()
);
#41=CONTEXT_DEPENDENT_SHAPE_REPRESENTATION(#26,#11548);
#42=CONTEXT_DEPENDENT_SHAPE_REPRESENTATION(#27,#11549);
#43=CONTEXT_DEPENDENT_SHAPE_REPRESENTATION(#28,#11550);
#44=CONTEXT_DEPENDENT_SHAPE_REPRESENTATION(#29,#11558);
#45=CONTEXT_DEPENDENT_SHAPE_REPRESENTATION(#30,#11559);
#46=CONTEXT_DEPENDENT_SHAPE_REPRESENTATION(#31,#11560);
#47=CONTEXT_DEPENDENT_SHAPE_REPRESENTATION(#32,#11561);
#48=CONTEXT_DEPENDENT_SHAPE_REPRESENTATION(#33,#11562);
#49=CONTEXT_DEPENDENT_SHAPE_REPRESENTATION(#34,#11563);
#50=CONTEXT_DEPENDENT_SHAPE_REPRESENTATION(#35,#11564);
#51=CONTEXT_DEPENDENT_SHAPE_REPRESENTATION(#36,#11565);
#52=CONTEXT_DEPENDENT_SHAPE_REPRESENTATION(#37,#11566);
#53=CONTEXT_DEPENDENT_SHAPE_REPRESENTATION(#38,#11567);
#54=CONTEXT_DEPENDENT_SHAPE_REPRESENTATION(#39,#11568);
#55=CONTEXT_DEPENDENT_SHAPE_REPRESENTATION(#40,#11569);
#56=NEXT_ASSEMBLY_USAGE_OCCURRENCE('connection base to stepper:1',
'connection base to stepper:1','connection base to stepper:1',#11586,#11587,
'connection base to stepper:1');
#57=NEXT_ASSEMBLY_USAGE_OCCURRENCE('servo bracket:1','servo bracket:1',
'servo bracket:1',#11586,#11588,'servo bracket:1');
#58=NEXT_ASSEMBLY_USAGE_OCCURRENCE('SERVO_SG90:1','SERVO_SG90:1',
'SERVO_SG90:1',#11586,#11589,'SERVO_SG90:1');
#59=NEXT_ASSEMBLY_USAGE_OCCURRENCE('right wall:1','right wall:1',
'right wall:1',#11591,#11592,'right wall:1');
#60=NEXT_ASSEMBLY_USAGE_OCCURRENCE('Card Floor:1','Card Floor:1',
'Card Floor:1',#11591,#11593,'Card Floor:1');
#61=NEXT_ASSEMBLY_USAGE_OCCURRENCE('Left wall:1','Left wall:1',
'Left wall:1',#11591,#11594,'Left wall:1');
#62=NEXT_ASSEMBLY_USAGE_OCCURRENCE('Back wall:1','Back wall:1',
'Back wall:1',#11591,#11595,'Back wall:1');
#63=NEXT_ASSEMBLY_USAGE_OCCURRENCE('Front wall:1','Front wall:1',
'Front wall:1',#11591,#11596,'Front wall:1');
#64=NEXT_ASSEMBLY_USAGE_OCCURRENCE('Nema_14_PHB35Y20-404AD:1',
'Nema_14_PHB35Y20-404AD:1','Nema_14_PHB35Y20-404AD:1',#11584,#11585,
'Nema_14_PHB35Y20-404AD:1');
#65=NEXT_ASSEMBLY_USAGE_OCCURRENCE('bottom half assembly:1',
'bottom half assembly:1','bottom half assembly:1',#11584,#11586,
'bottom half assembly:1');
#66=NEXT_ASSEMBLY_USAGE_OCCURRENCE('dowel:1','dowel:1','dowel:1',#11584,
#11590,'dowel:1');
#67=NEXT_ASSEMBLY_USAGE_OCCURRENCE('dowel:2','dowel:2','dowel:2',#11584,
#11590,'dowel:2');
#68=NEXT_ASSEMBLY_USAGE_OCCURRENCE('dowel:3','dowel:3','dowel:3',#11584,
#11590,'dowel:3');
#69=NEXT_ASSEMBLY_USAGE_OCCURRENCE('dowel:4','dowel:4','dowel:4',#11584,
#11590,'dowel:4');
#70=NEXT_ASSEMBLY_USAGE_OCCURRENCE('Card deck assembly:1',
'Card deck assembly:1','Card deck assembly:1',#11584,#11591,
'Card deck assembly:1');
#71=SHAPE_REPRESENTATION_RELATIONSHIP('SRR','None',#11571,#81);
#72=SHAPE_REPRESENTATION_RELATIONSHIP('SRR','None',#11573,#82);
#73=SHAPE_REPRESENTATION_RELATIONSHIP('SRR','None',#11574,#83);
#74=SHAPE_REPRESENTATION_RELATIONSHIP('SRR','None',#11575,#84);
#75=SHAPE_REPRESENTATION_RELATIONSHIP('SRR','None',#11576,#85);
#76=SHAPE_REPRESENTATION_RELATIONSHIP('SRR','None',#11578,#86);
#77=SHAPE_REPRESENTATION_RELATIONSHIP('SRR','None',#11579,#87);
#78=SHAPE_REPRESENTATION_RELATIONSHIP('SRR','None',#11580,#88);
#79=SHAPE_REPRESENTATION_RELATIONSHIP('SRR','None',#11581,#89);
#80=SHAPE_REPRESENTATION_RELATIONSHIP('SRR','None',#11582,#90);
#81=ADVANCED_BREP_SHAPE_REPRESENTATION('',(#91),#11512);
#82=ADVANCED_BREP_SHAPE_REPRESENTATION('',(#92),#11514);
#83=ADVANCED_BREP_SHAPE_REPRESENTATION('',(#93),#11515);
#84=ADVANCED_BREP_SHAPE_REPRESENTATION('',(#94,#95,#96,#97,#98),#11516);
#85=ADVANCED_BREP_SHAPE_REPRESENTATION('',(#99),#11517);
#86=ADVANCED_BREP_SHAPE_REPRESENTATION('',(#100),#11519);
#87=ADVANCED_BREP_SHAPE_REPRESENTATION('',(#101),#11520);
#88=ADVANCED_BREP_SHAPE_REPRESENTATION('',(#102),#11521);
#89=ADVANCED_BREP_SHAPE_REPRESENTATION('',(#103),#11522);
#90=ADVANCED_BREP_SHAPE_REPRESENTATION('',(#104),#11523);
#91=MANIFOLD_SOLID_BREP('Body1',#6763);
#92=MANIFOLD_SOLID_BREP('Body1',#6764);
#93=MANIFOLD_SOLID_BREP('Body1',#6765);
#94=MANIFOLD_SOLID_BREP('Body1',#6766);
#95=MANIFOLD_SOLID_BREP('Body2',#6767);
#96=MANIFOLD_SOLID_BREP('Body3',#6768);
#97=MANIFOLD_SOLID_BREP('Body4',#6769);
#98=MANIFOLD_SOLID_BREP('Body5',#6770);
#99=MANIFOLD_SOLID_BREP('Body1',#6771);
#100=MANIFOLD_SOLID_BREP('Body2',#6772);
#101=MANIFOLD_SOLID_BREP('Body1',#6773);
#102=MANIFOLD_SOLID_BREP('Body3',#6774);
#103=MANIFOLD_SOLID_BREP('Body1',#6775);
#104=MANIFOLD_SOLID_BREP('Body1',#6776);
#105=FACE_BOUND('',#783,.T.);
#106=FACE_BOUND('',#790,.T.);
#107=FACE_BOUND('',#794,.T.);
#108=FACE_BOUND('',#795,.T.);
#109=FACE_BOUND('',#796,.T.);
#110=FACE_BOUND('',#797,.T.);
#111=FACE_BOUND('',#798,.T.);
#112=FACE_BOUND('',#805,.T.);
#113=FACE_BOUND('',#842,.T.);
#114=FACE_BOUND('',#843,.T.);
#115=FACE_BOUND('',#845,.T.);
#116=FACE_BOUND('',#846,.T.);
#117=FACE_BOUND('',#850,.T.);
#118=FACE_BOUND('',#855,.T.);
#119=FACE_BOUND('',#860,.T.);
#120=FACE_BOUND('',#865,.T.);
#121=FACE_BOUND('',#877,.T.);
#122=FACE_BOUND('',#882,.T.);
#123=FACE_BOUND('',#884,.T.);
#124=FACE_BOUND('',#886,.T.);
#125=FACE_BOUND('',#892,.T.);
#126=FACE_BOUND('',#895,.T.);
#127=FACE_BOUND('',#897,.T.);
#128=FACE_BOUND('',#898,.T.);
#129=FACE_BOUND('',#899,.T.);
#130=FACE_BOUND('',#910,.T.);
#131=FACE_BOUND('',#922,.T.);
#132=FACE_BOUND('',#930,.T.);
#133=FACE_BOUND('',#933,.T.);
#134=FACE_BOUND('',#934,.T.);
#135=FACE_BOUND('',#939,.T.);
#136=FACE_BOUND('',#940,.T.);
#137=FACE_BOUND('',#1039,.T.);
#138=FACE_BOUND('',#1081,.T.);
#139=FACE_BOUND('',#1109,.T.);
#140=FACE_BOUND('',#1124,.T.);
#141=FACE_BOUND('',#1126,.T.);
#142=FACE_BOUND('',#1127,.T.);
#143=FACE_BOUND('',#1128,.T.);
#144=FACE_BOUND('',#1129,.T.);
#145=FACE_BOUND('',#1133,.T.);
#146=FACE_BOUND('',#1138,.T.);
#147=FACE_BOUND('',#1143,.T.);
#148=FACE_BOUND('',#1171,.T.);
#149=STYLED_ITEM('',(#11641),#6398);
#150=STYLED_ITEM('',(#11641),#6399);
#151=STYLED_ITEM('',(#11641),#6401);
#152=STYLED_ITEM('',(#11641),#6402);
#153=STYLED_ITEM('',(#11641),#6403);
#154=STYLED_ITEM('',(#11641),#6404);
#155=STYLED_ITEM('',(#11641),#6407);
#156=STYLED_ITEM('',(#11641),#6408);
#157=STYLED_ITEM('',(#11641),#6414);
#158=STYLED_ITEM('',(#11641),#6416);
#159=STYLED_ITEM('',(#11641),#6417);
#160=STYLED_ITEM('',(#11641),#6418);
#161=STYLED_ITEM('',(#11641),#6419);
#162=STYLED_ITEM('',(#11641),#6420);
#163=STYLED_ITEM('',(#11641),#6421);
#164=STYLED_ITEM('',(#11641),#6426);
#165=STYLED_ITEM('',(#11641),#6427);
#166=STYLED_ITEM('',(#11640),#91);
#167=STYLED_ITEM('',(#11639),#92);
#168=STYLED_ITEM('',(#11639),#93);
#169=STYLED_ITEM('',(#11642),#94);
#170=STYLED_ITEM('',(#11643),#6584);
#171=STYLED_ITEM('',(#11643),#6585);
#172=STYLED_ITEM('',(#11643),#6586);
#173=STYLED_ITEM('',(#11643),#6587);
#174=STYLED_ITEM('',(#11643),#6588);
#175=STYLED_ITEM('',(#11643),#6589);
#176=STYLED_ITEM('',(#11643),#6590);
#177=STYLED_ITEM('',(#11643),#6591);
#178=STYLED_ITEM('',(#11643),#6592);
#179=STYLED_ITEM('',(#11643),#6593);
#180=STYLED_ITEM('',(#11643),#6594);
#181=STYLED_ITEM('',(#11643),#6595);
#182=STYLED_ITEM('',(#11643),#6596);
#183=STYLED_ITEM('',(#11643),#6597);
#184=STYLED_ITEM('',(#11643),#6598);
#185=STYLED_ITEM('',(#11643),#6599);
#186=STYLED_ITEM('',(#11643),#6600);
#187=STYLED_ITEM('',(#11643),#6601);
#188=STYLED_ITEM('',(#11643),#6602);
#189=STYLED_ITEM('',(#11643),#6603);
#190=STYLED_ITEM('',(#11643),#6604);
#191=STYLED_ITEM('',(#11643),#6605);
#192=STYLED_ITEM('',(#11643),#6606);
#193=STYLED_ITEM('',(#11643),#6607);
#194=STYLED_ITEM('',(#11643),#6608);
#195=STYLED_ITEM('',(#11643),#6609);
#196=STYLED_ITEM('',(#11643),#6610);
#197=STYLED_ITEM('',(#11643),#6611);
#198=STYLED_ITEM('',(#11643),#6612);
#199=STYLED_ITEM('',(#11643),#6613);
#200=STYLED_ITEM('',(#11643),#6614);
#201=STYLED_ITEM('',(#11643),#6615);
#202=STYLED_ITEM('',(#11643),#6616);
#203=STYLED_ITEM('',(#11643),#6617);
#204=STYLED_ITEM('',(#11643),#6618);
#205=STYLED_ITEM('',(#11643),#6619);
#206=STYLED_ITEM('',(#11643),#6620);
#207=STYLED_ITEM('',(#11643),#6621);
#208=STYLED_ITEM('',(#11643),#6622);
#209=STYLED_ITEM('',(#11643),#6623);
#210=STYLED_ITEM('',(#11644),#6624);
#211=STYLED_ITEM('',(#11644),#6625);
#212=STYLED_ITEM('',(#11644),#6626);
#213=STYLED_ITEM('',(#11644),#6627);
#214=STYLED_ITEM('',(#11644),#6628);
#215=STYLED_ITEM('',(#11644),#6629);
#216=STYLED_ITEM('',(#11644),#6630);
#217=STYLED_ITEM('',(#11644),#6631);
#218=STYLED_ITEM('',(#11644),#6632);
#219=STYLED_ITEM('',(#11644),#6633);
#220=STYLED_ITEM('',(#11644),#6634);
#221=STYLED_ITEM('',(#11644),#6635);
#222=STYLED_ITEM('',(#11644),#6636);
#223=STYLED_ITEM('',(#11644),#6637);
#224=STYLED_ITEM('',(#11644),#6638);
#225=STYLED_ITEM('',(#11644),#6639);
#226=STYLED_ITEM('',(#11644),#6640);
#227=STYLED_ITEM('',(#11644),#6641);
#228=STYLED_ITEM('',(#11644),#6642);
#229=STYLED_ITEM('',(#11644),#6643);
#230=STYLED_ITEM('',(#11644),#6644);
#231=STYLED_ITEM('',(#11644),#6645);
#232=STYLED_ITEM('',(#11644),#6646);
#233=STYLED_ITEM('',(#11644),#6647);
#234=STYLED_ITEM('',(#11644),#6648);
#235=STYLED_ITEM('',(#11644),#6649);
#236=STYLED_ITEM('',(#11644),#6650);
#237=STYLED_ITEM('',(#11644),#6651);
#238=STYLED_ITEM('',(#11644),#6652);
#239=STYLED_ITEM('',(#11644),#6653);
#240=STYLED_ITEM('',(#11644),#6654);
#241=STYLED_ITEM('',(#11644),#6655);
#242=STYLED_ITEM('',(#11644),#6656);
#243=STYLED_ITEM('',(#11644),#6657);
#244=STYLED_ITEM('',(#11644),#6658);
#245=STYLED_ITEM('',(#11644),#6659);
#246=STYLED_ITEM('',(#11644),#6660);
#247=STYLED_ITEM('',(#11644),#6661);
#248=STYLED_ITEM('',(#11644),#6662);
#249=STYLED_ITEM('',(#11644),#6663);
#250=STYLED_ITEM('',(#11644),#6664);
#251=STYLED_ITEM('',(#11644),#6665);
#252=STYLED_ITEM('',(#11644),#6666);
#253=STYLED_ITEM('',(#11642),#95);
#254=STYLED_ITEM('',(#11645),#6667);
#255=STYLED_ITEM('',(#11645),#6668);
#256=STYLED_ITEM('',(#11645),#6669);
#257=STYLED_ITEM('',(#11642),#96);
#258=STYLED_ITEM('',(#11646),#6670);
#259=STYLED_ITEM('',(#11646),#6671);
#260=STYLED_ITEM('',(#11646),#6672);
#261=STYLED_ITEM('',(#11642),#97);
#262=STYLED_ITEM('',(#11647),#6673);
#263=STYLED_ITEM('',(#11647),#6674);
#264=STYLED_ITEM('',(#11647),#6675);
#265=STYLED_ITEM('',(#11642),#98);
#266=STYLED_ITEM('',(#11648),#99);
#267=STYLED_ITEM('',(#11639),#100);
#268=STYLED_ITEM('',(#11639),#101);
#269=STYLED_ITEM('',(#11639),#102);
#270=STYLED_ITEM('',(#11639),#103);
#271=STYLED_ITEM('',(#11639),#104);
#272=CYLINDRICAL_SURFACE('',#6893,2.5);
#273=CYLINDRICAL_SURFACE('',#6906,14.0000002086163);
#274=CYLINDRICAL_SURFACE('',#6917,6.);
#275=CYLINDRICAL_SURFACE('',#6920,6.);
#276=CYLINDRICAL_SURFACE('',#6943,6.);
#277=CYLINDRICAL_SURFACE('',#6945,6.);
#278=CYLINDRICAL_SURFACE('',#6947,1.5);
#279=CYLINDRICAL_SURFACE('',#6948,1.5);
#280=CYLINDRICAL_SURFACE('',#6949,1.5);
#281=CYLINDRICAL_SURFACE('',#6950,1.5);
#282=CYLINDRICAL_SURFACE('',#6974,3.175);
#283=CYLINDRICAL_SURFACE('',#6977,5.575);
#284=CYLINDRICAL_SURFACE('',#6981,3.175);
#285=CYLINDRICAL_SURFACE('',#6984,5.575);
#286=CYLINDRICAL_SURFACE('',#6988,3.175);
#287=CYLINDRICAL_SURFACE('',#6991,5.575);
#288=CYLINDRICAL_SURFACE('',#6995,3.175);
#289=CYLINDRICAL_SURFACE('',#6998,5.57499999999999);
#290=CYLINDRICAL_SURFACE('',#7004,1.5);
#291=CYLINDRICAL_SURFACE('',#7015,5.);
#292=CYLINDRICAL_SURFACE('',#7023,2.6);
#293=CYLINDRICAL_SURFACE('',#7049,1.5);
#294=CYLINDRICAL_SURFACE('',#7051,1.5);
#295=CYLINDRICAL_SURFACE('',#7076,1.1);
#296=CYLINDRICAL_SURFACE('',#7077,1.1);
#297=CYLINDRICAL_SURFACE('',#7091,1.);
#298=CYLINDRICAL_SURFACE('',#7094,1.);
#299=CYLINDRICAL_SURFACE('',#7098,1.);
#300=CYLINDRICAL_SURFACE('',#7102,1.);
#301=CYLINDRICAL_SURFACE('',#7108,1.);
#302=CYLINDRICAL_SURFACE('',#7111,1.);
#303=CYLINDRICAL_SURFACE('',#7115,1.);
#304=CYLINDRICAL_SURFACE('',#7120,1.);
#305=CYLINDRICAL_SURFACE('',#7123,1.);
#306=CYLINDRICAL_SURFACE('',#7126,1.);
#307=CYLINDRICAL_SURFACE('',#7131,2.5);
#308=CYLINDRICAL_SURFACE('',#7134,6.);
#309=CYLINDRICAL_SURFACE('',#7142,0.5);
#310=CYLINDRICAL_SURFACE('',#7149,0.5);
#311=CYLINDRICAL_SURFACE('',#7153,1.25);
#312=CYLINDRICAL_SURFACE('',#7157,0.5);
#313=CYLINDRICAL_SURFACE('',#7164,0.5);
#314=CYLINDRICAL_SURFACE('',#7170,1.25);
#315=CYLINDRICAL_SURFACE('',#7172,0.5);
#316=CYLINDRICAL_SURFACE('',#7175,0.1);
#317=CYLINDRICAL_SURFACE('',#7178,0.1);
#318=CYLINDRICAL_SURFACE('',#7181,0.1);
#319=CYLINDRICAL_SURFACE('',#7184,0.1);
#320=CYLINDRICAL_SURFACE('',#7187,0.1);
#321=CYLINDRICAL_SURFACE('',#7190,0.1);
#322=CYLINDRICAL_SURFACE('',#7193,0.1);
#323=CYLINDRICAL_SURFACE('',#7196,0.1);
#324=CYLINDRICAL_SURFACE('',#7199,0.1);
#325=CYLINDRICAL_SURFACE('',#7202,0.1);
#326=CYLINDRICAL_SURFACE('',#7205,0.1);
#327=CYLINDRICAL_SURFACE('',#7208,0.1);
#328=CYLINDRICAL_SURFACE('',#7211,0.1);
#329=CYLINDRICAL_SURFACE('',#7214,0.1);
#330=CYLINDRICAL_SURFACE('',#7217,0.1);
#331=CYLINDRICAL_SURFACE('',#7220,0.1);
#332=CYLINDRICAL_SURFACE('',#7223,0.1);
#333=CYLINDRICAL_SURFACE('',#7226,0.1);
#334=CYLINDRICAL_SURFACE('',#7229,0.1);
#335=CYLINDRICAL_SURFACE('',#7232,0.1);
#336=CYLINDRICAL_SURFACE('',#7235,0.1);
#337=CYLINDRICAL_SURFACE('',#7238,0.1);
#338=CYLINDRICAL_SURFACE('',#7241,0.1);
#339=CYLINDRICAL_SURFACE('',#7244,0.1);
#340=CYLINDRICAL_SURFACE('',#7247,0.1);
#341=CYLINDRICAL_SURFACE('',#7250,0.1);
#342=CYLINDRICAL_SURFACE('',#7253,0.1);
#343=CYLINDRICAL_SURFACE('',#7256,0.1);
#344=CYLINDRICAL_SURFACE('',#7259,0.1);
#345=CYLINDRICAL_SURFACE('',#7262,0.1);
#346=CYLINDRICAL_SURFACE('',#7265,0.1);
#347=CYLINDRICAL_SURFACE('',#7268,0.1);
#348=CYLINDRICAL_SURFACE('',#7271,0.1);
#349=CYLINDRICAL_SURFACE('',#7274,0.1);
#350=CYLINDRICAL_SURFACE('',#7277,0.1);
#351=CYLINDRICAL_SURFACE('',#7280,0.1);
#352=CYLINDRICAL_SURFACE('',#7283,0.1);
#353=CYLINDRICAL_SURFACE('',#7286,0.1);
#354=CYLINDRICAL_SURFACE('',#7289,0.1);
#355=CYLINDRICAL_SURFACE('',#7334,2.5);
#356=CYLINDRICAL_SURFACE('',#7336,2.5);
#357=CYLINDRICAL_SURFACE('',#7338,2.5);
#358=CYLINDRICAL_SURFACE('',#7340,2.5);
#359=CYLINDRICAL_SURFACE('',#7342,2.5);
#360=CYLINDRICAL_SURFACE('',#7344,2.5);
#361=CYLINDRICAL_SURFACE('',#7346,2.5);
#362=CYLINDRICAL_SURFACE('',#7348,2.5);
#363=CYLINDRICAL_SURFACE('',#7350,2.5);
#364=CYLINDRICAL_SURFACE('',#7352,2.5);
#365=CYLINDRICAL_SURFACE('',#7354,2.5);
#366=CYLINDRICAL_SURFACE('',#7356,2.5);
#367=CYLINDRICAL_SURFACE('',#7358,2.5);
#368=CYLINDRICAL_SURFACE('',#7360,2.5);
#369=CYLINDRICAL_SURFACE('',#7362,2.5);
#370=CYLINDRICAL_SURFACE('',#7364,2.5);
#371=CYLINDRICAL_SURFACE('',#7366,2.5);
#372=CYLINDRICAL_SURFACE('',#7368,2.5);
#373=CYLINDRICAL_SURFACE('',#7370,2.5);
#374=CYLINDRICAL_SURFACE('',#7372,2.5);
#375=CYLINDRICAL_SURFACE('',#7374,2.5);
#376=CYLINDRICAL_SURFACE('',#7376,2.5);
#377=CYLINDRICAL_SURFACE('',#7378,2.5);
#378=CYLINDRICAL_SURFACE('',#7380,2.5);
#379=CYLINDRICAL_SURFACE('',#7382,2.5);
#380=CYLINDRICAL_SURFACE('',#7384,2.5);
#381=CYLINDRICAL_SURFACE('',#7386,2.5);
#382=CYLINDRICAL_SURFACE('',#7388,2.5);
#383=CYLINDRICAL_SURFACE('',#7390,2.5);
#384=CYLINDRICAL_SURFACE('',#7392,2.5);
#385=CYLINDRICAL_SURFACE('',#7394,2.5);
#386=CYLINDRICAL_SURFACE('',#7396,2.5);
#387=CYLINDRICAL_SURFACE('',#7398,2.5);
#388=CYLINDRICAL_SURFACE('',#7400,2.5);
#389=CYLINDRICAL_SURFACE('',#7402,2.5);
#390=CYLINDRICAL_SURFACE('',#7404,2.5);
#391=CYLINDRICAL_SURFACE('',#7406,2.5);
#392=CYLINDRICAL_SURFACE('',#7408,2.5);
#393=CYLINDRICAL_SURFACE('',#7410,2.5);
#394=CYLINDRICAL_SURFACE('',#7412,0.1);
#395=CYLINDRICAL_SURFACE('',#7416,2.5);
#396=CYLINDRICAL_SURFACE('',#7417,0.6);
#397=CYLINDRICAL_SURFACE('',#7422,0.6);
#398=CYLINDRICAL_SURFACE('',#7427,0.6);
#399=CYLINDRICAL_SURFACE('',#7436,3.175);
#400=CYLINDRICAL_SURFACE('',#7469,3.175);
#401=CYLINDRICAL_SURFACE('',#7472,5.575);
#402=CYLINDRICAL_SURFACE('',#7480,3.175);
#403=CYLINDRICAL_SURFACE('',#7483,5.575);
#404=CYLINDRICAL_SURFACE('',#7487,3.175);
#405=CYLINDRICAL_SURFACE('',#7490,5.575);
#406=CYLINDRICAL_SURFACE('',#7494,3.175);
#407=CYLINDRICAL_SURFACE('',#7497,5.575);
#408=CYLINDRICAL_SURFACE('',#7541,2.4);
#409=FACE_OUTER_BOUND('',#777,.T.);
#410=FACE_OUTER_BOUND('',#778,.T.);
#411=FACE_OUTER_BOUND('',#779,.T.);
#412=FACE_OUTER_BOUND('',#780,.T.);
#413=FACE_OUTER_BOUND('',#781,.T.);
#414=FACE_OUTER_BOUND('',#782,.T.);
#415=FACE_OUTER_BOUND('',#784,.T.);
#416=FACE_OUTER_BOUND('',#785,.T.);
#417=FACE_OUTER_BOUND('',#786,.T.);
#418=FACE_OUTER_BOUND('',#787,.T.);
#419=FACE_OUTER_BOUND('',#788,.T.);
#420=FACE_OUTER_BOUND('',#789,.T.);
#421=FACE_OUTER_BOUND('',#791,.T.);
#422=FACE_OUTER_BOUND('',#792,.T.);
#423=FACE_OUTER_BOUND('',#793,.T.);
#424=FACE_OUTER_BOUND('',#799,.T.);
#425=FACE_OUTER_BOUND('',#800,.T.);
#426=FACE_OUTER_BOUND('',#801,.T.);
#427=FACE_OUTER_BOUND('',#802,.T.);
#428=FACE_OUTER_BOUND('',#803,.T.);
#429=FACE_OUTER_BOUND('',#804,.T.);
#430=FACE_OUTER_BOUND('',#806,.T.);
#431=FACE_OUTER_BOUND('',#807,.T.);
#432=FACE_OUTER_BOUND('',#808,.T.);
#433=FACE_OUTER_BOUND('',#809,.T.);
#434=FACE_OUTER_BOUND('',#810,.T.);
#435=FACE_OUTER_BOUND('',#811,.T.);
#436=FACE_OUTER_BOUND('',#812,.T.);
#437=FACE_OUTER_BOUND('',#813,.T.);
#438=FACE_OUTER_BOUND('',#814,.T.);
#439=FACE_OUTER_BOUND('',#815,.T.);
#440=FACE_OUTER_BOUND('',#816,.T.);
#441=FACE_OUTER_BOUND('',#817,.T.);
#442=FACE_OUTER_BOUND('',#818,.T.);
#443=FACE_OUTER_BOUND('',#819,.T.);
#444=FACE_OUTER_BOUND('',#820,.T.);
#445=FACE_OUTER_BOUND('',#821,.T.);
#446=FACE_OUTER_BOUND('',#822,.T.);
#447=FACE_OUTER_BOUND('',#823,.T.);
#448=FACE_OUTER_BOUND('',#824,.T.);
#449=FACE_OUTER_BOUND('',#825,.T.);
#450=FACE_OUTER_BOUND('',#826,.T.);
#451=FACE_OUTER_BOUND('',#827,.T.);
#452=FACE_OUTER_BOUND('',#828,.T.);
#453=FACE_OUTER_BOUND('',#829,.T.);
#454=FACE_OUTER_BOUND('',#830,.T.);
#455=FACE_OUTER_BOUND('',#831,.T.);
#456=FACE_OUTER_BOUND('',#832,.T.);
#457=FACE_OUTER_BOUND('',#833,.T.);
#458=FACE_OUTER_BOUND('',#834,.T.);
#459=FACE_OUTER_BOUND('',#835,.T.);
#460=FACE_OUTER_BOUND('',#836,.T.);
#461=FACE_OUTER_BOUND('',#837,.T.);
#462=FACE_OUTER_BOUND('',#838,.T.);
#463=FACE_OUTER_BOUND('',#839,.T.);
#464=FACE_OUTER_BOUND('',#840,.T.);
#465=FACE_OUTER_BOUND('',#841,.T.);
#466=FACE_OUTER_BOUND('',#844,.T.);
#467=FACE_OUTER_BOUND('',#847,.T.);
#468=FACE_OUTER_BOUND('',#848,.T.);
#469=FACE_OUTER_BOUND('',#849,.T.);
#470=FACE_OUTER_BOUND('',#851,.T.);
#471=FACE_OUTER_BOUND('',#852,.T.);
#472=FACE_OUTER_BOUND('',#853,.T.);
#473=FACE_OUTER_BOUND('',#854,.T.);
#474=FACE_OUTER_BOUND('',#856,.T.);
#475=FACE_OUTER_BOUND('',#857,.T.);
#476=FACE_OUTER_BOUND('',#858,.T.);
#477=FACE_OUTER_BOUND('',#859,.T.);
#478=FACE_OUTER_BOUND('',#861,.T.);
#479=FACE_OUTER_BOUND('',#862,.T.);
#480=FACE_OUTER_BOUND('',#863,.T.);
#481=FACE_OUTER_BOUND('',#864,.T.);
#482=FACE_OUTER_BOUND('',#866,.T.);
#483=FACE_OUTER_BOUND('',#867,.T.);
#484=FACE_OUTER_BOUND('',#868,.T.);
#485=FACE_OUTER_BOUND('',#869,.T.);
#486=FACE_OUTER_BOUND('',#870,.T.);
#487=FACE_OUTER_BOUND('',#871,.T.);
#488=FACE_OUTER_BOUND('',#872,.T.);
#489=FACE_OUTER_BOUND('',#873,.T.);
#490=FACE_OUTER_BOUND('',#874,.T.);
#491=FACE_OUTER_BOUND('',#875,.T.);
#492=FACE_OUTER_BOUND('',#876,.T.);
#493=FACE_OUTER_BOUND('',#878,.T.);
#494=FACE_OUTER_BOUND('',#879,.T.);
#495=FACE_OUTER_BOUND('',#880,.T.);
#496=FACE_OUTER_BOUND('',#881,.T.);
#497=FACE_OUTER_BOUND('',#883,.T.);
#498=FACE_OUTER_BOUND('',#885,.T.);
#499=FACE_OUTER_BOUND('',#887,.T.);
#500=FACE_OUTER_BOUND('',#888,.T.);
#501=FACE_OUTER_BOUND('',#889,.T.);
#502=FACE_OUTER_BOUND('',#890,.T.);
#503=FACE_OUTER_BOUND('',#891,.T.);
#504=FACE_OUTER_BOUND('',#893,.T.);
#505=FACE_OUTER_BOUND('',#894,.T.);
#506=FACE_OUTER_BOUND('',#896,.T.);
#507=FACE_OUTER_BOUND('',#900,.T.);
#508=FACE_OUTER_BOUND('',#901,.T.);
#509=FACE_OUTER_BOUND('',#902,.T.);
#510=FACE_OUTER_BOUND('',#903,.T.);
#511=FACE_OUTER_BOUND('',#904,.T.);
#512=FACE_OUTER_BOUND('',#905,.T.);
#513=FACE_OUTER_BOUND('',#906,.T.);
#514=FACE_OUTER_BOUND('',#907,.T.);
#515=FACE_OUTER_BOUND('',#908,.T.);
#516=FACE_OUTER_BOUND('',#909,.T.);
#517=FACE_OUTER_BOUND('',#911,.T.);
#518=FACE_OUTER_BOUND('',#912,.T.);
#519=FACE_OUTER_BOUND('',#913,.T.);
#520=FACE_OUTER_BOUND('',#914,.T.);
#521=FACE_OUTER_BOUND('',#915,.T.);
#522=FACE_OUTER_BOUND('',#916,.T.);
#523=FACE_OUTER_BOUND('',#917,.T.);
#524=FACE_OUTER_BOUND('',#918,.T.);
#525=FACE_OUTER_BOUND('',#919,.T.);
#526=FACE_OUTER_BOUND('',#920,.T.);
#527=FACE_OUTER_BOUND('',#921,.T.);
#528=FACE_OUTER_BOUND('',#923,.T.);
#529=FACE_OUTER_BOUND('',#924,.T.);
#530=FACE_OUTER_BOUND('',#925,.T.);
#531=FACE_OUTER_BOUND('',#926,.T.);
#532=FACE_OUTER_BOUND('',#927,.T.);
#533=FACE_OUTER_BOUND('',#928,.T.);
#534=FACE_OUTER_BOUND('',#929,.T.);
#535=FACE_OUTER_BOUND('',#931,.T.);
#536=FACE_OUTER_BOUND('',#932,.T.);
#537=FACE_OUTER_BOUND('',#935,.T.);
#538=FACE_OUTER_BOUND('',#936,.T.);
#539=FACE_OUTER_BOUND('',#937,.T.);
#540=FACE_OUTER_BOUND('',#938,.T.);
#541=FACE_OUTER_BOUND('',#941,.T.);
#542=FACE_OUTER_BOUND('',#942,.T.);
#543=FACE_OUTER_BOUND('',#943,.T.);
#544=FACE_OUTER_BOUND('',#944,.T.);
#545=FACE_OUTER_BOUND('',#945,.T.);
#546=FACE_OUTER_BOUND('',#946,.T.);
#547=FACE_OUTER_BOUND('',#947,.T.);
#548=FACE_OUTER_BOUND('',#948,.T.);
#549=FACE_OUTER_BOUND('',#949,.T.);
#550=FACE_OUTER_BOUND('',#950,.T.);
#551=FACE_OUTER_BOUND('',#951,.T.);
#552=FACE_OUTER_BOUND('',#952,.T.);
#553=FACE_OUTER_BOUND('',#953,.T.);
#554=FACE_OUTER_BOUND('',#954,.T.);
#555=FACE_OUTER_BOUND('',#955,.T.);
#556=FACE_OUTER_BOUND('',#956,.T.);
#557=FACE_OUTER_BOUND('',#957,.T.);
#558=FACE_OUTER_BOUND('',#958,.T.);
#559=FACE_OUTER_BOUND('',#959,.T.);
#560=FACE_OUTER_BOUND('',#960,.T.);
#561=FACE_OUTER_BOUND('',#961,.T.);
#562=FACE_OUTER_BOUND('',#962,.T.);
#563=FACE_OUTER_BOUND('',#963,.T.);
#564=FACE_OUTER_BOUND('',#964,.T.);
#565=FACE_OUTER_BOUND('',#965,.T.);
#566=FACE_OUTER_BOUND('',#966,.T.);
#567=FACE_OUTER_BOUND('',#967,.T.);
#568=FACE_OUTER_BOUND('',#968,.T.);
#569=FACE_OUTER_BOUND('',#969,.T.);
#570=FACE_OUTER_BOUND('',#970,.T.);
#571=FACE_OUTER_BOUND('',#971,.T.);
#572=FACE_OUTER_BOUND('',#972,.T.);
#573=FACE_OUTER_BOUND('',#973,.T.);
#574=FACE_OUTER_BOUND('',#974,.T.);
#575=FACE_OUTER_BOUND('',#975,.T.);
#576=FACE_OUTER_BOUND('',#976,.T.);
#577=FACE_OUTER_BOUND('',#977,.T.);
#578=FACE_OUTER_BOUND('',#978,.T.);
#579=FACE_OUTER_BOUND('',#979,.T.);
#580=FACE_OUTER_BOUND('',#980,.T.);
#581=FACE_OUTER_BOUND('',#981,.T.);
#582=FACE_OUTER_BOUND('',#982,.T.);
#583=FACE_OUTER_BOUND('',#983,.T.);
#584=FACE_OUTER_BOUND('',#984,.T.);
#585=FACE_OUTER_BOUND('',#985,.T.);
#586=FACE_OUTER_BOUND('',#986,.T.);
#587=FACE_OUTER_BOUND('',#987,.T.);
#588=FACE_OUTER_BOUND('',#988,.T.);
#589=FACE_OUTER_BOUND('',#989,.T.);
#590=FACE_OUTER_BOUND('',#990,.T.);
#591=FACE_OUTER_BOUND('',#991,.T.);
#592=FACE_OUTER_BOUND('',#992,.T.);
#593=FACE_OUTER_BOUND('',#993,.T.);
#594=FACE_OUTER_BOUND('',#994,.T.);
#595=FACE_OUTER_BOUND('',#995,.T.);
#596=FACE_OUTER_BOUND('',#996,.T.);
#597=FACE_OUTER_BOUND('',#997,.T.);
#598=FACE_OUTER_BOUND('',#998,.T.);
#599=FACE_OUTER_BOUND('',#999,.T.);
#600=FACE_OUTER_BOUND('',#1000,.T.);
#601=FACE_OUTER_BOUND('',#1001,.T.);
#602=FACE_OUTER_BOUND('',#1002,.T.);
#603=FACE_OUTER_BOUND('',#1003,.T.);
#604=FACE_OUTER_BOUND('',#1004,.T.);
#605=FACE_OUTER_BOUND('',#1005,.T.);
#606=FACE_OUTER_BOUND('',#1006,.T.);
#607=FACE_OUTER_BOUND('',#1007,.T.);
#608=FACE_OUTER_BOUND('',#1008,.T.);
#609=FACE_OUTER_BOUND('',#1009,.T.);
#610=FACE_OUTER_BOUND('',#1010,.T.);
#611=FACE_OUTER_BOUND('',#1011,.T.);
#612=FACE_OUTER_BOUND('',#1012,.T.);
#613=FACE_OUTER_BOUND('',#1013,.T.);
#614=FACE_OUTER_BOUND('',#1014,.T.);
#615=FACE_OUTER_BOUND('',#1015,.T.);
#616=FACE_OUTER_BOUND('',#1016,.T.);
#617=FACE_OUTER_BOUND('',#1017,.T.);
#618=FACE_OUTER_BOUND('',#1018,.T.);
#619=FACE_OUTER_BOUND('',#1019,.T.);
#620=FACE_OUTER_BOUND('',#1020,.T.);
#621=FACE_OUTER_BOUND('',#1021,.T.);
#622=FACE_OUTER_BOUND('',#1022,.T.);
#623=FACE_OUTER_BOUND('',#1023,.T.);
#624=FACE_OUTER_BOUND('',#1024,.T.);
#625=FACE_OUTER_BOUND('',#1025,.T.);
#626=FACE_OUTER_BOUND('',#1026,.T.);
#627=FACE_OUTER_BOUND('',#1027,.T.);
#628=FACE_OUTER_BOUND('',#1028,.T.);
#629=FACE_OUTER_BOUND('',#1029,.T.);
#630=FACE_OUTER_BOUND('',#1030,.T.);
#631=FACE_OUTER_BOUND('',#1031,.T.);
#632=FACE_OUTER_BOUND('',#1032,.T.);
#633=FACE_OUTER_BOUND('',#1033,.T.);
#634=FACE_OUTER_BOUND('',#1034,.T.);
#635=FACE_OUTER_BOUND('',#1035,.T.);
#636=FACE_OUTER_BOUND('',#1036,.T.);
#637=FACE_OUTER_BOUND('',#1037,.T.);
#638=FACE_OUTER_BOUND('',#1038,.T.);
#639=FACE_OUTER_BOUND('',#1040,.T.);
#640=FACE_OUTER_BOUND('',#1041,.T.);
#641=FACE_OUTER_BOUND('',#1042,.T.);
#642=FACE_OUTER_BOUND('',#1043,.T.);
#643=FACE_OUTER_BOUND('',#1044,.T.);
#644=FACE_OUTER_BOUND('',#1045,.T.);
#645=FACE_OUTER_BOUND('',#1046,.T.);
#646=FACE_OUTER_BOUND('',#1047,.T.);
#647=FACE_OUTER_BOUND('',#1048,.T.);
#648=FACE_OUTER_BOUND('',#1049,.T.);
#649=FACE_OUTER_BOUND('',#1050,.T.);
#650=FACE_OUTER_BOUND('',#1051,.T.);
#651=FACE_OUTER_BOUND('',#1052,.T.);
#652=FACE_OUTER_BOUND('',#1053,.T.);
#653=FACE_OUTER_BOUND('',#1054,.T.);
#654=FACE_OUTER_BOUND('',#1055,.T.);
#655=FACE_OUTER_BOUND('',#1056,.T.);
#656=FACE_OUTER_BOUND('',#1057,.T.);
#657=FACE_OUTER_BOUND('',#1058,.T.);
#658=FACE_OUTER_BOUND('',#1059,.T.);
#659=FACE_OUTER_BOUND('',#1060,.T.);
#660=FACE_OUTER_BOUND('',#1061,.T.);
#661=FACE_OUTER_BOUND('',#1062,.T.);
#662=FACE_OUTER_BOUND('',#1063,.T.);
#663=FACE_OUTER_BOUND('',#1064,.T.);
#664=FACE_OUTER_BOUND('',#1065,.T.);
#665=FACE_OUTER_BOUND('',#1066,.T.);
#666=FACE_OUTER_BOUND('',#1067,.T.);
#667=FACE_OUTER_BOUND('',#1068,.T.);
#668=FACE_OUTER_BOUND('',#1069,.T.);
#669=FACE_OUTER_BOUND('',#1070,.T.);
#670=FACE_OUTER_BOUND('',#1071,.T.);
#671=FACE_OUTER_BOUND('',#1072,.T.);
#672=FACE_OUTER_BOUND('',#1073,.T.);
#673=FACE_OUTER_BOUND('',#1074,.T.);
#674=FACE_OUTER_BOUND('',#1075,.T.);
#675=FACE_OUTER_BOUND('',#1076,.T.);
#676=FACE_OUTER_BOUND('',#1077,.T.);
#677=FACE_OUTER_BOUND('',#1078,.T.);
#678=FACE_OUTER_BOUND('',#1079,.T.);
#679=FACE_OUTER_BOUND('',#1080,.T.);
#680=FACE_OUTER_BOUND('',#1082,.T.);
#681=FACE_OUTER_BOUND('',#1083,.T.);
#682=FACE_OUTER_BOUND('',#1084,.T.);
#683=FACE_OUTER_BOUND('',#1085,.T.);
#684=FACE_OUTER_BOUND('',#1086,.T.);
#685=FACE_OUTER_BOUND('',#1087,.T.);
#686=FACE_OUTER_BOUND('',#1088,.T.);
#687=FACE_OUTER_BOUND('',#1089,.T.);
#688=FACE_OUTER_BOUND('',#1090,.T.);
#689=FACE_OUTER_BOUND('',#1091,.T.);
#690=FACE_OUTER_BOUND('',#1092,.T.);
#691=FACE_OUTER_BOUND('',#1093,.T.);
#692=FACE_OUTER_BOUND('',#1094,.T.);
#693=FACE_OUTER_BOUND('',#1095,.T.);
#694=FACE_OUTER_BOUND('',#1096,.T.);
#695=FACE_OUTER_BOUND('',#1097,.T.);
#696=FACE_OUTER_BOUND('',#1098,.T.);
#697=FACE_OUTER_BOUND('',#1099,.T.);
#698=FACE_OUTER_BOUND('',#1100,.T.);
#699=FACE_OUTER_BOUND('',#1101,.T.);
#700=FACE_OUTER_BOUND('',#1102,.T.);
#701=FACE_OUTER_BOUND('',#1103,.T.);
#702=FACE_OUTER_BOUND('',#1104,.T.);
#703=FACE_OUTER_BOUND('',#1105,.T.);
#704=FACE_OUTER_BOUND('',#1106,.T.);
#705=FACE_OUTER_BOUND('',#1107,.T.);
#706=FACE_OUTER_BOUND('',#1108,.T.);
#707=FACE_OUTER_BOUND('',#1110,.T.);
#708=FACE_OUTER_BOUND('',#1111,.T.);
#709=FACE_OUTER_BOUND('',#1112,.T.);
#710=FACE_OUTER_BOUND('',#1113,.T.);
#711=FACE_OUTER_BOUND('',#1114,.T.);
#712=FACE_OUTER_BOUND('',#1115,.T.);
#713=FACE_OUTER_BOUND('',#1116,.T.);
#714=FACE_OUTER_BOUND('',#1117,.T.);
#715=FACE_OUTER_BOUND('',#1118,.T.);
#716=FACE_OUTER_BOUND('',#1119,.T.);
#717=FACE_OUTER_BOUND('',#1120,.T.);
#718=FACE_OUTER_BOUND('',#1121,.T.);
#719=FACE_OUTER_BOUND('',#1122,.T.);
#720=FACE_OUTER_BOUND('',#1123,.T.);
#721=FACE_OUTER_BOUND('',#1125,.T.);
#722=FACE_OUTER_BOUND('',#1130,.T.);
#723=FACE_OUTER_BOUND('',#1131,.T.);
#724=FACE_OUTER_BOUND('',#1132,.T.);
#725=FACE_OUTER_BOUND('',#1134,.T.);
#726=FACE_OUTER_BOUND('',#1135,.T.);
#727=FACE_OUTER_BOUND('',#1136,.T.);
#728=FACE_OUTER_BOUND('',#1137,.T.);
#729=FACE_OUTER_BOUND('',#1139,.T.);
#730=FACE_OUTER_BOUND('',#1140,.T.);
#731=FACE_OUTER_BOUND('',#1141,.T.);
#732=FACE_OUTER_BOUND('',#1142,.T.);
#733=FACE_OUTER_BOUND('',#1144,.T.);
#734=FACE_OUTER_BOUND('',#1145,.T.);
#735=FACE_OUTER_BOUND('',#1146,.T.);
#736=FACE_OUTER_BOUND('',#1147,.T.);
#737=FACE_OUTER_BOUND('',#1148,.T.);
#738=FACE_OUTER_BOUND('',#1149,.T.);
#739=FACE_OUTER_BOUND('',#1150,.T.);
#740=FACE_OUTER_BOUND('',#1151,.T.);
#741=FACE_OUTER_BOUND('',#1152,.T.);
#742=FACE_OUTER_BOUND('',#1153,.T.);
#743=FACE_OUTER_BOUND('',#1154,.T.);
#744=FACE_OUTER_BOUND('',#1155,.T.);
#745=FACE_OUTER_BOUND('',#1156,.T.);
#746=FACE_OUTER_BOUND('',#1157,.T.);
#747=FACE_OUTER_BOUND('',#1158,.T.);
#748=FACE_OUTER_BOUND('',#1159,.T.);
#749=FACE_OUTER_BOUND('',#1160,.T.);
#750=FACE_OUTER_BOUND('',#1161,.T.);
#751=FACE_OUTER_BOUND('',#1162,.T.);
#752=FACE_OUTER_BOUND('',#1163,.T.);
#753=FACE_OUTER_BOUND('',#1164,.T.);
#754=FACE_OUTER_BOUND('',#1165,.T.);
#755=FACE_OUTER_BOUND('',#1166,.T.);
#756=FACE_OUTER_BOUND('',#1167,.T.);
#757=FACE_OUTER_BOUND('',#1168,.T.);
#758=FACE_OUTER_BOUND('',#1169,.T.);
#759=FACE_OUTER_BOUND('',#1170,.T.);
#760=FACE_OUTER_BOUND('',#1172,.T.);
#761=FACE_OUTER_BOUND('',#1173,.T.);
#762=FACE_OUTER_BOUND('',#1174,.T.);
#763=FACE_OUTER_BOUND('',#1175,.T.);
#764=FACE_OUTER_BOUND('',#1176,.T.);
#765=FACE_OUTER_BOUND('',#1177,.T.);
#766=FACE_OUTER_BOUND('',#1178,.T.);
#767=FACE_OUTER_BOUND('',#1179,.T.);
#768=FACE_OUTER_BOUND('',#1180,.T.);
#769=FACE_OUTER_BOUND('',#1181,.T.);
#770=FACE_OUTER_BOUND('',#1182,.T.);
#771=FACE_OUTER_BOUND('',#1183,.T.);
#772=FACE_OUTER_BOUND('',#1184,.T.);
#773=FACE_OUTER_BOUND('',#1185,.T.);
#774=FACE_OUTER_BOUND('',#1186,.T.);
#775=FACE_OUTER_BOUND('',#1187,.T.);
#776=FACE_OUTER_BOUND('',#1188,.T.);
#777=EDGE_LOOP('',(#4310,#4311));
#778=EDGE_LOOP('',(#4312,#4313,#4314,#4315));
#779=EDGE_LOOP('',(#4316,#4317,#4318,#4319));
#780=EDGE_LOOP('',(#4320,#4321,#4322,#4323));
#781=EDGE_LOOP('',(#4324,#4325,#4326,#4327));
#782=EDGE_LOOP('',(#4328,#4329,#4330,#4331,#4332,#4333,#4334,#4335));
#783=EDGE_LOOP('',(#4336,#4337,#4338,#4339,#4340,#4341,#4342,#4343));
#784=EDGE_LOOP('',(#4344,#4345,#4346,#4347));
#785=EDGE_LOOP('',(#4348,#4349,#4350,#4351));
#786=EDGE_LOOP('',(#4352,#4353,#4354,#4355));
#787=EDGE_LOOP('',(#4356,#4357,#4358,#4359));
#788=EDGE_LOOP('',(#4360,#4361,#4362,#4363));
#789=EDGE_LOOP('',(#4364));
#790=EDGE_LOOP('',(#4365,#4366));
#791=EDGE_LOOP('',(#4367,#4368,#4369,#4370));
#792=EDGE_LOOP('',(#4371,#4372,#4373,#4374));
#793=EDGE_LOOP('',(#4375,#4376,#4377,#4378,#4379,#4380,#4381,#4382));
#794=EDGE_LOOP('',(#4383));
#795=EDGE_LOOP('',(#4384));
#796=EDGE_LOOP('',(#4385));
#797=EDGE_LOOP('',(#4386));
#798=EDGE_LOOP('',(#4387));
#799=EDGE_LOOP('',(#4388,#4389,#4390,#4391));
#800=EDGE_LOOP('',(#4392,#4393,#4394,#4395));
#801=EDGE_LOOP('',(#4396,#4397,#4398,#4399));
#802=EDGE_LOOP('',(#4400,#4401,#4402,#4403));
#803=EDGE_LOOP('',(#4404,#4405,#4406,#4407));
#804=EDGE_LOOP('',(#4408,#4409,#4410,#4411,#4412,#4413,#4414,#4415));
#805=EDGE_LOOP('',(#4416,#4417,#4418,#4419,#4420,#4421,#4422,#4423));
#806=EDGE_LOOP('',(#4424,#4425,#4426,#4427));
#807=EDGE_LOOP('',(#4428,#4429,#4430,#4431));
#808=EDGE_LOOP('',(#4432,#4433,#4434,#4435));
#809=EDGE_LOOP('',(#4436,#4437,#4438,#4439));
#810=EDGE_LOOP('',(#4440,#4441,#4442,#4443));
#811=EDGE_LOOP('',(#4444,#4445,#4446,#4447));
#812=EDGE_LOOP('',(#4448));
#813=EDGE_LOOP('',(#4449));
#814=EDGE_LOOP('',(#4450));
#815=EDGE_LOOP('',(#4451));
#816=EDGE_LOOP('',(#4452,#4453,#4454,#4455));
#817=EDGE_LOOP('',(#4456,#4457,#4458,#4459,#4460,#4461,#4462,#4463));
#818=EDGE_LOOP('',(#4464,#4465,#4466,#4467));
#819=EDGE_LOOP('',(#4468,#4469,#4470,#4471));
#820=EDGE_LOOP('',(#4472,#4473,#4474,#4475));
#821=EDGE_LOOP('',(#4476,#4477,#4478,#4479));
#822=EDGE_LOOP('',(#4480,#4481,#4482,#4483));
#823=EDGE_LOOP('',(#4484,#4485,#4486,#4487));
#824=EDGE_LOOP('',(#4488,#4489,#4490,#4491));
#825=EDGE_LOOP('',(#4492,#4493,#4494,#4495));
#826=EDGE_LOOP('',(#4496,#4497,#4498,#4499));
#827=EDGE_LOOP('',(#4500,#4501,#4502,#4503));
#828=EDGE_LOOP('',(#4504,#4505,#4506,#4507));
#829=EDGE_LOOP('',(#4508,#4509,#4510,#4511));
#830=EDGE_LOOP('',(#4512,#4513,#4514,#4515));
#831=EDGE_LOOP('',(#4516,#4517,#4518,#4519));
#832=EDGE_LOOP('',(#4520,#4521,#4522,#4523));
#833=EDGE_LOOP('',(#4524,#4525,#4526,#4527));
#834=EDGE_LOOP('',(#4528,#4529,#4530,#4531));
#835=EDGE_LOOP('',(#4532,#4533,#4534,#4535));
#836=EDGE_LOOP('',(#4536,#4537,#4538,#4539));
#837=EDGE_LOOP('',(#4540,#4541,#4542,#4543));
#838=EDGE_LOOP('',(#4544,#4545,#4546,#4547));
#839=EDGE_LOOP('',(#4548,#4549,#4550,#4551));
#840=EDGE_LOOP('',(#4552,#4553,#4554,#4555,#4556,#4557,#4558,#4559,#4560,
#4561,#4562,#4563,#4564,#4565,#4566,#4567,#4568,#4569,#4570,#4571));
#841=EDGE_LOOP('',(#4572,#4573,#4574,#4575));
#842=EDGE_LOOP('',(#4576));
#843=EDGE_LOOP('',(#4577));
#844=EDGE_LOOP('',(#4578,#4579,#4580,#4581));
#845=EDGE_LOOP('',(#4582));
#846=EDGE_LOOP('',(#4583));
#847=EDGE_LOOP('',(#4584,#4585,#4586,#4587));
#848=EDGE_LOOP('',(#4588,#4589,#4590,#4591));
#849=EDGE_LOOP('',(#4592));
#850=EDGE_LOOP('',(#4593));
#851=EDGE_LOOP('',(#4594,#4595,#4596,#4597));
#852=EDGE_LOOP('',(#4598,#4599,#4600,#4601));
#853=EDGE_LOOP('',(#4602,#4603,#4604,#4605));
#854=EDGE_LOOP('',(#4606));
#855=EDGE_LOOP('',(#4607));
#856=EDGE_LOOP('',(#4608));
#857=EDGE_LOOP('',(#4609,#4610,#4611,#4612));
#858=EDGE_LOOP('',(#4613,#4614,#4615,#4616));
#859=EDGE_LOOP('',(#4617));
#860=EDGE_LOOP('',(#4618));
#861=EDGE_LOOP('',(#4619));
#862=EDGE_LOOP('',(#4620,#4621,#4622,#4623));
#863=EDGE_LOOP('',(#4624,#4625,#4626,#4627));
#864=EDGE_LOOP('',(#4628));
#865=EDGE_LOOP('',(#4629));
#866=EDGE_LOOP('',(#4630));
#867=EDGE_LOOP('',(#4631));
#868=EDGE_LOOP('',(#4632,#4633,#4634,#4635,#4636,#4637,#4638,#4639,#4640,
#4641,#4642,#4643,#4644,#4645,#4646,#4647,#4648,#4649,#4650,#4651));
#869=EDGE_LOOP('',(#4652,#4653,#4654,#4655));
#870=EDGE_LOOP('',(#4656,#4657,#4658,#4659));
#871=EDGE_LOOP('',(#4660,#4661,#4662,#4663));
#872=EDGE_LOOP('',(#4664,#4665,#4666,#4667));
#873=EDGE_LOOP('',(#4668,#4669,#4670,#4671));
#874=EDGE_LOOP('',(#4672,#4673,#4674,#4675));
#875=EDGE_LOOP('',(#4676,#4677,#4678,#4679));
#876=EDGE_LOOP('',(#4680,#4681,#4682,#4683,#4684,#4685));
#877=EDGE_LOOP('',(#4686));
#878=EDGE_LOOP('',(#4687,#4688,#4689,#4690));
#879=EDGE_LOOP('',(#4691,#4692,#4693,#4694));
#880=EDGE_LOOP('',(#4695,#4696,#4697,#4698));
#881=EDGE_LOOP('',(#4699,#4700,#4701,#4702));
#882=EDGE_LOOP('',(#4703,#4704,#4705,#4706,#4707,#4708));
#883=EDGE_LOOP('',(#4709,#4710,#4711,#4712));
#884=EDGE_LOOP('',(#4713,#4714));
#885=EDGE_LOOP('',(#4715,#4716,#4717,#4718));
#886=EDGE_LOOP('',(#4719));
#887=EDGE_LOOP('',(#4720,#4721,#4722,#4723));
#888=EDGE_LOOP('',(#4724,#4725));
#889=EDGE_LOOP('',(#4726,#4727,#4728,#4729));
#890=EDGE_LOOP('',(#4730,#4731,#4732,#4733));
#891=EDGE_LOOP('',(#4734,#4735,#4736,#4737));
#892=EDGE_LOOP('',(#4738,#4739,#4740,#4741));
#893=EDGE_LOOP('',(#4742,#4743,#4744,#4745));
#894=EDGE_LOOP('',(#4746,#4747,#4748,#4749));
#895=EDGE_LOOP('',(#4750));
#896=EDGE_LOOP('',(#4751,#4752,#4753,#4754,#4755,#4756,#4757,#4758,#4759,
#4760,#4761,#4762,#4763,#4764,#4765,#4766));
#897=EDGE_LOOP('',(#4767,#4768,#4769,#4770));
#898=EDGE_LOOP('',(#4771));
#899=EDGE_LOOP('',(#4772));
#900=EDGE_LOOP('',(#4773,#4774,#4775,#4776));
#901=EDGE_LOOP('',(#4777,#4778,#4779,#4780,#4781,#4782,#4783,#4784));
#902=EDGE_LOOP('',(#4785,#4786,#4787,#4788));
#903=EDGE_LOOP('',(#4789,#4790,#4791,#4792));
#904=EDGE_LOOP('',(#4793,#4794,#4795,#4796));
#905=EDGE_LOOP('',(#4797,#4798,#4799,#4800));
#906=EDGE_LOOP('',(#4801,#4802,#4803,#4804,#4805,#4806,#4807,#4808));
#907=EDGE_LOOP('',(#4809,#4810,#4811,#4812));
#908=EDGE_LOOP('',(#4813,#4814,#4815,#4816));
#909=EDGE_LOOP('',(#4817,#4818,#4819,#4820));
#910=EDGE_LOOP('',(#4821));
#911=EDGE_LOOP('',(#4822,#4823,#4824,#4825));
#912=EDGE_LOOP('',(#4826,#4827,#4828,#4829));
#913=EDGE_LOOP('',(#4830,#4831,#4832,#4833));
#914=EDGE_LOOP('',(#4834,#4835,#4836,#4837));
#915=EDGE_LOOP('',(#4838,#4839,#4840,#4841));
#916=EDGE_LOOP('',(#4842,#4843,#4844,#4845));
#917=EDGE_LOOP('',(#4846,#4847,#4848,#4849));
#918=EDGE_LOOP('',(#4850,#4851,#4852,#4853));
#919=EDGE_LOOP('',(#4854,#4855,#4856,#4857));
#920=EDGE_LOOP('',(#4858,#4859,#4860,#4861));
#921=EDGE_LOOP('',(#4862,#4863,#4864,#4865,#4866,#4867));
#922=EDGE_LOOP('',(#4868));
#923=EDGE_LOOP('',(#4869,#4870,#4871,#4872));
#924=EDGE_LOOP('',(#4873,#4874,#4875,#4876));
#925=EDGE_LOOP('',(#4877,#4878,#4879,#4880));
#926=EDGE_LOOP('',(#4881,#4882,#4883,#4884));
#927=EDGE_LOOP('',(#4885,#4886,#4887,#4888));
#928=EDGE_LOOP('',(#4889,#4890,#4891,#4892));
#929=EDGE_LOOP('',(#4893,#4894,#4895,#4896,#4897,#4898));
#930=EDGE_LOOP('',(#4899));
#931=EDGE_LOOP('',(#4900,#4901,#4902,#4903,#4904,#4905));
#932=EDGE_LOOP('',(#4906,#4907,#4908,#4909,#4910,#4911,#4912,#4913));
#933=EDGE_LOOP('',(#4914));
#934=EDGE_LOOP('',(#4915));
#935=EDGE_LOOP('',(#4916,#4917,#4918,#4919,#4920,#4921));
#936=EDGE_LOOP('',(#4922,#4923,#4924,#4925));
#937=EDGE_LOOP('',(#4926,#4927,#4928,#4929));
#938=EDGE_LOOP('',(#4930,#4931,#4932,#4933,#4934,#4935,#4936,#4937,#4938,
#4939,#4940,#4941));
#939=EDGE_LOOP('',(#4942,#4943,#4944,#4945,#4946,#4947));
#940=EDGE_LOOP('',(#4948,#4949,#4950,#4951,#4952,#4953));
#941=EDGE_LOOP('',(#4954,#4955,#4956,#4957));
#942=EDGE_LOOP('',(#4958,#4959,#4960,#4961));
#943=EDGE_LOOP('',(#4962,#4963,#4964,#4965));
#944=EDGE_LOOP('',(#4966,#4967,#4968,#4969,#4970,#4971));
#945=EDGE_LOOP('',(#4972,#4973,#4974,#4975,#4976,#4977));
#946=EDGE_LOOP('',(#4978,#4979,#4980,#4981));
#947=EDGE_LOOP('',(#4982,#4983,#4984,#4985));
#948=EDGE_LOOP('',(#4986,#4987,#4988,#4989));
#949=EDGE_LOOP('',(#4990,#4991,#4992,#4993));
#950=EDGE_LOOP('',(#4994,#4995,#4996,#4997));
#951=EDGE_LOOP('',(#4998,#4999,#5000,#5001,#5002,#5003,#5004,#5005,#5006,
#5007,#5008,#5009,#5010,#5011,#5012,#5013));
#952=EDGE_LOOP('',(#5014,#5015,#5016,#5017));
#953=EDGE_LOOP('',(#5018,#5019,#5020,#5021,#5022,#5023,#5024,#5025,#5026,
#5027,#5028,#5029,#5030,#5031,#5032));
#954=EDGE_LOOP('',(#5033,#5034,#5035,#5036));
#955=EDGE_LOOP('',(#5037,#5038,#5039,#5040,#5041));
#956=EDGE_LOOP('',(#5042,#5043,#5044,#5045));
#957=EDGE_LOOP('',(#5046,#5047,#5048,#5049,#5050,#5051,#5052,#5053,#5054,
#5055));
#958=EDGE_LOOP('',(#5056,#5057,#5058,#5059));
#959=EDGE_LOOP('',(#5060,#5061,#5062,#5063));
#960=EDGE_LOOP('',(#5064,#5065,#5066,#5067,#5068,#5069,#5070,#5071,#5072,
#5073,#5074,#5075,#5076,#5077,#5078));
#961=EDGE_LOOP('',(#5079,#5080,#5081,#5082));
#962=EDGE_LOOP('',(#5083,#5084,#5085,#5086));
#963=EDGE_LOOP('',(#5087,#5088,#5089,#5090));
#964=EDGE_LOOP('',(#5091,#5092,#5093,#5094));
#965=EDGE_LOOP('',(#5095,#5096,#5097,#5098,#5099,#5100));
#966=EDGE_LOOP('',(#5101,#5102,#5103,#5104));
#967=EDGE_LOOP('',(#5105,#5106,#5107,#5108));
#968=EDGE_LOOP('',(#5109,#5110,#5111,#5112));
#969=EDGE_LOOP('',(#5113,#5114,#5115,#5116));
#970=EDGE_LOOP('',(#5117,#5118,#5119,#5120));
#971=EDGE_LOOP('',(#5121,#5122,#5123,#5124));
#972=EDGE_LOOP('',(#5125,#5126,#5127,#5128));
#973=EDGE_LOOP('',(#5129,#5130,#5131,#5132,#5133,#5134));
#974=EDGE_LOOP('',(#5135,#5136,#5137,#5138,#5139,#5140));
#975=EDGE_LOOP('',(#5141,#5142,#5143,#5144));
#976=EDGE_LOOP('',(#5145,#5146,#5147,#5148,#5149,#5150,#5151));
#977=EDGE_LOOP('',(#5152,#5153));
#978=EDGE_LOOP('',(#5154,#5155,#5156,#5157,#5158,#5159,#5160,#5161));
#979=EDGE_LOOP('',(#5162,#5163,#5164,#5165));
#980=EDGE_LOOP('',(#5166,#5167,#5168,#5169));
#981=EDGE_LOOP('',(#5170,#5171,#5172,#5173));
#982=EDGE_LOOP('',(#5174,#5175,#5176,#5177,#5178,#5179,#5180,#5181,#5182,
#5183,#5184,#5185));
#983=EDGE_LOOP('',(#5186,#5187,#5188,#5189));
#984=EDGE_LOOP('',(#5190,#5191,#5192,#5193));
#985=EDGE_LOOP('',(#5194,#5195,#5196,#5197));
#986=EDGE_LOOP('',(#5198,#5199,#5200,#5201));
#987=EDGE_LOOP('',(#5202,#5203,#5204,#5205));
#988=EDGE_LOOP('',(#5206,#5207,#5208,#5209,#5210,#5211,#5212,#5213,#5214,
#5215,#5216,#5217));
#989=EDGE_LOOP('',(#5218,#5219,#5220,#5221));
#990=EDGE_LOOP('',(#5222,#5223,#5224,#5225));
#991=EDGE_LOOP('',(#5226,#5227,#5228,#5229,#5230,#5231,#5232,#5233,#5234,
#5235,#5236,#5237));
#992=EDGE_LOOP('',(#5238,#5239,#5240,#5241));
#993=EDGE_LOOP('',(#5242,#5243,#5244,#5245));
#994=EDGE_LOOP('',(#5246,#5247,#5248,#5249,#5250,#5251,#5252,#5253,#5254,
#5255,#5256,#5257));
#995=EDGE_LOOP('',(#5258,#5259,#5260,#5261));
#996=EDGE_LOOP('',(#5262,#5263,#5264,#5265));
#997=EDGE_LOOP('',(#5266,#5267,#5268,#5269));
#998=EDGE_LOOP('',(#5270,#5271,#5272,#5273));
#999=EDGE_LOOP('',(#5274,#5275,#5276,#5277));
#1000=EDGE_LOOP('',(#5278,#5279,#5280,#5281));
#1001=EDGE_LOOP('',(#5282,#5283,#5284,#5285));
#1002=EDGE_LOOP('',(#5286,#5287,#5288,#5289));
#1003=EDGE_LOOP('',(#5290,#5291,#5292,#5293));
#1004=EDGE_LOOP('',(#5294,#5295,#5296,#5297));
#1005=EDGE_LOOP('',(#5298,#5299,#5300,#5301));
#1006=EDGE_LOOP('',(#5302,#5303,#5304,#5305));
#1007=EDGE_LOOP('',(#5306,#5307,#5308,#5309));
#1008=EDGE_LOOP('',(#5310,#5311,#5312,#5313));
#1009=EDGE_LOOP('',(#5314,#5315,#5316,#5317));
#1010=EDGE_LOOP('',(#5318,#5319,#5320,#5321));
#1011=EDGE_LOOP('',(#5322,#5323,#5324,#5325));
#1012=EDGE_LOOP('',(#5326,#5327,#5328,#5329));
#1013=EDGE_LOOP('',(#5330,#5331,#5332,#5333));
#1014=EDGE_LOOP('',(#5334,#5335,#5336,#5337));
#1015=EDGE_LOOP('',(#5338,#5339,#5340,#5341));
#1016=EDGE_LOOP('',(#5342,#5343,#5344,#5345));
#1017=EDGE_LOOP('',(#5346,#5347,#5348,#5349));
#1018=EDGE_LOOP('',(#5350,#5351,#5352,#5353));
#1019=EDGE_LOOP('',(#5354,#5355,#5356,#5357));
#1020=EDGE_LOOP('',(#5358,#5359,#5360,#5361));
#1021=EDGE_LOOP('',(#5362,#5363,#5364,#5365));
#1022=EDGE_LOOP('',(#5366,#5367,#5368,#5369));
#1023=EDGE_LOOP('',(#5370,#5371,#5372,#5373));
#1024=EDGE_LOOP('',(#5374,#5375,#5376,#5377));
#1025=EDGE_LOOP('',(#5378,#5379,#5380,#5381));
#1026=EDGE_LOOP('',(#5382,#5383,#5384,#5385));
#1027=EDGE_LOOP('',(#5386,#5387,#5388,#5389));
#1028=EDGE_LOOP('',(#5390,#5391,#5392,#5393));
#1029=EDGE_LOOP('',(#5394,#5395,#5396,#5397));
#1030=EDGE_LOOP('',(#5398,#5399,#5400,#5401));
#1031=EDGE_LOOP('',(#5402,#5403,#5404,#5405));
#1032=EDGE_LOOP('',(#5406,#5407,#5408,#5409));
#1033=EDGE_LOOP('',(#5410,#5411,#5412,#5413));
#1034=EDGE_LOOP('',(#5414,#5415,#5416,#5417));
#1035=EDGE_LOOP('',(#5418,#5419,#5420,#5421));
#1036=EDGE_LOOP('',(#5422,#5423,#5424,#5425));
#1037=EDGE_LOOP('',(#5426,#5427,#5428,#5429));
#1038=EDGE_LOOP('',(#5430,#5431,#5432,#5433,#5434,#5435,#5436,#5437,#5438,
#5439,#5440,#5441,#5442,#5443,#5444,#5445,#5446,#5447,#5448,#5449,#5450,
#5451,#5452,#5453,#5454,#5455,#5456,#5457,#5458,#5459,#5460,#5461,#5462,
#5463,#5464,#5465,#5466,#5467,#5468,#5469,#5470,#5471,#5472,#5473,#5474,
#5475,#5476,#5477,#5478,#5479,#5480,#5481,#5482,#5483,#5484,#5485,#5486,
#5487,#5488,#5489,#5490,#5491,#5492,#5493,#5494,#5495,#5496,#5497,#5498,
#5499,#5500,#5501,#5502,#5503,#5504,#5505,#5506,#5507,#5508,#5509));
#1039=EDGE_LOOP('',(#5510));
#1040=EDGE_LOOP('',(#5511,#5512,#5513,#5514));
#1041=EDGE_LOOP('',(#5515,#5516,#5517,#5518));
#1042=EDGE_LOOP('',(#5519,#5520,#5521,#5522));
#1043=EDGE_LOOP('',(#5523,#5524,#5525,#5526));
#1044=EDGE_LOOP('',(#5527,#5528,#5529,#5530));
#1045=EDGE_LOOP('',(#5531,#5532,#5533,#5534));
#1046=EDGE_LOOP('',(#5535,#5536,#5537,#5538));
#1047=EDGE_LOOP('',(#5539,#5540,#5541,#5542));
#1048=EDGE_LOOP('',(#5543,#5544,#5545,#5546));
#1049=EDGE_LOOP('',(#5547,#5548,#5549,#5550));
#1050=EDGE_LOOP('',(#5551,#5552,#5553,#5554));
#1051=EDGE_LOOP('',(#5555,#5556,#5557,#5558));
#1052=EDGE_LOOP('',(#5559,#5560,#5561,#5562));
#1053=EDGE_LOOP('',(#5563,#5564,#5565,#5566));
#1054=EDGE_LOOP('',(#5567,#5568,#5569,#5570));
#1055=EDGE_LOOP('',(#5571,#5572,#5573,#5574));
#1056=EDGE_LOOP('',(#5575,#5576,#5577,#5578));
#1057=EDGE_LOOP('',(#5579,#5580,#5581,#5582));
#1058=EDGE_LOOP('',(#5583,#5584,#5585,#5586));
#1059=EDGE_LOOP('',(#5587,#5588,#5589,#5590));
#1060=EDGE_LOOP('',(#5591,#5592,#5593,#5594));
#1061=EDGE_LOOP('',(#5595,#5596,#5597,#5598));
#1062=EDGE_LOOP('',(#5599,#5600,#5601,#5602));
#1063=EDGE_LOOP('',(#5603,#5604,#5605,#5606));
#1064=EDGE_LOOP('',(#5607,#5608,#5609,#5610));
#1065=EDGE_LOOP('',(#5611,#5612,#5613,#5614));
#1066=EDGE_LOOP('',(#5615,#5616,#5617,#5618));
#1067=EDGE_LOOP('',(#5619,#5620,#5621,#5622));
#1068=EDGE_LOOP('',(#5623,#5624,#5625,#5626));
#1069=EDGE_LOOP('',(#5627,#5628,#5629,#5630));
#1070=EDGE_LOOP('',(#5631,#5632,#5633,#5634));
#1071=EDGE_LOOP('',(#5635,#5636,#5637,#5638));
#1072=EDGE_LOOP('',(#5639,#5640,#5641,#5642));
#1073=EDGE_LOOP('',(#5643,#5644,#5645,#5646));
#1074=EDGE_LOOP('',(#5647,#5648,#5649,#5650));
#1075=EDGE_LOOP('',(#5651,#5652,#5653,#5654));
#1076=EDGE_LOOP('',(#5655,#5656,#5657,#5658));
#1077=EDGE_LOOP('',(#5659,#5660,#5661,#5662));
#1078=EDGE_LOOP('',(#5663,#5664,#5665,#5666));
#1079=EDGE_LOOP('',(#5667,#5668,#5669,#5670));
#1080=EDGE_LOOP('',(#5671,#5672,#5673,#5674,#5675,#5676,#5677,#5678,#5679,
#5680,#5681,#5682,#5683,#5684,#5685,#5686,#5687,#5688,#5689,#5690,#5691,
#5692,#5693,#5694,#5695,#5696,#5697,#5698,#5699,#5700,#5701,#5702,#5703,
#5704,#5705,#5706,#5707,#5708,#5709,#5710,#5711,#5712,#5713,#5714,#5715,
#5716,#5717,#5718,#5719,#5720,#5721,#5722,#5723,#5724,#5725,#5726,#5727,
#5728,#5729,#5730,#5731,#5732,#5733,#5734,#5735,#5736,#5737,#5738,#5739,
#5740,#5741,#5742,#5743,#5744,#5745,#5746,#5747,#5748,#5749,#5750));
#1081=EDGE_LOOP('',(#5751));
#1082=EDGE_LOOP('',(#5752,#5753,#5754,#5755));
#1083=EDGE_LOOP('',(#5756,#5757,#5758,#5759));
#1084=EDGE_LOOP('',(#5760));
#1085=EDGE_LOOP('',(#5761));
#1086=EDGE_LOOP('',(#5762,#5763,#5764,#5765));
#1087=EDGE_LOOP('',(#5766));
#1088=EDGE_LOOP('',(#5767));
#1089=EDGE_LOOP('',(#5768,#5769,#5770,#5771));
#1090=EDGE_LOOP('',(#5772));
#1091=EDGE_LOOP('',(#5773));
#1092=EDGE_LOOP('',(#5774,#5775,#5776,#5777));
#1093=EDGE_LOOP('',(#5778));
#1094=EDGE_LOOP('',(#5779));
#1095=EDGE_LOOP('',(#5780,#5781,#5782,#5783));
#1096=EDGE_LOOP('',(#5784,#5785,#5786,#5787));
#1097=EDGE_LOOP('',(#5788,#5789,#5790,#5791));
#1098=EDGE_LOOP('',(#5792,#5793,#5794,#5795));
#1099=EDGE_LOOP('',(#5796,#5797,#5798,#5799));
#1100=EDGE_LOOP('',(#5800,#5801,#5802,#5803));
#1101=EDGE_LOOP('',(#5804,#5805,#5806,#5807));
#1102=EDGE_LOOP('',(#5808,#5809,#5810,#5811));
#1103=EDGE_LOOP('',(#5812,#5813,#5814,#5815));
#1104=EDGE_LOOP('',(#5816,#5817,#5818,#5819));
#1105=EDGE_LOOP('',(#5820,#5821,#5822,#5823));
#1106=EDGE_LOOP('',(#5824,#5825,#5826,#5827));
#1107=EDGE_LOOP('',(#5828,#5829,#5830,#5831));
#1108=EDGE_LOOP('',(#5832,#5833,#5834,#5835,#5836,#5837,#5838,#5839,#5840,
#5841,#5842,#5843));
#1109=EDGE_LOOP('',(#5844,#5845,#5846,#5847));
#1110=EDGE_LOOP('',(#5848,#5849,#5850,#5851));
#1111=EDGE_LOOP('',(#5852,#5853,#5854,#5855));
#1112=EDGE_LOOP('',(#5856,#5857,#5858,#5859));
#1113=EDGE_LOOP('',(#5860,#5861,#5862,#5863,#5864,#5865,#5866,#5867,#5868,
#5869,#5870,#5871));
#1114=EDGE_LOOP('',(#5872,#5873,#5874,#5875));
#1115=EDGE_LOOP('',(#5876,#5877,#5878,#5879));
#1116=EDGE_LOOP('',(#5880,#5881,#5882,#5883));
#1117=EDGE_LOOP('',(#5884,#5885,#5886,#5887));
#1118=EDGE_LOOP('',(#5888,#5889,#5890,#5891));
#1119=EDGE_LOOP('',(#5892,#5893,#5894,#5895));
#1120=EDGE_LOOP('',(#5896,#5897,#5898,#5899,#5900,#5901,#5902,#5903,#5904,
#5905,#5906,#5907,#5908,#5909,#5910,#5911));
#1121=EDGE_LOOP('',(#5912,#5913,#5914,#5915));
#1122=EDGE_LOOP('',(#5916,#5917,#5918,#5919));
#1123=EDGE_LOOP('',(#5920));
#1124=EDGE_LOOP('',(#5921));
#1125=EDGE_LOOP('',(#5922,#5923,#5924,#5925,#5926,#5927,#5928,#5929,#5930,
#5931,#5932,#5933,#5934,#5935,#5936,#5937));
#1126=EDGE_LOOP('',(#5938));
#1127=EDGE_LOOP('',(#5939));
#1128=EDGE_LOOP('',(#5940));
#1129=EDGE_LOOP('',(#5941));
#1130=EDGE_LOOP('',(#5942,#5943,#5944,#5945));
#1131=EDGE_LOOP('',(#5946,#5947,#5948,#5949));
#1132=EDGE_LOOP('',(#5950));
#1133=EDGE_LOOP('',(#5951));
#1134=EDGE_LOOP('',(#5952));
#1135=EDGE_LOOP('',(#5953,#5954,#5955,#5956));
#1136=EDGE_LOOP('',(#5957,#5958,#5959,#5960));
#1137=EDGE_LOOP('',(#5961));
#1138=EDGE_LOOP('',(#5962));
#1139=EDGE_LOOP('',(#5963));
#1140=EDGE_LOOP('',(#5964,#5965,#5966,#5967));
#1141=EDGE_LOOP('',(#5968,#5969,#5970,#5971));
#1142=EDGE_LOOP('',(#5972));
#1143=EDGE_LOOP('',(#5973));
#1144=EDGE_LOOP('',(#5974));
#1145=EDGE_LOOP('',(#5975,#5976,#5977,#5978));
#1146=EDGE_LOOP('',(#5979,#5980,#5981,#5982));
#1147=EDGE_LOOP('',(#5983,#5984,#5985,#5986));
#1148=EDGE_LOOP('',(#5987,#5988,#5989,#5990));
#1149=EDGE_LOOP('',(#5991,#5992,#5993,#5994));
#1150=EDGE_LOOP('',(#5995,#5996,#5997,#5998));
#1151=EDGE_LOOP('',(#5999,#6000,#6001,#6002));
#1152=EDGE_LOOP('',(#6003,#6004,#6005,#6006));
#1153=EDGE_LOOP('',(#6007,#6008,#6009,#6010));
#1154=EDGE_LOOP('',(#6011,#6012,#6013,#6014));
#1155=EDGE_LOOP('',(#6015,#6016,#6017,#6018));
#1156=EDGE_LOOP('',(#6019));
#1157=EDGE_LOOP('',(#6020,#6021,#6022,#6023));
#1158=EDGE_LOOP('',(#6024,#6025,#6026,#6027));
#1159=EDGE_LOOP('',(#6028,#6029,#6030,#6031));
#1160=EDGE_LOOP('',(#6032,#6033,#6034,#6035));
#1161=EDGE_LOOP('',(#6036,#6037,#6038,#6039));
#1162=EDGE_LOOP('',(#6040,#6041,#6042,#6043));
#1163=EDGE_LOOP('',(#6044,#6045,#6046,#6047));
#1164=EDGE_LOOP('',(#6048,#6049,#6050,#6051));
#1165=EDGE_LOOP('',(#6052,#6053,#6054,#6055));
#1166=EDGE_LOOP('',(#6056,#6057,#6058,#6059));
#1167=EDGE_LOOP('',(#6060,#6061,#6062,#6063));
#1168=EDGE_LOOP('',(#6064,#6065,#6066,#6067));
#1169=EDGE_LOOP('',(#6068,#6069,#6070,#6071));
#1170=EDGE_LOOP('',(#6072,#6073,#6074,#6075,#6076,#6077,#6078,#6079,#6080,
#6081,#6082,#6083));
#1171=EDGE_LOOP('',(#6084,#6085,#6086,#6087));
#1172=EDGE_LOOP('',(#6088,#6089,#6090,#6091));
#1173=EDGE_LOOP('',(#6092,#6093,#6094,#6095));
#1174=EDGE_LOOP('',(#6096,#6097,#6098,#6099));
#1175=EDGE_LOOP('',(#6100,#6101,#6102,#6103,#6104,#6105,#6106,#6107,#6108,
#6109,#6110,#6111));
#1176=EDGE_LOOP('',(#6112,#6113,#6114,#6115));
#1177=EDGE_LOOP('',(#6116,#6117,#6118,#6119));
#1178=EDGE_LOOP('',(#6120,#6121,#6122,#6123));
#1179=EDGE_LOOP('',(#6124,#6125,#6126,#6127));
#1180=EDGE_LOOP('',(#6128,#6129,#6130,#6131));
#1181=EDGE_LOOP('',(#6132,#6133,#6134,#6135));
#1182=EDGE_LOOP('',(#6136,#6137,#6138,#6139));
#1183=EDGE_LOOP('',(#6140,#6141,#6142,#6143));
#1184=EDGE_LOOP('',(#6144,#6145,#6146,#6147));
#1185=EDGE_LOOP('',(#6148,#6149,#6150,#6151));
#1186=EDGE_LOOP('',(#6152,#6153,#6154,#6155));
#1187=EDGE_LOOP('',(#6156,#6157,#6158,#6159));
#1188=EDGE_LOOP('',(#6160,#6161,#6162,#6163));
#1189=CIRCLE('',#6891,2.5);
#1190=CIRCLE('',#6894,2.5);
#1191=CIRCLE('',#6898,6.);
#1192=CIRCLE('',#6899,6.);
#1193=CIRCLE('',#6900,6.);
#1194=CIRCLE('',#6901,6.);
#1195=CIRCLE('',#6907,14.0000002086163);
#1196=CIRCLE('',#6908,14.0000002086163);
#1197=CIRCLE('',#6913,1.5);
#1198=CIRCLE('',#6914,1.5);
#1199=CIRCLE('',#6915,1.5);
#1200=CIRCLE('',#6916,1.5);
#1201=CIRCLE('',#6918,6.);
#1202=CIRCLE('',#6921,6.);
#1203=CIRCLE('',#6925,6.);
#1204=CIRCLE('',#6926,6.);
#1205=CIRCLE('',#6934,1.5);
#1206=CIRCLE('',#6936,1.5);
#1207=CIRCLE('',#6938,1.5);
#1208=CIRCLE('',#6940,1.5);
#1209=CIRCLE('',#6969,5.575);
#1210=CIRCLE('',#6970,5.57499999999999);
#1211=CIRCLE('',#6972,5.575);
#1212=CIRCLE('',#6973,5.575);
#1213=CIRCLE('',#6975,3.175);
#1214=CIRCLE('',#6976,3.175);
#1215=CIRCLE('',#6978,5.575);
#1216=CIRCLE('',#6982,3.175);
#1217=CIRCLE('',#6983,3.175);
#1218=CIRCLE('',#6985,5.575);
#1219=CIRCLE('',#6989,3.175);
#1220=CIRCLE('',#6990,3.175);
#1221=CIRCLE('',#6992,5.575);
#1222=CIRCLE('',#6996,3.175);
#1223=CIRCLE('',#6997,3.175);
#1224=CIRCLE('',#6999,5.57499999999999);
#1225=CIRCLE('',#7005,1.5);
#1226=CIRCLE('',#7006,1.5);
#1227=CIRCLE('',#7016,5.);
#1228=CIRCLE('',#7017,5.);
#1229=CIRCLE('',#7021,2.6);
#1230=CIRCLE('',#7024,2.6);
#1231=CIRCLE('',#7032,1.5);
#1232=CIRCLE('',#7034,1.1);
#1233=CIRCLE('',#7035,1.1);
#1234=CIRCLE('',#7046,1.5);
#1235=CIRCLE('',#7050,1.5);
#1236=CIRCLE('',#7052,1.5);
#1237=CIRCLE('',#7069,1.1);
#1238=CIRCLE('',#7070,1.1);
#1239=CIRCLE('',#7087,1.);
#1240=CIRCLE('',#7088,1.);
#1241=CIRCLE('',#7089,1.);
#1242=CIRCLE('',#7090,1.);
#1243=CIRCLE('',#7092,1.);
#1244=CIRCLE('',#7095,1.);
#1245=CIRCLE('',#7096,1.);
#1246=CIRCLE('',#7099,1.);
#1247=CIRCLE('',#7100,1.);
#1248=CIRCLE('',#7103,1.);
#1249=CIRCLE('',#7104,1.);
#1250=CIRCLE('',#7106,6.);
#1251=CIRCLE('',#7109,1.);
#1252=CIRCLE('',#7110,1.);
#1253=CIRCLE('',#7112,1.);
#1254=CIRCLE('',#7113,1.);
#1255=CIRCLE('',#7116,1.);
#1256=CIRCLE('',#7117,1.);
#1257=CIRCLE('',#7119,1.);
#1258=CIRCLE('',#7121,1.);
#1259=CIRCLE('',#7127,1.);
#1260=CIRCLE('',#7132,2.5);
#1261=CIRCLE('',#7133,2.5);
#1262=CIRCLE('',#7135,6.);
#1263=CIRCLE('',#7136,6.);
#1264=CIRCLE('',#7137,6.);
#1265=CIRCLE('',#7138,6.);
#1266=CIRCLE('',#7143,0.5);
#1267=CIRCLE('',#7144,0.5);
#1268=CIRCLE('',#7147,0.5);
#1269=CIRCLE('',#7148,1.25);
#1270=CIRCLE('',#7150,0.5);
#1271=CIRCLE('',#7154,1.25);
#1272=CIRCLE('',#7158,0.5);
#1273=CIRCLE('',#7159,0.5);
#1274=CIRCLE('',#7162,0.5);
#1275=CIRCLE('',#7163,1.25);
#1276=CIRCLE('',#7165,0.5);
#1277=CIRCLE('',#7168,1.25);
#1278=CIRCLE('',#7173,0.5);
#1279=CIRCLE('',#7174,0.5);
#1280=CIRCLE('',#7176,0.1);
#1281=CIRCLE('',#7177,0.1);
#1282=CIRCLE('',#7179,0.1);
#1283=CIRCLE('',#7180,0.1);
#1284=CIRCLE('',#7182,0.1);
#1285=CIRCLE('',#7183,0.1);
#1286=CIRCLE('',#7185,0.1);
#1287=CIRCLE('',#7186,0.1);
#1288=CIRCLE('',#7188,0.1);
#1289=CIRCLE('',#7189,0.1);
#1290=CIRCLE('',#7191,0.1);
#1291=CIRCLE('',#7192,0.1);
#1292=CIRCLE('',#7194,0.1);
#1293=CIRCLE('',#7195,0.1);
#1294=CIRCLE('',#7197,0.1);
#1295=CIRCLE('',#7198,0.1);
#1296=CIRCLE('',#7200,0.1);
#1297=CIRCLE('',#7201,0.1);
#1298=CIRCLE('',#7203,0.1);
#1299=CIRCLE('',#7204,0.1);
#1300=CIRCLE('',#7206,0.1);
#1301=CIRCLE('',#7207,0.1);
#1302=CIRCLE('',#7209,0.1);
#1303=CIRCLE('',#7210,0.1);
#1304=CIRCLE('',#7212,0.1);
#1305=CIRCLE('',#7213,0.1);
#1306=CIRCLE('',#7215,0.1);
#1307=CIRCLE('',#7216,0.1);
#1308=CIRCLE('',#7218,0.1);
#1309=CIRCLE('',#7219,0.1);
#1310=CIRCLE('',#7221,0.1);
#1311=CIRCLE('',#7222,0.1);
#1312=CIRCLE('',#7224,0.1);
#1313=CIRCLE('',#7225,0.1);
#1314=CIRCLE('',#7227,0.1);
#1315=CIRCLE('',#7228,0.1);
#1316=CIRCLE('',#7230,0.1);
#1317=CIRCLE('',#7231,0.1);
#1318=CIRCLE('',#7233,0.1);
#1319=CIRCLE('',#7234,0.1);
#1320=CIRCLE('',#7236,0.1);
#1321=CIRCLE('',#7237,0.1);
#1322=CIRCLE('',#7239,0.1);
#1323=CIRCLE('',#7240,0.1);
#1324=CIRCLE('',#7242,0.1);
#1325=CIRCLE('',#7243,0.1);
#1326=CIRCLE('',#7245,0.1);
#1327=CIRCLE('',#7246,0.1);
#1328=CIRCLE('',#7248,0.1);
#1329=CIRCLE('',#7249,0.1);
#1330=CIRCLE('',#7251,0.1);
#1331=CIRCLE('',#7252,0.1);
#1332=CIRCLE('',#7254,0.1);
#1333=CIRCLE('',#7255,0.1);
#1334=CIRCLE('',#7257,0.1);
#1335=CIRCLE('',#7258,0.1);
#1336=CIRCLE('',#7260,0.1);
#1337=CIRCLE('',#7261,0.1);
#1338=CIRCLE('',#7263,0.1);
#1339=CIRCLE('',#7264,0.1);
#1340=CIRCLE('',#7266,0.1);
#1341=CIRCLE('',#7267,0.1);
#1342=CIRCLE('',#7269,0.1);
#1343=CIRCLE('',#7270,0.1);
#1344=CIRCLE('',#7272,0.1);
#1345=CIRCLE('',#7273,0.1);
#1346=CIRCLE('',#7275,0.1);
#1347=CIRCLE('',#7276,0.1);
#1348=CIRCLE('',#7278,0.1);
#1349=CIRCLE('',#7279,0.1);
#1350=CIRCLE('',#7281,0.1);
#1351=CIRCLE('',#7282,0.1);
#1352=CIRCLE('',#7284,0.1);
#1353=CIRCLE('',#7285,0.1);
#1354=CIRCLE('',#7287,0.1);
#1355=CIRCLE('',#7288,0.1);
#1356=CIRCLE('',#7290,0.1);
#1357=CIRCLE('',#7291,0.1);
#1358=CIRCLE('',#7293,2.5);
#1359=CIRCLE('',#7294,0.1);
#1360=CIRCLE('',#7295,2.5);
#1361=CIRCLE('',#7296,2.5);
#1362=CIRCLE('',#7297,2.5);
#1363=CIRCLE('',#7298,2.5);
#1364=CIRCLE('',#7299,2.5);
#1365=CIRCLE('',#7300,2.5);
#1366=CIRCLE('',#7301,2.5);
#1367=CIRCLE('',#7302,2.5);
#1368=CIRCLE('',#7303,2.5);
#1369=CIRCLE('',#7304,2.5);
#1370=CIRCLE('',#7305,2.5);
#1371=CIRCLE('',#7306,2.5);
#1372=CIRCLE('',#7307,2.5);
#1373=CIRCLE('',#7308,2.5);
#1374=CIRCLE('',#7309,2.5);
#1375=CIRCLE('',#7310,2.5);
#1376=CIRCLE('',#7311,2.5);
#1377=CIRCLE('',#7312,2.5);
#1378=CIRCLE('',#7313,2.5);
#1379=CIRCLE('',#7314,2.5);
#1380=CIRCLE('',#7315,2.5);
#1381=CIRCLE('',#7316,2.5);
#1382=CIRCLE('',#7317,2.5);
#1383=CIRCLE('',#7318,2.5);
#1384=CIRCLE('',#7319,2.5);
#1385=CIRCLE('',#7320,2.5);
#1386=CIRCLE('',#7321,2.5);
#1387=CIRCLE('',#7322,2.5);
#1388=CIRCLE('',#7323,2.5);
#1389=CIRCLE('',#7324,2.5);
#1390=CIRCLE('',#7325,2.5);
#1391=CIRCLE('',#7326,2.5);
#1392=CIRCLE('',#7327,2.5);
#1393=CIRCLE('',#7328,2.5);
#1394=CIRCLE('',#7329,2.5);
#1395=CIRCLE('',#7330,2.5);
#1396=CIRCLE('',#7331,2.5);
#1397=CIRCLE('',#7332,2.5);
#1398=CIRCLE('',#7333,2.5);
#1399=CIRCLE('',#7335,2.5);
#1400=CIRCLE('',#7337,2.5);
#1401=CIRCLE('',#7339,2.5);
#1402=CIRCLE('',#7341,2.5);
#1403=CIRCLE('',#7343,2.5);
#1404=CIRCLE('',#7345,2.5);
#1405=CIRCLE('',#7347,2.5);
#1406=CIRCLE('',#7349,2.5);
#1407=CIRCLE('',#7351,2.5);
#1408=CIRCLE('',#7353,2.5);
#1409=CIRCLE('',#7355,2.5);
#1410=CIRCLE('',#7357,2.5);
#1411=CIRCLE('',#7359,2.5);
#1412=CIRCLE('',#7361,2.5);
#1413=CIRCLE('',#7363,2.5);
#1414=CIRCLE('',#7365,2.5);
#1415=CIRCLE('',#7367,2.5);
#1416=CIRCLE('',#7369,2.5);
#1417=CIRCLE('',#7371,2.5);
#1418=CIRCLE('',#7373,2.5);
#1419=CIRCLE('',#7375,2.5);
#1420=CIRCLE('',#7377,2.5);
#1421=CIRCLE('',#7379,2.5);
#1422=CIRCLE('',#7381,2.5);
#1423=CIRCLE('',#7383,2.5);
#1424=CIRCLE('',#7385,2.5);
#1425=CIRCLE('',#7387,2.5);
#1426=CIRCLE('',#7389,2.5);
#1427=CIRCLE('',#7391,2.5);
#1428=CIRCLE('',#7393,2.5);
#1429=CIRCLE('',#7395,2.5);
#1430=CIRCLE('',#7397,2.5);
#1431=CIRCLE('',#7399,2.5);
#1432=CIRCLE('',#7401,2.5);
#1433=CIRCLE('',#7403,2.5);
#1434=CIRCLE('',#7405,2.5);
#1435=CIRCLE('',#7407,2.5);
#1436=CIRCLE('',#7409,2.5);
#1437=CIRCLE('',#7411,2.5);
#1438=CIRCLE('',#7413,0.1);
#1439=CIRCLE('',#7415,2.5);
#1440=CIRCLE('',#7418,0.6);
#1441=CIRCLE('',#7419,0.6);
#1442=CIRCLE('',#7423,0.6);
#1443=CIRCLE('',#7424,0.6);
#1444=CIRCLE('',#7428,0.6);
#1445=CIRCLE('',#7429,0.6);
#1446=CIRCLE('',#7437,3.175);
#1447=CIRCLE('',#7438,3.175);
#1448=CIRCLE('',#7470,3.175);
#1449=CIRCLE('',#7471,3.175);
#1450=CIRCLE('',#7473,5.575);
#1451=CIRCLE('',#7474,5.575);
#1452=CIRCLE('',#7477,5.575);
#1453=CIRCLE('',#7478,5.575);
#1454=CIRCLE('',#7479,5.575);
#1455=CIRCLE('',#7481,3.175);
#1456=CIRCLE('',#7482,3.175);
#1457=CIRCLE('',#7484,5.575);
#1458=CIRCLE('',#7488,3.175);
#1459=CIRCLE('',#7489,3.175);
#1460=CIRCLE('',#7491,5.575);
#1461=CIRCLE('',#7495,3.175);
#1462=CIRCLE('',#7496,3.175);
#1463=CIRCLE('',#7498,5.575);
#1464=CIRCLE('',#7542,2.4);
#1465=CIRCLE('',#7543,2.4);
#1466=LINE('',#9562,#2116);
#1467=LINE('',#9566,#2117);
#1468=LINE('',#9568,#2118);
#1469=LINE('',#9569,#2119);
#1470=LINE('',#9575,#2120);
#1471=LINE('',#9577,#2121);
#1472=LINE('',#9579,#2122);
#1473=LINE('',#9580,#2123);
#1474=LINE('',#9583,#2124);
#1475=LINE('',#9585,#2125);
#1476=LINE('',#9586,#2126);
#1477=LINE('',#9589,#2127);
#1478=LINE('',#9591,#2128);
#1479=LINE('',#9593,#2129);
#1480=LINE('',#9595,#2130);
#1481=LINE('',#9597,#2131);
#1482=LINE('',#9598,#2132);
#1483=LINE('',#9603,#2133);
#1484=LINE('',#9607,#2134);
#1485=LINE('',#9611,#2135);
#1486=LINE('',#9614,#2136);
#1487=LINE('',#9617,#2137);
#1488=LINE('',#9619,#2138);
#1489=LINE('',#9620,#2139);
#1490=LINE('',#9623,#2140);
#1491=LINE('',#9624,#2141);
#1492=LINE('',#9627,#2142);
#1493=LINE('',#9628,#2143);
#1494=LINE('',#9631,#2144);
#1495=LINE('',#9632,#2145);
#1496=LINE('',#9637,#2146);
#1497=LINE('',#9641,#2147);
#1498=LINE('',#9643,#2148);
#1499=LINE('',#9655,#2149);
#1500=LINE('',#9658,#2150);
#1501=LINE('',#9661,#2151);
#1502=LINE('',#9662,#2152);
#1503=LINE('',#9665,#2153);
#1504=LINE('',#9669,#2154);
#1505=LINE('',#9670,#2155);
#1506=LINE('',#9674,#2156);
#1507=LINE('',#9676,#2157);
#1508=LINE('',#9678,#2158);
#1509=LINE('',#9679,#2159);
#1510=LINE('',#9682,#2160);
#1511=LINE('',#9684,#2161);
#1512=LINE('',#9686,#2162);
#1513=LINE('',#9688,#2163);
#1514=LINE('',#9690,#2164);
#1515=LINE('',#9692,#2165);
#1516=LINE('',#9693,#2166);
#1517=LINE('',#9697,#2167);
#1518=LINE('',#9700,#2168);
#1519=LINE('',#9703,#2169);
#1520=LINE('',#9704,#2170);
#1521=LINE('',#9707,#2171);
#1522=LINE('',#9708,#2172);
#1523=LINE('',#9711,#2173);
#1524=LINE('',#9713,#2174);
#1525=LINE('',#9714,#2175);
#1526=LINE('',#9717,#2176);
#1527=LINE('',#9718,#2177);
#1528=LINE('',#9721,#2178);
#1529=LINE('',#9722,#2179);
#1530=LINE('',#9724,#2180);
#1531=LINE('',#9738,#2181);
#1532=LINE('',#9741,#2182);
#1533=LINE('',#9743,#2183);
#1534=LINE('',#9745,#2184);
#1535=LINE('',#9748,#2185);
#1536=LINE('',#9750,#2186);
#1537=LINE('',#9752,#2187);
#1538=LINE('',#9754,#2188);
#1539=LINE('',#9760,#2189);
#1540=LINE('',#9762,#2190);
#1541=LINE('',#9764,#2191);
#1542=LINE('',#9765,#2192);
#1543=LINE('',#9768,#2193);
#1544=LINE('',#9770,#2194);
#1545=LINE('',#9771,#2195);
#1546=LINE('',#9775,#2196);
#1547=LINE('',#9777,#2197);
#1548=LINE('',#9779,#2198);
#1549=LINE('',#9780,#2199);
#1550=LINE('',#9783,#2200);
#1551=LINE('',#9785,#2201);
#1552=LINE('',#9786,#2202);
#1553=LINE('',#9789,#2203);
#1554=LINE('',#9791,#2204);
#1555=LINE('',#9792,#2205);
#1556=LINE('',#9795,#2206);
#1557=LINE('',#9797,#2207);
#1558=LINE('',#9798,#2208);
#1559=LINE('',#9800,#2209);
#1560=LINE('',#9801,#2210);
#1561=LINE('',#9805,#2211);
#1562=LINE('',#9807,#2212);
#1563=LINE('',#9809,#2213);
#1564=LINE('',#9810,#2214);
#1565=LINE('',#9813,#2215);
#1566=LINE('',#9815,#2216);
#1567=LINE('',#9816,#2217);
#1568=LINE('',#9819,#2218);
#1569=LINE('',#9821,#2219);
#1570=LINE('',#9822,#2220);
#1571=LINE('',#9825,#2221);
#1572=LINE('',#9827,#2222);
#1573=LINE('',#9828,#2223);
#1574=LINE('',#9831,#2224);
#1575=LINE('',#9833,#2225);
#1576=LINE('',#9834,#2226);
#1577=LINE('',#9837,#2227);
#1578=LINE('',#9839,#2228);
#1579=LINE('',#9840,#2229);
#1580=LINE('',#9843,#2230);
#1581=LINE('',#9845,#2231);
#1582=LINE('',#9846,#2232);
#1583=LINE('',#9849,#2233);
#1584=LINE('',#9851,#2234);
#1585=LINE('',#9853,#2235);
#1586=LINE('',#9855,#2236);
#1587=LINE('',#9856,#2237);
#1588=LINE('',#9857,#2238);
#1589=LINE('',#9860,#2239);
#1590=LINE('',#9861,#2240);
#1591=LINE('',#9868,#2241);
#1592=LINE('',#9869,#2242);
#1593=LINE('',#9878,#2243);
#1594=LINE('',#9883,#2244);
#1595=LINE('',#9886,#2245);
#1596=LINE('',#9891,#2246);
#1597=LINE('',#9896,#2247);
#1598=LINE('',#9903,#2248);
#1599=LINE('',#9908,#2249);
#1600=LINE('',#9915,#2250);
#1601=LINE('',#9920,#2251);
#1602=LINE('',#9926,#2252);
#1603=LINE('',#9928,#2253);
#1604=LINE('',#9929,#2254);
#1605=LINE('',#9934,#2255);
#1606=LINE('',#9939,#2256);
#1607=LINE('',#9941,#2257);
#1608=LINE('',#9943,#2258);
#1609=LINE('',#9944,#2259);
#1610=LINE('',#9947,#2260);
#1611=LINE('',#9949,#2261);
#1612=LINE('',#9950,#2262);
#1613=LINE('',#9953,#2263);
#1614=LINE('',#9955,#2264);
#1615=LINE('',#9956,#2265);
#1616=LINE('',#9959,#2266);
#1617=LINE('',#9961,#2267);
#1618=LINE('',#9962,#2268);
#1619=LINE('',#9965,#2269);
#1620=LINE('',#9967,#2270);
#1621=LINE('',#9968,#2271);
#1622=LINE('',#9970,#2272);
#1623=LINE('',#9971,#2273);
#1624=LINE('',#9976,#2274);
#1625=LINE('',#9978,#2275);
#1626=LINE('',#9980,#2276);
#1627=LINE('',#9981,#2277);
#1628=LINE('',#9987,#2278);
#1629=LINE('',#9990,#2279);
#1630=LINE('',#9992,#2280);
#1631=LINE('',#9993,#2281);
#1632=LINE('',#9995,#2282);
#1633=LINE('',#9996,#2283);
#1634=LINE('',#10001,#2284);
#1635=LINE('',#10004,#2285);
#1636=LINE('',#10006,#2286);
#1637=LINE('',#10007,#2287);
#1638=LINE('',#10012,#2288);
#1639=LINE('',#10014,#2289);
#1640=LINE('',#10020,#2290);
#1641=LINE('',#10022,#2291);
#1642=LINE('',#10024,#2292);
#1643=LINE('',#10025,#2293);
#1644=LINE('',#10028,#2294);
#1645=LINE('',#10030,#2295);
#1646=LINE('',#10031,#2296);
#1647=LINE('',#10036,#2297);
#1648=LINE('',#10038,#2298);
#1649=LINE('',#10040,#2299);
#1650=LINE('',#10042,#2300);
#1651=LINE('',#10044,#2301);
#1652=LINE('',#10046,#2302);
#1653=LINE('',#10048,#2303);
#1654=LINE('',#10050,#2304);
#1655=LINE('',#10052,#2305);
#1656=LINE('',#10054,#2306);
#1657=LINE('',#10056,#2307);
#1658=LINE('',#10058,#2308);
#1659=LINE('',#10060,#2309);
#1660=LINE('',#10061,#2310);
#1661=LINE('',#10064,#2311);
#1662=LINE('',#10066,#2312);
#1663=LINE('',#10068,#2313);
#1664=LINE('',#10069,#2314);
#1665=LINE('',#10077,#2315);
#1666=LINE('',#10078,#2316);
#1667=LINE('',#10079,#2317);
#1668=LINE('',#10082,#2318);
#1669=LINE('',#10084,#2319);
#1670=LINE('',#10086,#2320);
#1671=LINE('',#10088,#2321);
#1672=LINE('',#10090,#2322);
#1673=LINE('',#10092,#2323);
#1674=LINE('',#10093,#2324);
#1675=LINE('',#10095,#2325);
#1676=LINE('',#10097,#2326);
#1677=LINE('',#10098,#2327);
#1678=LINE('',#10100,#2328);
#1679=LINE('',#10103,#2329);
#1680=LINE('',#10104,#2330);
#1681=LINE('',#10107,#2331);
#1682=LINE('',#10109,#2332);
#1683=LINE('',#10111,#2333);
#1684=LINE('',#10113,#2334);
#1685=LINE('',#10114,#2335);
#1686=LINE('',#10116,#2336);
#1687=LINE('',#10118,#2337);
#1688=LINE('',#10125,#2338);
#1689=LINE('',#10126,#2339);
#1690=LINE('',#10127,#2340);
#1691=LINE('',#10130,#2341);
#1692=LINE('',#10132,#2342);
#1693=LINE('',#10133,#2343);
#1694=LINE('',#10137,#2344);
#1695=LINE('',#10141,#2345);
#1696=LINE('',#10145,#2346);
#1697=LINE('',#10147,#2347);
#1698=LINE('',#10149,#2348);
#1699=LINE('',#10150,#2349);
#1700=LINE('',#10153,#2350);
#1701=LINE('',#10155,#2351);
#1702=LINE('',#10156,#2352);
#1703=LINE('',#10159,#2353);
#1704=LINE('',#10161,#2354);
#1705=LINE('',#10162,#2355);
#1706=LINE('',#10165,#2356);
#1707=LINE('',#10167,#2357);
#1708=LINE('',#10168,#2358);
#1709=LINE('',#10171,#2359);
#1710=LINE('',#10173,#2360);
#1711=LINE('',#10174,#2361);
#1712=LINE('',#10176,#2362);
#1713=LINE('',#10177,#2363);
#1714=LINE('',#10182,#2364);
#1715=LINE('',#10184,#2365);
#1716=LINE('',#10186,#2366);
#1717=LINE('',#10187,#2367);
#1718=LINE('',#10190,#2368);
#1719=LINE('',#10192,#2369);
#1720=LINE('',#10193,#2370);
#1721=LINE('',#10196,#2371);
#1722=LINE('',#10198,#2372);
#1723=LINE('',#10199,#2373);
#1724=LINE('',#10202,#2374);
#1725=LINE('',#10204,#2375);
#1726=LINE('',#10205,#2376);
#1727=LINE('',#10208,#2377);
#1728=LINE('',#10210,#2378);
#1729=LINE('',#10211,#2379);
#1730=LINE('',#10213,#2380);
#1731=LINE('',#10214,#2381);
#1732=LINE('',#10217,#2382);
#1733=LINE('',#10221,#2383);
#1734=LINE('',#10223,#2384);
#1735=LINE('',#10225,#2385);
#1736=LINE('',#10227,#2386);
#1737=LINE('',#10229,#2387);
#1738=LINE('',#10231,#2388);
#1739=LINE('',#10233,#2389);
#1740=LINE('',#10234,#2390);
#1741=LINE('',#10240,#2391);
#1742=LINE('',#10242,#2392);
#1743=LINE('',#10243,#2393);
#1744=LINE('',#10245,#2394);
#1745=LINE('',#10247,#2395);
#1746=LINE('',#10248,#2396);
#1747=LINE('',#10249,#2397);
#1748=LINE('',#10252,#2398);
#1749=LINE('',#10254,#2399);
#1750=LINE('',#10256,#2400);
#1751=LINE('',#10258,#2401);
#1752=LINE('',#10264,#2402);
#1753=LINE('',#10266,#2403);
#1754=LINE('',#10268,#2404);
#1755=LINE('',#10269,#2405);
#1756=LINE('',#10272,#2406);
#1757=LINE('',#10274,#2407);
#1758=LINE('',#10275,#2408);
#1759=LINE('',#10278,#2409);
#1760=LINE('',#10280,#2410);
#1761=LINE('',#10281,#2411);
#1762=LINE('',#10283,#2412);
#1763=LINE('',#10286,#2413);
#1764=LINE('',#10290,#2414);
#1765=LINE('',#10292,#2415);
#1766=LINE('',#10296,#2416);
#1767=LINE('',#10298,#2417);
#1768=LINE('',#10302,#2418);
#1769=LINE('',#10304,#2419);
#1770=LINE('',#10308,#2420);
#1771=LINE('',#10309,#2421);
#1772=LINE('',#10312,#2422);
#1773=LINE('',#10315,#2423);
#1774=LINE('',#10318,#2424);
#1775=LINE('',#10320,#2425);
#1776=LINE('',#10322,#2426);
#1777=LINE('',#10324,#2427);
#1778=LINE('',#10326,#2428);
#1779=LINE('',#10328,#2429);
#1780=LINE('',#10330,#2430);
#1781=LINE('',#10332,#2431);
#1782=LINE('',#10334,#2432);
#1783=LINE('',#10336,#2433);
#1784=LINE('',#10338,#2434);
#1785=LINE('',#10340,#2435);
#1786=LINE('',#10341,#2436);
#1787=LINE('',#10347,#2437);
#1788=LINE('',#10350,#2438);
#1789=LINE('',#10352,#2439);
#1790=LINE('',#10354,#2440);
#1791=LINE('',#10355,#2441);
#1792=LINE('',#10361,#2442);
#1793=LINE('',#10364,#2443);
#1794=LINE('',#10367,#2444);
#1795=LINE('',#10368,#2445);
#1796=LINE('',#10369,#2446);
#1797=LINE('',#10375,#2447);
#1798=LINE('',#10378,#2448);
#1799=LINE('',#10382,#2449);
#1800=LINE('',#10383,#2450);
#1801=LINE('',#10385,#2451);
#1802=LINE('',#10387,#2452);
#1803=LINE('',#10389,#2453);
#1804=LINE('',#10391,#2454);
#1805=LINE('',#10393,#2455);
#1806=LINE('',#10394,#2456);
#1807=LINE('',#10396,#2457);
#1808=LINE('',#10398,#2458);
#1809=LINE('',#10399,#2459);
#1810=LINE('',#10404,#2460);
#1811=LINE('',#10411,#2461);
#1812=LINE('',#10413,#2462);
#1813=LINE('',#10414,#2463);
#1814=LINE('',#10420,#2464);
#1815=LINE('',#10423,#2465);
#1816=LINE('',#10425,#2466);
#1817=LINE('',#10428,#2467);
#1818=LINE('',#10431,#2468);
#1819=LINE('',#10434,#2469);
#1820=LINE('',#10435,#2470);
#1821=LINE('',#10437,#2471);
#1822=LINE('',#10441,#2472);
#1823=LINE('',#10442,#2473);
#1824=LINE('',#10445,#2474);
#1825=LINE('',#10448,#2475);
#1826=LINE('',#10451,#2476);
#1827=LINE('',#10457,#2477);
#1828=LINE('',#10460,#2478);
#1829=LINE('',#10474,#2479);
#1830=LINE('',#10477,#2480);
#1831=LINE('',#10479,#2481);
#1832=LINE('',#10480,#2482);
#1833=LINE('',#10485,#2483);
#1834=LINE('',#10487,#2484);
#1835=LINE('',#10490,#2485);
#1836=LINE('',#10494,#2486);
#1837=LINE('',#10497,#2487);
#1838=LINE('',#10498,#2488);
#1839=LINE('',#10501,#2489);
#1840=LINE('',#10502,#2490);
#1841=LINE('',#10506,#2491);
#1842=LINE('',#10508,#2492);
#1843=LINE('',#10514,#2493);
#1844=LINE('',#10518,#2494);
#1845=LINE('',#10520,#2495);
#1846=LINE('',#10521,#2496);
#1847=LINE('',#10526,#2497);
#1848=LINE('',#10528,#2498);
#1849=LINE('',#10531,#2499);
#1850=LINE('',#10535,#2500);
#1851=LINE('',#10538,#2501);
#1852=LINE('',#10539,#2502);
#1853=LINE('',#10542,#2503);
#1854=LINE('',#10545,#2504);
#1855=LINE('',#10547,#2505);
#1856=LINE('',#10549,#2506);
#1857=LINE('',#10555,#2507);
#1858=LINE('',#10562,#2508);
#1859=LINE('',#10565,#2509);
#1860=LINE('',#10571,#2510);
#1861=LINE('',#10574,#2511);
#1862=LINE('',#10580,#2512);
#1863=LINE('',#10583,#2513);
#1864=LINE('',#10589,#2514);
#1865=LINE('',#10592,#2515);
#1866=LINE('',#10598,#2516);
#1867=LINE('',#10601,#2517);
#1868=LINE('',#10607,#2518);
#1869=LINE('',#10610,#2519);
#1870=LINE('',#10616,#2520);
#1871=LINE('',#10619,#2521);
#1872=LINE('',#10625,#2522);
#1873=LINE('',#10628,#2523);
#1874=LINE('',#10634,#2524);
#1875=LINE('',#10637,#2525);
#1876=LINE('',#10643,#2526);
#1877=LINE('',#10646,#2527);
#1878=LINE('',#10652,#2528);
#1879=LINE('',#10655,#2529);
#1880=LINE('',#10661,#2530);
#1881=LINE('',#10664,#2531);
#1882=LINE('',#10670,#2532);
#1883=LINE('',#10673,#2533);
#1884=LINE('',#10679,#2534);
#1885=LINE('',#10682,#2535);
#1886=LINE('',#10688,#2536);
#1887=LINE('',#10691,#2537);
#1888=LINE('',#10697,#2538);
#1889=LINE('',#10700,#2539);
#1890=LINE('',#10706,#2540);
#1891=LINE('',#10709,#2541);
#1892=LINE('',#10715,#2542);
#1893=LINE('',#10718,#2543);
#1894=LINE('',#10724,#2544);
#1895=LINE('',#10727,#2545);
#1896=LINE('',#10733,#2546);
#1897=LINE('',#10736,#2547);
#1898=LINE('',#10742,#2548);
#1899=LINE('',#10745,#2549);
#1900=LINE('',#10751,#2550);
#1901=LINE('',#10754,#2551);
#1902=LINE('',#10760,#2552);
#1903=LINE('',#10763,#2553);
#1904=LINE('',#10769,#2554);
#1905=LINE('',#10772,#2555);
#1906=LINE('',#10778,#2556);
#1907=LINE('',#10781,#2557);
#1908=LINE('',#10787,#2558);
#1909=LINE('',#10790,#2559);
#1910=LINE('',#10796,#2560);
#1911=LINE('',#10799,#2561);
#1912=LINE('',#10805,#2562);
#1913=LINE('',#10808,#2563);
#1914=LINE('',#10814,#2564);
#1915=LINE('',#10817,#2565);
#1916=LINE('',#10823,#2566);
#1917=LINE('',#10826,#2567);
#1918=LINE('',#10832,#2568);
#1919=LINE('',#10835,#2569);
#1920=LINE('',#10841,#2570);
#1921=LINE('',#10844,#2571);
#1922=LINE('',#10850,#2572);
#1923=LINE('',#10853,#2573);
#1924=LINE('',#10859,#2574);
#1925=LINE('',#10862,#2575);
#1926=LINE('',#10868,#2576);
#1927=LINE('',#10871,#2577);
#1928=LINE('',#10877,#2578);
#1929=LINE('',#10880,#2579);
#1930=LINE('',#10886,#2580);
#1931=LINE('',#10889,#2581);
#1932=LINE('',#10895,#2582);
#1933=LINE('',#10898,#2583);
#1934=LINE('',#10904,#2584);
#1935=LINE('',#10907,#2585);
#1936=LINE('',#10955,#2586);
#1937=LINE('',#10958,#2587);
#1938=LINE('',#11043,#2588);
#1939=LINE('',#11051,#2589);
#1940=LINE('',#11059,#2590);
#1941=LINE('',#11071,#2591);
#1942=LINE('',#11080,#2592);
#1943=LINE('',#11082,#2593);
#1944=LINE('',#11084,#2594);
#1945=LINE('',#11085,#2595);
#1946=LINE('',#11088,#2596);
#1947=LINE('',#11090,#2597);
#1948=LINE('',#11091,#2598);
#1949=LINE('',#11094,#2599);
#1950=LINE('',#11096,#2600);
#1951=LINE('',#11097,#2601);
#1952=LINE('',#11099,#2602);
#1953=LINE('',#11100,#2603);
#1954=LINE('',#11105,#2604);
#1955=LINE('',#11107,#2605);
#1956=LINE('',#11109,#2606);
#1957=LINE('',#11110,#2607);
#1958=LINE('',#11113,#2608);
#1959=LINE('',#11115,#2609);
#1960=LINE('',#11116,#2610);
#1961=LINE('',#11119,#2611);
#1962=LINE('',#11121,#2612);
#1963=LINE('',#11122,#2613);
#1964=LINE('',#11124,#2614);
#1965=LINE('',#11128,#2615);
#1966=LINE('',#11130,#2616);
#1967=LINE('',#11132,#2617);
#1968=LINE('',#11133,#2618);
#1969=LINE('',#11136,#2619);
#1970=LINE('',#11138,#2620);
#1971=LINE('',#11139,#2621);
#1972=LINE('',#11142,#2622);
#1973=LINE('',#11144,#2623);
#1974=LINE('',#11145,#2624);
#1975=LINE('',#11147,#2625);
#1976=LINE('',#11150,#2626);
#1977=LINE('',#11152,#2627);
#1978=LINE('',#11154,#2628);
#1979=LINE('',#11156,#2629);
#1980=LINE('',#11157,#2630);
#1981=LINE('',#11158,#2631);
#1982=LINE('',#11161,#2632);
#1983=LINE('',#11163,#2633);
#1984=LINE('',#11164,#2634);
#1985=LINE('',#11167,#2635);
#1986=LINE('',#11169,#2636);
#1987=LINE('',#11170,#2637);
#1988=LINE('',#11172,#2638);
#1989=LINE('',#11173,#2639);
#1990=LINE('',#11180,#2640);
#1991=LINE('',#11182,#2641);
#1992=LINE('',#11184,#2642);
#1993=LINE('',#11185,#2643);
#1994=LINE('',#11188,#2644);
#1995=LINE('',#11190,#2645);
#1996=LINE('',#11191,#2646);
#1997=LINE('',#11194,#2647);
#1998=LINE('',#11196,#2648);
#1999=LINE('',#11197,#2649);
#2000=LINE('',#11200,#2650);
#2001=LINE('',#11202,#2651);
#2002=LINE('',#11203,#2652);
#2003=LINE('',#11206,#2653);
#2004=LINE('',#11208,#2654);
#2005=LINE('',#11209,#2655);
#2006=LINE('',#11212,#2656);
#2007=LINE('',#11214,#2657);
#2008=LINE('',#11216,#2658);
#2009=LINE('',#11218,#2659);
#2010=LINE('',#11220,#2660);
#2011=LINE('',#11222,#2661);
#2012=LINE('',#11224,#2662);
#2013=LINE('',#11226,#2663);
#2014=LINE('',#11228,#2664);
#2015=LINE('',#11230,#2665);
#2016=LINE('',#11231,#2666);
#2017=LINE('',#11236,#2667);
#2018=LINE('',#11242,#2668);
#2019=LINE('',#11247,#2669);
#2020=LINE('',#11249,#2670);
#2021=LINE('',#11251,#2671);
#2022=LINE('',#11253,#2672);
#2023=LINE('',#11255,#2673);
#2024=LINE('',#11257,#2674);
#2025=LINE('',#11259,#2675);
#2026=LINE('',#11261,#2676);
#2027=LINE('',#11263,#2677);
#2028=LINE('',#11265,#2678);
#2029=LINE('',#11266,#2679);
#2030=LINE('',#11277,#2680);
#2031=LINE('',#11282,#2681);
#2032=LINE('',#11289,#2682);
#2033=LINE('',#11294,#2683);
#2034=LINE('',#11301,#2684);
#2035=LINE('',#11306,#2685);
#2036=LINE('',#11310,#2686);
#2037=LINE('',#11311,#2687);
#2038=LINE('',#11313,#2688);
#2039=LINE('',#11315,#2689);
#2040=LINE('',#11317,#2690);
#2041=LINE('',#11319,#2691);
#2042=LINE('',#11321,#2692);
#2043=LINE('',#11323,#2693);
#2044=LINE('',#11325,#2694);
#2045=LINE('',#11327,#2695);
#2046=LINE('',#11335,#2696);
#2047=LINE('',#11337,#2697);
#2048=LINE('',#11339,#2698);
#2049=LINE('',#11340,#2699);
#2050=LINE('',#11343,#2700);
#2051=LINE('',#11345,#2701);
#2052=LINE('',#11346,#2702);
#2053=LINE('',#11349,#2703);
#2054=LINE('',#11351,#2704);
#2055=LINE('',#11352,#2705);
#2056=LINE('',#11354,#2706);
#2057=LINE('',#11355,#2707);
#2058=LINE('',#11360,#2708);
#2059=LINE('',#11362,#2709);
#2060=LINE('',#11364,#2710);
#2061=LINE('',#11365,#2711);
#2062=LINE('',#11368,#2712);
#2063=LINE('',#11370,#2713);
#2064=LINE('',#11371,#2714);
#2065=LINE('',#11374,#2715);
#2066=LINE('',#11376,#2716);
#2067=LINE('',#11377,#2717);
#2068=LINE('',#11379,#2718);
#2069=LINE('',#11383,#2719);
#2070=LINE('',#11385,#2720);
#2071=LINE('',#11387,#2721);
#2072=LINE('',#11388,#2722);
#2073=LINE('',#11391,#2723);
#2074=LINE('',#11393,#2724);
#2075=LINE('',#11394,#2725);
#2076=LINE('',#11397,#2726);
#2077=LINE('',#11399,#2727);
#2078=LINE('',#11400,#2728);
#2079=LINE('',#11402,#2729);
#2080=LINE('',#11405,#2730);
#2081=LINE('',#11407,#2731);
#2082=LINE('',#11409,#2732);
#2083=LINE('',#11411,#2733);
#2084=LINE('',#11412,#2734);
#2085=LINE('',#11413,#2735);
#2086=LINE('',#11416,#2736);
#2087=LINE('',#11418,#2737);
#2088=LINE('',#11419,#2738);
#2089=LINE('',#11422,#2739);
#2090=LINE('',#11424,#2740);
#2091=LINE('',#11425,#2741);
#2092=LINE('',#11427,#2742);
#2093=LINE('',#11428,#2743);
#2094=LINE('',#11435,#2744);
#2095=LINE('',#11437,#2745);
#2096=LINE('',#11439,#2746);
#2097=LINE('',#11440,#2747);
#2098=LINE('',#11443,#2748);
#2099=LINE('',#11445,#2749);
#2100=LINE('',#11446,#2750);
#2101=LINE('',#11449,#2751);
#2102=LINE('',#11451,#2752);
#2103=LINE('',#11452,#2753);
#2104=LINE('',#11454,#2754);
#2105=LINE('',#11455,#2755);
#2106=LINE('',#11464,#2756);
#2107=LINE('',#11467,#2757);
#2108=LINE('',#11470,#2758);
#2109=LINE('',#11472,#2759);
#2110=LINE('',#11473,#2760);
#2111=LINE('',#11476,#2761);
#2112=LINE('',#11477,#2762);
#2113=LINE('',#11480,#2763);
#2114=LINE('',#11481,#2764);
#2115=LINE('',#11483,#2765);
#2116=VECTOR('',#7567,10.);
#2117=VECTOR('',#7572,10.);
#2118=VECTOR('',#7573,10.);
#2119=VECTOR('',#7574,10.);
#2120=VECTOR('',#7581,10.);
#2121=VECTOR('',#7582,10.);
#2122=VECTOR('',#7583,10.);
#2123=VECTOR('',#7584,10.);
#2124=VECTOR('',#7587,10.);
#2125=VECTOR('',#7588,10.);
#2126=VECTOR('',#7589,10.);
#2127=VECTOR('',#7592,10.);
#2128=VECTOR('',#7593,10.);
#2129=VECTOR('',#7594,10.);
#2130=VECTOR('',#7595,10.);
#2131=VECTOR('',#7596,10.);
#2132=VECTOR('',#7597,10.);
#2133=VECTOR('',#7600,10.);
#2134=VECTOR('',#7603,10.);
#2135=VECTOR('',#7606,10.);
#2136=VECTOR('',#7609,10.);
#2137=VECTOR('',#7612,10.);
#2138=VECTOR('',#7613,10.);
#2139=VECTOR('',#7614,10.);
#2140=VECTOR('',#7617,10.);
#2141=VECTOR('',#7618,10.);
#2142=VECTOR('',#7621,10.);
#2143=VECTOR('',#7622,10.);
#2144=VECTOR('',#7625,10.);
#2145=VECTOR('',#7626,10.);
#2146=VECTOR('',#7631,14.0000002086163);
#2147=VECTOR('',#7638,10.);
#2148=VECTOR('',#7641,10.);
#2149=VECTOR('',#7654,10.);
#2150=VECTOR('',#7657,10.);
#2151=VECTOR('',#7660,10.);
#2152=VECTOR('',#7661,10.);
#2153=VECTOR('',#7664,10.);
#2154=VECTOR('',#7669,10.);
#2155=VECTOR('',#7670,10.);
#2156=VECTOR('',#7673,10.);
#2157=VECTOR('',#7674,10.);
#2158=VECTOR('',#7675,10.);
#2159=VECTOR('',#7676,10.);
#2160=VECTOR('',#7679,10.);
#2161=VECTOR('',#7680,10.);
#2162=VECTOR('',#7681,10.);
#2163=VECTOR('',#7682,10.);
#2164=VECTOR('',#7683,10.);
#2165=VECTOR('',#7684,10.);
#2166=VECTOR('',#7685,10.);
#2167=VECTOR('',#7688,10.);
#2168=VECTOR('',#7691,10.);
#2169=VECTOR('',#7694,10.);
#2170=VECTOR('',#7695,10.);
#2171=VECTOR('',#7698,10.);
#2172=VECTOR('',#7699,10.);
#2173=VECTOR('',#7702,10.);
#2174=VECTOR('',#7703,10.);
#2175=VECTOR('',#7704,10.);
#2176=VECTOR('',#7707,10.);
#2177=VECTOR('',#7708,10.);
#2178=VECTOR('',#7711,10.);
#2179=VECTOR('',#7712,10.);
#2180=VECTOR('',#7715,10.);
#2181=VECTOR('',#7734,10.);
#2182=VECTOR('',#7739,10.);
#2183=VECTOR('',#7742,10.);
#2184=VECTOR('',#7745,10.);
#2185=VECTOR('',#7750,1.5);
#2186=VECTOR('',#7753,1.5);
#2187=VECTOR('',#7756,1.5);
#2188=VECTOR('',#7759,1.5);
#2189=VECTOR('',#7766,10.);
#2190=VECTOR('',#7767,10.);
#2191=VECTOR('',#7768,10.);
#2192=VECTOR('',#7769,10.);
#2193=VECTOR('',#7772,10.);
#2194=VECTOR('',#7773,10.);
#2195=VECTOR('',#7774,10.);
#2196=VECTOR('',#7777,10.);
#2197=VECTOR('',#7778,10.);
#2198=VECTOR('',#7779,10.);
#2199=VECTOR('',#7780,10.);
#2200=VECTOR('',#7783,10.);
#2201=VECTOR('',#7784,10.);
#2202=VECTOR('',#7785,10.);
#2203=VECTOR('',#7788,10.);
#2204=VECTOR('',#7789,10.);
#2205=VECTOR('',#7790,10.);
#2206=VECTOR('',#7793,10.);
#2207=VECTOR('',#7794,10.);
#2208=VECTOR('',#7795,10.);
#2209=VECTOR('',#7798,10.);
#2210=VECTOR('',#7799,10.);
#2211=VECTOR('',#7802,10.);
#2212=VECTOR('',#7803,10.);
#2213=VECTOR('',#7804,10.);
#2214=VECTOR('',#7805,10.);
#2215=VECTOR('',#7808,10.);
#2216=VECTOR('',#7809,10.);
#2217=VECTOR('',#7810,10.);
#2218=VECTOR('',#7813,10.);
#2219=VECTOR('',#7814,10.);
#2220=VECTOR('',#7815,10.);
#2221=VECTOR('',#7818,10.);
#2222=VECTOR('',#7819,10.);
#2223=VECTOR('',#7820,10.);
#2224=VECTOR('',#7823,10.);
#2225=VECTOR('',#7824,10.);
#2226=VECTOR('',#7825,10.);
#2227=VECTOR('',#7828,10.);
#2228=VECTOR('',#7829,10.);
#2229=VECTOR('',#7830,10.);
#2230=VECTOR('',#7833,10.);
#2231=VECTOR('',#7834,10.);
#2232=VECTOR('',#7835,10.);
#2233=VECTOR('',#7838,10.);
#2234=VECTOR('',#7839,10.);
#2235=VECTOR('',#7840,10.);
#2236=VECTOR('',#7841,10.);
#2237=VECTOR('',#7842,10.);
#2238=VECTOR('',#7843,10.);
#2239=VECTOR('',#7846,10.);
#2240=VECTOR('',#7847,10.);
#2241=VECTOR('',#7854,10.);
#2242=VECTOR('',#7855,10.);
#2243=VECTOR('',#7864,3.175);
#2244=VECTOR('',#7871,5.575);
#2245=VECTOR('',#7876,10.);
#2246=VECTOR('',#7881,3.175);
#2247=VECTOR('',#7888,5.575);
#2248=VECTOR('',#7897,3.175);
#2249=VECTOR('',#7904,5.575);
#2250=VECTOR('',#7913,3.175);
#2251=VECTOR('',#7920,5.57499999999999);
#2252=VECTOR('',#7929,10.);
#2253=VECTOR('',#7930,10.);
#2254=VECTOR('',#7931,10.);
#2255=VECTOR('',#7936,1.5);
#2256=VECTOR('',#7941,10.);
#2257=VECTOR('',#7942,10.);
#2258=VECTOR('',#7943,10.);
#2259=VECTOR('',#7944,10.);
#2260=VECTOR('',#7947,10.);
#2261=VECTOR('',#7948,10.);
#2262=VECTOR('',#7949,10.);
#2263=VECTOR('',#7952,10.);
#2264=VECTOR('',#7953,10.);
#2265=VECTOR('',#7954,10.);
#2266=VECTOR('',#7957,10.);
#2267=VECTOR('',#7958,10.);
#2268=VECTOR('',#7959,10.);
#2269=VECTOR('',#7962,10.);
#2270=VECTOR('',#7963,10.);
#2271=VECTOR('',#7964,10.);
#2272=VECTOR('',#7967,10.);
#2273=VECTOR('',#7968,10.);
#2274=VECTOR('',#7973,10.);
#2275=VECTOR('',#7974,10.);
#2276=VECTOR('',#7975,10.);
#2277=VECTOR('',#7976,10.);
#2278=VECTOR('',#7983,10.);
#2279=VECTOR('',#7986,10.);
#2280=VECTOR('',#7987,10.);
#2281=VECTOR('',#7988,10.);
#2282=VECTOR('',#7991,10.);
#2283=VECTOR('',#7992,10.);
#2284=VECTOR('',#7997,10.);
#2285=VECTOR('',#8000,10.);
#2286=VECTOR('',#8001,10.);
#2287=VECTOR('',#8002,10.);
#2288=VECTOR('',#8011,10.);
#2289=VECTOR('',#8014,10.);
#2290=VECTOR('',#8021,10.);
#2291=VECTOR('',#8022,10.);
#2292=VECTOR('',#8023,10.);
#2293=VECTOR('',#8024,10.);
#2294=VECTOR('',#8027,10.);
#2295=VECTOR('',#8028,10.);
#2296=VECTOR('',#8029,10.);
#2297=VECTOR('',#8034,10.);
#2298=VECTOR('',#8035,10.);
#2299=VECTOR('',#8036,10.);
#2300=VECTOR('',#8037,10.);
#2301=VECTOR('',#8038,10.);
#2302=VECTOR('',#8039,10.);
#2303=VECTOR('',#8040,10.);
#2304=VECTOR('',#8041,10.);
#2305=VECTOR('',#8042,10.);
#2306=VECTOR('',#8043,10.);
#2307=VECTOR('',#8044,10.);
#2308=VECTOR('',#8045,10.);
#2309=VECTOR('',#8046,10.);
#2310=VECTOR('',#8047,10.);
#2311=VECTOR('',#8048,10.);
#2312=VECTOR('',#8049,10.);
#2313=VECTOR('',#8050,10.);
#2314=VECTOR('',#8051,10.);
#2315=VECTOR('',#8058,10.);
#2316=VECTOR('',#8059,10.);
#2317=VECTOR('',#8060,10.);
#2318=VECTOR('',#8063,10.);
#2319=VECTOR('',#8064,10.);
#2320=VECTOR('',#8065,10.);
#2321=VECTOR('',#8066,10.);
#2322=VECTOR('',#8067,10.);
#2323=VECTOR('',#8068,10.);
#2324=VECTOR('',#8069,10.);
#2325=VECTOR('',#8072,10.);
#2326=VECTOR('',#8075,10.);
#2327=VECTOR('',#8076,10.);
#2328=VECTOR('',#8079,10.);
#2329=VECTOR('',#8082,10.);
#2330=VECTOR('',#8083,10.);
#2331=VECTOR('',#8086,10.);
#2332=VECTOR('',#8087,10.);
#2333=VECTOR('',#8088,10.);
#2334=VECTOR('',#8089,10.);
#2335=VECTOR('',#8090,10.);
#2336=VECTOR('',#8093,10.);
#2337=VECTOR('',#8096,10.);
#2338=VECTOR('',#8103,10.);
#2339=VECTOR('',#8104,10.);
#2340=VECTOR('',#8105,10.);
#2341=VECTOR('',#8108,10.);
#2342=VECTOR('',#8109,10.);
#2343=VECTOR('',#8110,10.);
#2344=VECTOR('',#8115,1.5);
#2345=VECTOR('',#8120,1.5);
#2346=VECTOR('',#8123,10.);
#2347=VECTOR('',#8124,10.);
#2348=VECTOR('',#8125,10.);
#2349=VECTOR('',#8126,10.);
#2350=VECTOR('',#8129,10.);
#2351=VECTOR('',#8130,10.);
#2352=VECTOR('',#8131,10.);
#2353=VECTOR('',#8134,10.);
#2354=VECTOR('',#8135,10.);
#2355=VECTOR('',#8136,10.);
#2356=VECTOR('',#8139,10.);
#2357=VECTOR('',#8140,10.);
#2358=VECTOR('',#8141,10.);
#2359=VECTOR('',#8144,10.);
#2360=VECTOR('',#8145,10.);
#2361=VECTOR('',#8146,10.);
#2362=VECTOR('',#8149,10.);
#2363=VECTOR('',#8150,10.);
#2364=VECTOR('',#8155,10.);
#2365=VECTOR('',#8156,10.);
#2366=VECTOR('',#8157,10.);
#2367=VECTOR('',#8158,10.);
#2368=VECTOR('',#8161,10.);
#2369=VECTOR('',#8162,10.);
#2370=VECTOR('',#8163,10.);
#2371=VECTOR('',#8166,10.);
#2372=VECTOR('',#8167,10.);
#2373=VECTOR('',#8168,10.);
#2374=VECTOR('',#8171,10.);
#2375=VECTOR('',#8172,10.);
#2376=VECTOR('',#8173,10.);
#2377=VECTOR('',#8176,10.);
#2378=VECTOR('',#8177,10.);
#2379=VECTOR('',#8178,10.);
#2380=VECTOR('',#8181,10.);
#2381=VECTOR('',#8182,10.);
#2382=VECTOR('',#8187,10.);
#2383=VECTOR('',#8190,10.);
#2384=VECTOR('',#8191,10.);
#2385=VECTOR('',#8192,10.);
#2386=VECTOR('',#8193,10.);
#2387=VECTOR('',#8194,10.);
#2388=VECTOR('',#8195,10.);
#2389=VECTOR('',#8196,10.);
#2390=VECTOR('',#8197,10.);
#2391=VECTOR('',#8204,10.);
#2392=VECTOR('',#8207,10.);
#2393=VECTOR('',#8208,10.);
#2394=VECTOR('',#8211,10.);
#2395=VECTOR('',#8214,10.);
#2396=VECTOR('',#8215,10.);
#2397=VECTOR('',#8216,10.);
#2398=VECTOR('',#8221,1.1);
#2399=VECTOR('',#8224,1.1);
#2400=VECTOR('',#8227,10.);
#2401=VECTOR('',#8230,10.);
#2402=VECTOR('',#8237,10.);
#2403=VECTOR('',#8238,10.);
#2404=VECTOR('',#8239,10.);
#2405=VECTOR('',#8240,10.);
#2406=VECTOR('',#8243,10.);
#2407=VECTOR('',#8244,10.);
#2408=VECTOR('',#8245,10.);
#2409=VECTOR('',#8248,10.);
#2410=VECTOR('',#8249,10.);
#2411=VECTOR('',#8250,10.);
#2412=VECTOR('',#8253,10.);
#2413=VECTOR('',#8256,10.);
#2414=VECTOR('',#8259,10.);
#2415=VECTOR('',#8260,10.);
#2416=VECTOR('',#8263,10.);
#2417=VECTOR('',#8264,10.);
#2418=VECTOR('',#8267,10.);
#2419=VECTOR('',#8268,10.);
#2420=VECTOR('',#8271,10.);
#2421=VECTOR('',#8272,10.);
#2422=VECTOR('',#8275,10.);
#2423=VECTOR('',#8278,10.);
#2424=VECTOR('',#8281,10.);
#2425=VECTOR('',#8282,10.);
#2426=VECTOR('',#8283,10.);
#2427=VECTOR('',#8284,10.);
#2428=VECTOR('',#8285,10.);
#2429=VECTOR('',#8286,10.);
#2430=VECTOR('',#8287,10.);
#2431=VECTOR('',#8288,10.);
#2432=VECTOR('',#8289,10.);
#2433=VECTOR('',#8290,10.);
#2434=VECTOR('',#8291,10.);
#2435=VECTOR('',#8292,10.);
#2436=VECTOR('',#8293,10.);
#2437=VECTOR('',#8300,10.);
#2438=VECTOR('',#8303,10.);
#2439=VECTOR('',#8304,10.);
#2440=VECTOR('',#8305,10.);
#2441=VECTOR('',#8306,10.);
#2442=VECTOR('',#8311,10.);
#2443=VECTOR('',#8314,10.);
#2444=VECTOR('',#8317,10.);
#2445=VECTOR('',#8318,10.);
#2446=VECTOR('',#8319,10.);
#2447=VECTOR('',#8326,10.);
#2448=VECTOR('',#8329,10.);
#2449=VECTOR('',#8334,10.);
#2450=VECTOR('',#8335,10.);
#2451=VECTOR('',#8336,10.);
#2452=VECTOR('',#8337,10.);
#2453=VECTOR('',#8338,10.);
#2454=VECTOR('',#8339,10.);
#2455=VECTOR('',#8340,10.);
#2456=VECTOR('',#8341,10.);
#2457=VECTOR('',#8342,10.);
#2458=VECTOR('',#8343,10.);
#2459=VECTOR('',#8344,10.);
#2460=VECTOR('',#8349,10.);
#2461=VECTOR('',#8358,10.);
#2462=VECTOR('',#8361,10.);
#2463=VECTOR('',#8362,10.);
#2464=VECTOR('',#8369,10.);
#2465=VECTOR('',#8372,10.);
#2466=VECTOR('',#8373,10.);
#2467=VECTOR('',#8376,10.);
#2468=VECTOR('',#8379,10.);
#2469=VECTOR('',#8384,10.);
#2470=VECTOR('',#8385,10.);
#2471=VECTOR('',#8388,10.);
#2472=VECTOR('',#8393,10.);
#2473=VECTOR('',#8394,10.);
#2474=VECTOR('',#8397,10.);
#2475=VECTOR('',#8402,10.);
#2476=VECTOR('',#8407,10.);
#2477=VECTOR('',#8412,10.);
#2478=VECTOR('',#8415,10.);
#2479=VECTOR('',#8438,10.);
#2480=VECTOR('',#8441,10.);
#2481=VECTOR('',#8442,10.);
#2482=VECTOR('',#8443,10.);
#2483=VECTOR('',#8448,10.);
#2484=VECTOR('',#8449,10.);
#2485=VECTOR('',#8452,10.);
#2486=VECTOR('',#8457,10.);
#2487=VECTOR('',#8460,10.);
#2488=VECTOR('',#8461,10.);
#2489=VECTOR('',#8464,10.);
#2490=VECTOR('',#8465,10.);
#2491=VECTOR('',#8470,10.);
#2492=VECTOR('',#8473,10.);
#2493=VECTOR('',#8480,10.);
#2494=VECTOR('',#8485,10.);
#2495=VECTOR('',#8486,10.);
#2496=VECTOR('',#8487,10.);
#2497=VECTOR('',#8492,10.);
#2498=VECTOR('',#8493,10.);
#2499=VECTOR('',#8496,10.);
#2500=VECTOR('',#8501,10.);
#2501=VECTOR('',#8504,10.);
#2502=VECTOR('',#8505,10.);
#2503=VECTOR('',#8508,10.);
#2504=VECTOR('',#8511,10.);
#2505=VECTOR('',#8514,10.);
#2506=VECTOR('',#8517,10.);
#2507=VECTOR('',#8524,0.5);
#2508=VECTOR('',#8531,10.);
#2509=VECTOR('',#8534,10.);
#2510=VECTOR('',#8539,10.);
#2511=VECTOR('',#8542,10.);
#2512=VECTOR('',#8547,10.);
#2513=VECTOR('',#8550,10.);
#2514=VECTOR('',#8555,10.);
#2515=VECTOR('',#8558,10.);
#2516=VECTOR('',#8563,10.);
#2517=VECTOR('',#8566,10.);
#2518=VECTOR('',#8571,10.);
#2519=VECTOR('',#8574,10.);
#2520=VECTOR('',#8579,10.);
#2521=VECTOR('',#8582,10.);
#2522=VECTOR('',#8587,10.);
#2523=VECTOR('',#8590,10.);
#2524=VECTOR('',#8595,10.);
#2525=VECTOR('',#8598,10.);
#2526=VECTOR('',#8603,10.);
#2527=VECTOR('',#8606,10.);
#2528=VECTOR('',#8611,10.);
#2529=VECTOR('',#8614,10.);
#2530=VECTOR('',#8619,10.);
#2531=VECTOR('',#8622,10.);
#2532=VECTOR('',#8627,10.);
#2533=VECTOR('',#8630,10.);
#2534=VECTOR('',#8635,10.);
#2535=VECTOR('',#8638,10.);
#2536=VECTOR('',#8643,10.);
#2537=VECTOR('',#8646,10.);
#2538=VECTOR('',#8651,10.);
#2539=VECTOR('',#8654,10.);
#2540=VECTOR('',#8659,10.);
#2541=VECTOR('',#8662,10.);
#2542=VECTOR('',#8667,10.);
#2543=VECTOR('',#8670,10.);
#2544=VECTOR('',#8675,10.);
#2545=VECTOR('',#8678,10.);
#2546=VECTOR('',#8683,10.);
#2547=VECTOR('',#8686,10.);
#2548=VECTOR('',#8691,10.);
#2549=VECTOR('',#8694,10.);
#2550=VECTOR('',#8699,10.);
#2551=VECTOR('',#8702,10.);
#2552=VECTOR('',#8707,10.);
#2553=VECTOR('',#8710,10.);
#2554=VECTOR('',#8715,10.);
#2555=VECTOR('',#8718,10.);
#2556=VECTOR('',#8723,10.);
#2557=VECTOR('',#8726,10.);
#2558=VECTOR('',#8731,10.);
#2559=VECTOR('',#8734,10.);
#2560=VECTOR('',#8739,10.);
#2561=VECTOR('',#8742,10.);
#2562=VECTOR('',#8747,10.);
#2563=VECTOR('',#8750,10.);
#2564=VECTOR('',#8755,10.);
#2565=VECTOR('',#8758,10.);
#2566=VECTOR('',#8763,10.);
#2567=VECTOR('',#8766,10.);
#2568=VECTOR('',#8771,10.);
#2569=VECTOR('',#8774,10.);
#2570=VECTOR('',#8779,10.);
#2571=VECTOR('',#8782,10.);
#2572=VECTOR('',#8787,10.);
#2573=VECTOR('',#8790,10.);
#2574=VECTOR('',#8795,10.);
#2575=VECTOR('',#8798,10.);
#2576=VECTOR('',#8803,10.);
#2577=VECTOR('',#8806,10.);
#2578=VECTOR('',#8811,10.);
#2579=VECTOR('',#8814,10.);
#2580=VECTOR('',#8819,10.);
#2581=VECTOR('',#8822,10.);
#2582=VECTOR('',#8827,10.);
#2583=VECTOR('',#8830,10.);
#2584=VECTOR('',#8835,10.);
#2585=VECTOR('',#8838,10.);
#2586=VECTOR('',#8927,10.);
#2587=VECTOR('',#8930,10.);
#2588=VECTOR('',#9095,0.6);
#2589=VECTOR('',#9106,0.6);
#2590=VECTOR('',#9117,0.6);
#2591=VECTOR('',#9136,3.175);
#2592=VECTOR('',#9149,10.);
#2593=VECTOR('',#9150,10.);
#2594=VECTOR('',#9151,10.);
#2595=VECTOR('',#9152,10.);
#2596=VECTOR('',#9155,10.);
#2597=VECTOR('',#9156,10.);
#2598=VECTOR('',#9157,10.);
#2599=VECTOR('',#9160,10.);
#2600=VECTOR('',#9161,10.);
#2601=VECTOR('',#9162,10.);
#2602=VECTOR('',#9165,10.);
#2603=VECTOR('',#9166,10.);
#2604=VECTOR('',#9171,10.);
#2605=VECTOR('',#9172,10.);
#2606=VECTOR('',#9173,10.);
#2607=VECTOR('',#9174,10.);
#2608=VECTOR('',#9177,10.);
#2609=VECTOR('',#9178,10.);
#2610=VECTOR('',#9179,10.);
#2611=VECTOR('',#9182,10.);
#2612=VECTOR('',#9183,10.);
#2613=VECTOR('',#9184,10.);
#2614=VECTOR('',#9187,10.);
#2615=VECTOR('',#9190,10.);
#2616=VECTOR('',#9191,10.);
#2617=VECTOR('',#9192,10.);
#2618=VECTOR('',#9193,10.);
#2619=VECTOR('',#9196,10.);
#2620=VECTOR('',#9197,10.);
#2621=VECTOR('',#9198,10.);
#2622=VECTOR('',#9201,10.);
#2623=VECTOR('',#9202,10.);
#2624=VECTOR('',#9203,10.);
#2625=VECTOR('',#9206,10.);
#2626=VECTOR('',#9209,10.);
#2627=VECTOR('',#9210,10.);
#2628=VECTOR('',#9211,10.);
#2629=VECTOR('',#9212,10.);
#2630=VECTOR('',#9213,10.);
#2631=VECTOR('',#9214,10.);
#2632=VECTOR('',#9217,10.);
#2633=VECTOR('',#9218,10.);
#2634=VECTOR('',#9219,10.);
#2635=VECTOR('',#9222,10.);
#2636=VECTOR('',#9223,10.);
#2637=VECTOR('',#9224,10.);
#2638=VECTOR('',#9227,10.);
#2639=VECTOR('',#9228,10.);
#2640=VECTOR('',#9237,10.);
#2641=VECTOR('',#9238,10.);
#2642=VECTOR('',#9239,10.);
#2643=VECTOR('',#9240,10.);
#2644=VECTOR('',#9243,10.);
#2645=VECTOR('',#9244,10.);
#2646=VECTOR('',#9245,10.);
#2647=VECTOR('',#9248,10.);
#2648=VECTOR('',#9249,10.);
#2649=VECTOR('',#9250,10.);
#2650=VECTOR('',#9253,10.);
#2651=VECTOR('',#9254,10.);
#2652=VECTOR('',#9255,10.);
#2653=VECTOR('',#9258,10.);
#2654=VECTOR('',#9259,10.);
#2655=VECTOR('',#9260,10.);
#2656=VECTOR('',#9263,10.);
#2657=VECTOR('',#9264,10.);
#2658=VECTOR('',#9265,10.);
#2659=VECTOR('',#9266,10.);
#2660=VECTOR('',#9267,10.);
#2661=VECTOR('',#9268,10.);
#2662=VECTOR('',#9269,10.);
#2663=VECTOR('',#9270,10.);
#2664=VECTOR('',#9271,10.);
#2665=VECTOR('',#9272,10.);
#2666=VECTOR('',#9273,10.);
#2667=VECTOR('',#9278,3.175);
#2668=VECTOR('',#9285,5.575);
#2669=VECTOR('',#9292,10.);
#2670=VECTOR('',#9293,10.);
#2671=VECTOR('',#9294,10.);
#2672=VECTOR('',#9295,10.);
#2673=VECTOR('',#9296,10.);
#2674=VECTOR('',#9297,10.);
#2675=VECTOR('',#9298,10.);
#2676=VECTOR('',#9299,10.);
#2677=VECTOR('',#9300,10.);
#2678=VECTOR('',#9301,10.);
#2679=VECTOR('',#9302,10.);
#2680=VECTOR('',#9313,3.175);
#2681=VECTOR('',#9320,5.575);
#2682=VECTOR('',#9329,3.175);
#2683=VECTOR('',#9336,5.575);
#2684=VECTOR('',#9345,3.175);
#2685=VECTOR('',#9352,5.575);
#2686=VECTOR('',#9359,10.);
#2687=VECTOR('',#9360,10.);
#2688=VECTOR('',#9363,10.);
#2689=VECTOR('',#9366,10.);
#2690=VECTOR('',#9369,10.);
#2691=VECTOR('',#9372,10.);
#2692=VECTOR('',#9375,10.);
#2693=VECTOR('',#9378,10.);
#2694=VECTOR('',#9381,10.);
#2695=VECTOR('',#9384,10.);
#2696=VECTOR('',#9395,10.);
#2697=VECTOR('',#9396,10.);
#2698=VECTOR('',#9397,10.);
#2699=VECTOR('',#9398,10.);
#2700=VECTOR('',#9401,10.);
#2701=VECTOR('',#9402,10.);
#2702=VECTOR('',#9403,10.);
#2703=VECTOR('',#9406,10.);
#2704=VECTOR('',#9407,10.);
#2705=VECTOR('',#9408,10.);
#2706=VECTOR('',#9411,10.);
#2707=VECTOR('',#9412,10.);
#2708=VECTOR('',#9417,10.);
#2709=VECTOR('',#9418,10.);
#2710=VECTOR('',#9419,10.);
#2711=VECTOR('',#9420,10.);
#2712=VECTOR('',#9423,10.);
#2713=VECTOR('',#9424,10.);
#2714=VECTOR('',#9425,10.);
#2715=VECTOR('',#9428,10.);
#2716=VECTOR('',#9429,10.);
#2717=VECTOR('',#9430,10.);
#2718=VECTOR('',#9433,10.);
#2719=VECTOR('',#9436,10.);
#2720=VECTOR('',#9437,10.);
#2721=VECTOR('',#9438,10.);
#2722=VECTOR('',#9439,10.);
#2723=VECTOR('',#9442,10.);
#2724=VECTOR('',#9443,10.);
#2725=VECTOR('',#9444,10.);
#2726=VECTOR('',#9447,10.);
#2727=VECTOR('',#9448,10.);
#2728=VECTOR('',#9449,10.);
#2729=VECTOR('',#9452,10.);
#2730=VECTOR('',#9455,10.);
#2731=VECTOR('',#9456,10.);
#2732=VECTOR('',#9457,10.);
#2733=VECTOR('',#9458,10.);
#2734=VECTOR('',#9459,10.);
#2735=VECTOR('',#9460,10.);
#2736=VECTOR('',#9463,10.);
#2737=VECTOR('',#9464,10.);
#2738=VECTOR('',#9465,10.);
#2739=VECTOR('',#9468,10.);
#2740=VECTOR('',#9469,10.);
#2741=VECTOR('',#9470,10.);
#2742=VECTOR('',#9473,10.);
#2743=VECTOR('',#9474,10.);
#2744=VECTOR('',#9483,10.);
#2745=VECTOR('',#9484,10.);
#2746=VECTOR('',#9485,10.);
#2747=VECTOR('',#9486,10.);
#2748=VECTOR('',#9489,10.);
#2749=VECTOR('',#9490,10.);
#2750=VECTOR('',#9491,10.);
#2751=VECTOR('',#9494,10.);
#2752=VECTOR('',#9495,10.);
#2753=VECTOR('',#9496,10.);
#2754=VECTOR('',#9499,10.);
#2755=VECTOR('',#9500,10.);
#2756=VECTOR('',#9511,10.);
#2757=VECTOR('',#9514,10.);
#2758=VECTOR('',#9517,10.);
#2759=VECTOR('',#9518,10.);
#2760=VECTOR('',#9519,10.);
#2761=VECTOR('',#9522,10.);
#2762=VECTOR('',#9523,10.);
#2763=VECTOR('',#9526,10.);
#2764=VECTOR('',#9527,10.);
#2765=VECTOR('',#9530,10.);
#2766=VERTEX_POINT('',#9560);
#2767=VERTEX_POINT('',#9561);
#2768=VERTEX_POINT('',#9565);
#2769=VERTEX_POINT('',#9567);
#2770=VERTEX_POINT('',#9573);
#2771=VERTEX_POINT('',#9574);
#2772=VERTEX_POINT('',#9576);
#2773=VERTEX_POINT('',#9578);
#2774=VERTEX_POINT('',#9582);
#2775=VERTEX_POINT('',#9584);
#2776=VERTEX_POINT('',#9588);
#2777=VERTEX_POINT('',#9590);
#2778=VERTEX_POINT('',#9592);
#2779=VERTEX_POINT('',#9594);
#2780=VERTEX_POINT('',#9596);
#2781=VERTEX_POINT('',#9599);
#2782=VERTEX_POINT('',#9600);
#2783=VERTEX_POINT('',#9602);
#2784=VERTEX_POINT('',#9604);
#2785=VERTEX_POINT('',#9606);
#2786=VERTEX_POINT('',#9608);
#2787=VERTEX_POINT('',#9610);
#2788=VERTEX_POINT('',#9612);
#2789=VERTEX_POINT('',#9616);
#2790=VERTEX_POINT('',#9618);
#2791=VERTEX_POINT('',#9622);
#2792=VERTEX_POINT('',#9626);
#2793=VERTEX_POINT('',#9630);
#2794=VERTEX_POINT('',#9634);
#2795=VERTEX_POINT('',#9636);
#2796=VERTEX_POINT('',#9645);
#2797=VERTEX_POINT('',#9647);
#2798=VERTEX_POINT('',#9649);
#2799=VERTEX_POINT('',#9651);
#2800=VERTEX_POINT('',#9654);
#2801=VERTEX_POINT('',#9656);
#2802=VERTEX_POINT('',#9660);
#2803=VERTEX_POINT('',#9664);
#2804=VERTEX_POINT('',#9668);
#2805=VERTEX_POINT('',#9672);
#2806=VERTEX_POINT('',#9673);
#2807=VERTEX_POINT('',#9675);
#2808=VERTEX_POINT('',#9677);
#2809=VERTEX_POINT('',#9681);
#2810=VERTEX_POINT('',#9683);
#2811=VERTEX_POINT('',#9685);
#2812=VERTEX_POINT('',#9687);
#2813=VERTEX_POINT('',#9689);
#2814=VERTEX_POINT('',#9691);
#2815=VERTEX_POINT('',#9694);
#2816=VERTEX_POINT('',#9696);
#2817=VERTEX_POINT('',#9698);
#2818=VERTEX_POINT('',#9702);
#2819=VERTEX_POINT('',#9706);
#2820=VERTEX_POINT('',#9710);
#2821=VERTEX_POINT('',#9712);
#2822=VERTEX_POINT('',#9716);
#2823=VERTEX_POINT('',#9720);
#2824=VERTEX_POINT('',#9726);
#2825=VERTEX_POINT('',#9729);
#2826=VERTEX_POINT('',#9732);
#2827=VERTEX_POINT('',#9735);
#2828=VERTEX_POINT('',#9758);
#2829=VERTEX_POINT('',#9759);
#2830=VERTEX_POINT('',#9761);
#2831=VERTEX_POINT('',#9763);
#2832=VERTEX_POINT('',#9767);
#2833=VERTEX_POINT('',#9769);
#2834=VERTEX_POINT('',#9773);
#2835=VERTEX_POINT('',#9774);
#2836=VERTEX_POINT('',#9776);
#2837=VERTEX_POINT('',#9778);
#2838=VERTEX_POINT('',#9782);
#2839=VERTEX_POINT('',#9784);
#2840=VERTEX_POINT('',#9788);
#2841=VERTEX_POINT('',#9790);
#2842=VERTEX_POINT('',#9794);
#2843=VERTEX_POINT('',#9796);
#2844=VERTEX_POINT('',#9803);
#2845=VERTEX_POINT('',#9804);
#2846=VERTEX_POINT('',#9806);
#2847=VERTEX_POINT('',#9808);
#2848=VERTEX_POINT('',#9812);
#2849=VERTEX_POINT('',#9814);
#2850=VERTEX_POINT('',#9818);
#2851=VERTEX_POINT('',#9820);
#2852=VERTEX_POINT('',#9824);
#2853=VERTEX_POINT('',#9826);
#2854=VERTEX_POINT('',#9830);
#2855=VERTEX_POINT('',#9832);
#2856=VERTEX_POINT('',#9836);
#2857=VERTEX_POINT('',#9838);
#2858=VERTEX_POINT('',#9842);
#2859=VERTEX_POINT('',#9844);
#2860=VERTEX_POINT('',#9848);
#2861=VERTEX_POINT('',#9850);
#2862=VERTEX_POINT('',#9852);
#2863=VERTEX_POINT('',#9854);
#2864=VERTEX_POINT('',#9859);
#2865=VERTEX_POINT('',#9862);
#2866=VERTEX_POINT('',#9864);
#2867=VERTEX_POINT('',#9867);
#2868=VERTEX_POINT('',#9870);
#2869=VERTEX_POINT('',#9872);
#2870=VERTEX_POINT('',#9875);
#2871=VERTEX_POINT('',#9877);
#2872=VERTEX_POINT('',#9881);
#2873=VERTEX_POINT('',#9888);
#2874=VERTEX_POINT('',#9890);
#2875=VERTEX_POINT('',#9894);
#2876=VERTEX_POINT('',#9900);
#2877=VERTEX_POINT('',#9902);
#2878=VERTEX_POINT('',#9906);
#2879=VERTEX_POINT('',#9912);
#2880=VERTEX_POINT('',#9914);
#2881=VERTEX_POINT('',#9918);
#2882=VERTEX_POINT('',#9925);
#2883=VERTEX_POINT('',#9927);
#2884=VERTEX_POINT('',#9931);
#2885=VERTEX_POINT('',#9933);
#2886=VERTEX_POINT('',#9937);
#2887=VERTEX_POINT('',#9938);
#2888=VERTEX_POINT('',#9940);
#2889=VERTEX_POINT('',#9942);
#2890=VERTEX_POINT('',#9946);
#2891=VERTEX_POINT('',#9948);
#2892=VERTEX_POINT('',#9952);
#2893=VERTEX_POINT('',#9954);
#2894=VERTEX_POINT('',#9958);
#2895=VERTEX_POINT('',#9960);
#2896=VERTEX_POINT('',#9964);
#2897=VERTEX_POINT('',#9966);
#2898=VERTEX_POINT('',#9974);
#2899=VERTEX_POINT('',#9975);
#2900=VERTEX_POINT('',#9977);
#2901=VERTEX_POINT('',#9979);
#2902=VERTEX_POINT('',#9983);
#2903=VERTEX_POINT('',#9985);
#2904=VERTEX_POINT('',#9989);
#2905=VERTEX_POINT('',#9991);
#2906=VERTEX_POINT('',#9998);
#2907=VERTEX_POINT('',#9999);
#2908=VERTEX_POINT('',#10003);
#2909=VERTEX_POINT('',#10005);
#2910=VERTEX_POINT('',#10018);
#2911=VERTEX_POINT('',#10019);
#2912=VERTEX_POINT('',#10021);
#2913=VERTEX_POINT('',#10023);
#2914=VERTEX_POINT('',#10027);
#2915=VERTEX_POINT('',#10029);
#2916=VERTEX_POINT('',#10032);
#2917=VERTEX_POINT('',#10035);
#2918=VERTEX_POINT('',#10037);
#2919=VERTEX_POINT('',#10039);
#2920=VERTEX_POINT('',#10041);
#2921=VERTEX_POINT('',#10043);
#2922=VERTEX_POINT('',#10045);
#2923=VERTEX_POINT('',#10047);
#2924=VERTEX_POINT('',#10049);
#2925=VERTEX_POINT('',#10051);
#2926=VERTEX_POINT('',#10053);
#2927=VERTEX_POINT('',#10055);
#2928=VERTEX_POINT('',#10057);
#2929=VERTEX_POINT('',#10059);
#2930=VERTEX_POINT('',#10062);
#2931=VERTEX_POINT('',#10063);
#2932=VERTEX_POINT('',#10065);
#2933=VERTEX_POINT('',#10067);
#2934=VERTEX_POINT('',#10070);
#2935=VERTEX_POINT('',#10072);
#2936=VERTEX_POINT('',#10075);
#2937=VERTEX_POINT('',#10076);
#2938=VERTEX_POINT('',#10081);
#2939=VERTEX_POINT('',#10083);
#2940=VERTEX_POINT('',#10085);
#2941=VERTEX_POINT('',#10087);
#2942=VERTEX_POINT('',#10089);
#2943=VERTEX_POINT('',#10091);
#2944=VERTEX_POINT('',#10102);
#2945=VERTEX_POINT('',#10106);
#2946=VERTEX_POINT('',#10108);
#2947=VERTEX_POINT('',#10110);
#2948=VERTEX_POINT('',#10112);
#2949=VERTEX_POINT('',#10120);
#2950=VERTEX_POINT('',#10123);
#2951=VERTEX_POINT('',#10124);
#2952=VERTEX_POINT('',#10129);
#2953=VERTEX_POINT('',#10131);
#2954=VERTEX_POINT('',#10135);
#2955=VERTEX_POINT('',#10139);
#2956=VERTEX_POINT('',#10143);
#2957=VERTEX_POINT('',#10144);
#2958=VERTEX_POINT('',#10146);
#2959=VERTEX_POINT('',#10148);
#2960=VERTEX_POINT('',#10152);
#2961=VERTEX_POINT('',#10154);
#2962=VERTEX_POINT('',#10158);
#2963=VERTEX_POINT('',#10160);
#2964=VERTEX_POINT('',#10164);
#2965=VERTEX_POINT('',#10166);
#2966=VERTEX_POINT('',#10170);
#2967=VERTEX_POINT('',#10172);
#2968=VERTEX_POINT('',#10180);
#2969=VERTEX_POINT('',#10181);
#2970=VERTEX_POINT('',#10183);
#2971=VERTEX_POINT('',#10185);
#2972=VERTEX_POINT('',#10189);
#2973=VERTEX_POINT('',#10191);
#2974=VERTEX_POINT('',#10195);
#2975=VERTEX_POINT('',#10197);
#2976=VERTEX_POINT('',#10201);
#2977=VERTEX_POINT('',#10203);
#2978=VERTEX_POINT('',#10207);
#2979=VERTEX_POINT('',#10209);
#2980=VERTEX_POINT('',#10219);
#2981=VERTEX_POINT('',#10220);
#2982=VERTEX_POINT('',#10222);
#2983=VERTEX_POINT('',#10224);
#2984=VERTEX_POINT('',#10226);
#2985=VERTEX_POINT('',#10228);
#2986=VERTEX_POINT('',#10230);
#2987=VERTEX_POINT('',#10232);
#2988=VERTEX_POINT('',#10235);
#2989=VERTEX_POINT('',#10237);
#2990=VERTEX_POINT('',#10262);
#2991=VERTEX_POINT('',#10263);
#2992=VERTEX_POINT('',#10265);
#2993=VERTEX_POINT('',#10267);
#2994=VERTEX_POINT('',#10271);
#2995=VERTEX_POINT('',#10273);
#2996=VERTEX_POINT('',#10277);
#2997=VERTEX_POINT('',#10279);
#2998=VERTEX_POINT('',#10285);
#2999=VERTEX_POINT('',#10287);
#3000=VERTEX_POINT('',#10289);
#3001=VERTEX_POINT('',#10291);
#3002=VERTEX_POINT('',#10293);
#3003=VERTEX_POINT('',#10295);
#3004=VERTEX_POINT('',#10297);
#3005=VERTEX_POINT('',#10299);
#3006=VERTEX_POINT('',#10301);
#3007=VERTEX_POINT('',#10303);
#3008=VERTEX_POINT('',#10305);
#3009=VERTEX_POINT('',#10307);
#3010=VERTEX_POINT('',#10311);
#3011=VERTEX_POINT('',#10313);
#3012=VERTEX_POINT('',#10317);
#3013=VERTEX_POINT('',#10319);
#3014=VERTEX_POINT('',#10321);
#3015=VERTEX_POINT('',#10323);
#3016=VERTEX_POINT('',#10325);
#3017=VERTEX_POINT('',#10327);
#3018=VERTEX_POINT('',#10329);
#3019=VERTEX_POINT('',#10331);
#3020=VERTEX_POINT('',#10333);
#3021=VERTEX_POINT('',#10335);
#3022=VERTEX_POINT('',#10337);
#3023=VERTEX_POINT('',#10339);
#3024=VERTEX_POINT('',#10343);
#3025=VERTEX_POINT('',#10345);
#3026=VERTEX_POINT('',#10349);
#3027=VERTEX_POINT('',#10351);
#3028=VERTEX_POINT('',#10353);
#3029=VERTEX_POINT('',#10357);
#3030=VERTEX_POINT('',#10358);
#3031=VERTEX_POINT('',#10360);
#3032=VERTEX_POINT('',#10362);
#3033=VERTEX_POINT('',#10366);
#3034=VERTEX_POINT('',#10371);
#3035=VERTEX_POINT('',#10373);
#3036=VERTEX_POINT('',#10377);
#3037=VERTEX_POINT('',#10381);
#3038=VERTEX_POINT('',#10384);
#3039=VERTEX_POINT('',#10386);
#3040=VERTEX_POINT('',#10388);
#3041=VERTEX_POINT('',#10390);
#3042=VERTEX_POINT('',#10392);
#3043=VERTEX_POINT('',#10395);
#3044=VERTEX_POINT('',#10397);
#3045=VERTEX_POINT('',#10401);
#3046=VERTEX_POINT('',#10403);
#3047=VERTEX_POINT('',#10407);
#3048=VERTEX_POINT('',#10409);
#3049=VERTEX_POINT('',#10416);
#3050=VERTEX_POINT('',#10418);
#3051=VERTEX_POINT('',#10422);
#3052=VERTEX_POINT('',#10424);
#3053=VERTEX_POINT('',#10426);
#3054=VERTEX_POINT('',#10430);
#3055=VERTEX_POINT('',#10440);
#3056=VERTEX_POINT('',#10444);
#3057=VERTEX_POINT('',#10453);
#3058=VERTEX_POINT('',#10454);
#3059=VERTEX_POINT('',#10456);
#3060=VERTEX_POINT('',#10458);
#3061=VERTEX_POINT('',#10470);
#3062=VERTEX_POINT('',#10472);
#3063=VERTEX_POINT('',#10476);
#3064=VERTEX_POINT('',#10478);
#3065=VERTEX_POINT('',#10482);
#3066=VERTEX_POINT('',#10484);
#3067=VERTEX_POINT('',#10486);
#3068=VERTEX_POINT('',#10488);
#3069=VERTEX_POINT('',#10492);
#3070=VERTEX_POINT('',#10496);
#3071=VERTEX_POINT('',#10500);
#3072=VERTEX_POINT('',#10504);
#3073=VERTEX_POINT('',#10511);
#3074=VERTEX_POINT('',#10513);
#3075=VERTEX_POINT('',#10517);
#3076=VERTEX_POINT('',#10519);
#3077=VERTEX_POINT('',#10523);
#3078=VERTEX_POINT('',#10525);
#3079=VERTEX_POINT('',#10527);
#3080=VERTEX_POINT('',#10529);
#3081=VERTEX_POINT('',#10533);
#3082=VERTEX_POINT('',#10537);
#3083=VERTEX_POINT('',#10541);
#3084=VERTEX_POINT('',#10543);
#3085=VERTEX_POINT('',#10552);
#3086=VERTEX_POINT('',#10554);
#3087=VERTEX_POINT('',#10558);
#3088=VERTEX_POINT('',#10559);
#3089=VERTEX_POINT('',#10561);
#3090=VERTEX_POINT('',#10563);
#3091=VERTEX_POINT('',#10567);
#3092=VERTEX_POINT('',#10568);
#3093=VERTEX_POINT('',#10570);
#3094=VERTEX_POINT('',#10572);
#3095=VERTEX_POINT('',#10576);
#3096=VERTEX_POINT('',#10577);
#3097=VERTEX_POINT('',#10579);
#3098=VERTEX_POINT('',#10581);
#3099=VERTEX_POINT('',#10585);
#3100=VERTEX_POINT('',#10586);
#3101=VERTEX_POINT('',#10588);
#3102=VERTEX_POINT('',#10590);
#3103=VERTEX_POINT('',#10594);
#3104=VERTEX_POINT('',#10595);
#3105=VERTEX_POINT('',#10597);
#3106=VERTEX_POINT('',#10599);
#3107=VERTEX_POINT('',#10603);
#3108=VERTEX_POINT('',#10604);
#3109=VERTEX_POINT('',#10606);
#3110=VERTEX_POINT('',#10608);
#3111=VERTEX_POINT('',#10612);
#3112=VERTEX_POINT('',#10613);
#3113=VERTEX_POINT('',#10615);
#3114=VERTEX_POINT('',#10617);
#3115=VERTEX_POINT('',#10621);
#3116=VERTEX_POINT('',#10622);
#3117=VERTEX_POINT('',#10624);
#3118=VERTEX_POINT('',#10626);
#3119=VERTEX_POINT('',#10630);
#3120=VERTEX_POINT('',#10631);
#3121=VERTEX_POINT('',#10633);
#3122=VERTEX_POINT('',#10635);
#3123=VERTEX_POINT('',#10639);
#3124=VERTEX_POINT('',#10640);
#3125=VERTEX_POINT('',#10642);
#3126=VERTEX_POINT('',#10644);
#3127=VERTEX_POINT('',#10648);
#3128=VERTEX_POINT('',#10649);
#3129=VERTEX_POINT('',#10651);
#3130=VERTEX_POINT('',#10653);
#3131=VERTEX_POINT('',#10657);
#3132=VERTEX_POINT('',#10658);
#3133=VERTEX_POINT('',#10660);
#3134=VERTEX_POINT('',#10662);
#3135=VERTEX_POINT('',#10666);
#3136=VERTEX_POINT('',#10667);
#3137=VERTEX_POINT('',#10669);
#3138=VERTEX_POINT('',#10671);
#3139=VERTEX_POINT('',#10675);
#3140=VERTEX_POINT('',#10676);
#3141=VERTEX_POINT('',#10678);
#3142=VERTEX_POINT('',#10680);
#3143=VERTEX_POINT('',#10684);
#3144=VERTEX_POINT('',#10685);
#3145=VERTEX_POINT('',#10687);
#3146=VERTEX_POINT('',#10689);
#3147=VERTEX_POINT('',#10693);
#3148=VERTEX_POINT('',#10694);
#3149=VERTEX_POINT('',#10696);
#3150=VERTEX_POINT('',#10698);
#3151=VERTEX_POINT('',#10702);
#3152=VERTEX_POINT('',#10703);
#3153=VERTEX_POINT('',#10705);
#3154=VERTEX_POINT('',#10707);
#3155=VERTEX_POINT('',#10711);
#3156=VERTEX_POINT('',#10712);
#3157=VERTEX_POINT('',#10714);
#3158=VERTEX_POINT('',#10716);
#3159=VERTEX_POINT('',#10720);
#3160=VERTEX_POINT('',#10721);
#3161=VERTEX_POINT('',#10723);
#3162=VERTEX_POINT('',#10725);
#3163=VERTEX_POINT('',#10729);
#3164=VERTEX_POINT('',#10730);
#3165=VERTEX_POINT('',#10732);
#3166=VERTEX_POINT('',#10734);
#3167=VERTEX_POINT('',#10738);
#3168=VERTEX_POINT('',#10739);
#3169=VERTEX_POINT('',#10741);
#3170=VERTEX_POINT('',#10743);
#3171=VERTEX_POINT('',#10747);
#3172=VERTEX_POINT('',#10748);
#3173=VERTEX_POINT('',#10750);
#3174=VERTEX_POINT('',#10752);
#3175=VERTEX_POINT('',#10756);
#3176=VERTEX_POINT('',#10757);
#3177=VERTEX_POINT('',#10759);
#3178=VERTEX_POINT('',#10761);
#3179=VERTEX_POINT('',#10765);
#3180=VERTEX_POINT('',#10766);
#3181=VERTEX_POINT('',#10768);
#3182=VERTEX_POINT('',#10770);
#3183=VERTEX_POINT('',#10774);
#3184=VERTEX_POINT('',#10775);
#3185=VERTEX_POINT('',#10777);
#3186=VERTEX_POINT('',#10779);
#3187=VERTEX_POINT('',#10783);
#3188=VERTEX_POINT('',#10784);
#3189=VERTEX_POINT('',#10786);
#3190=VERTEX_POINT('',#10788);
#3191=VERTEX_POINT('',#10792);
#3192=VERTEX_POINT('',#10793);
#3193=VERTEX_POINT('',#10795);
#3194=VERTEX_POINT('',#10797);
#3195=VERTEX_POINT('',#10801);
#3196=VERTEX_POINT('',#10802);
#3197=VERTEX_POINT('',#10804);
#3198=VERTEX_POINT('',#10806);
#3199=VERTEX_POINT('',#10810);
#3200=VERTEX_POINT('',#10811);
#3201=VERTEX_POINT('',#10813);
#3202=VERTEX_POINT('',#10815);
#3203=VERTEX_POINT('',#10819);
#3204=VERTEX_POINT('',#10820);
#3205=VERTEX_POINT('',#10822);
#3206=VERTEX_POINT('',#10824);
#3207=VERTEX_POINT('',#10828);
#3208=VERTEX_POINT('',#10829);
#3209=VERTEX_POINT('',#10831);
#3210=VERTEX_POINT('',#10833);
#3211=VERTEX_POINT('',#10837);
#3212=VERTEX_POINT('',#10838);
#3213=VERTEX_POINT('',#10840);
#3214=VERTEX_POINT('',#10842);
#3215=VERTEX_POINT('',#10846);
#3216=VERTEX_POINT('',#10847);
#3217=VERTEX_POINT('',#10849);
#3218=VERTEX_POINT('',#10851);
#3219=VERTEX_POINT('',#10855);
#3220=VERTEX_POINT('',#10856);
#3221=VERTEX_POINT('',#10858);
#3222=VERTEX_POINT('',#10860);
#3223=VERTEX_POINT('',#10864);
#3224=VERTEX_POINT('',#10865);
#3225=VERTEX_POINT('',#10867);
#3226=VERTEX_POINT('',#10869);
#3227=VERTEX_POINT('',#10873);
#3228=VERTEX_POINT('',#10874);
#3229=VERTEX_POINT('',#10876);
#3230=VERTEX_POINT('',#10878);
#3231=VERTEX_POINT('',#10882);
#3232=VERTEX_POINT('',#10883);
#3233=VERTEX_POINT('',#10885);
#3234=VERTEX_POINT('',#10887);
#3235=VERTEX_POINT('',#10891);
#3236=VERTEX_POINT('',#10892);
#3237=VERTEX_POINT('',#10894);
#3238=VERTEX_POINT('',#10896);
#3239=VERTEX_POINT('',#10900);
#3240=VERTEX_POINT('',#10901);
#3241=VERTEX_POINT('',#10903);
#3242=VERTEX_POINT('',#10905);
#3243=VERTEX_POINT('',#10909);
#3244=VERTEX_POINT('',#10911);
#3245=VERTEX_POINT('',#10953);
#3246=VERTEX_POINT('',#10957);
#3247=VERTEX_POINT('',#11040);
#3248=VERTEX_POINT('',#11042);
#3249=VERTEX_POINT('',#11048);
#3250=VERTEX_POINT('',#11050);
#3251=VERTEX_POINT('',#11056);
#3252=VERTEX_POINT('',#11058);
#3253=VERTEX_POINT('',#11068);
#3254=VERTEX_POINT('',#11070);
#3255=VERTEX_POINT('',#11078);
#3256=VERTEX_POINT('',#11079);
#3257=VERTEX_POINT('',#11081);
#3258=VERTEX_POINT('',#11083);
#3259=VERTEX_POINT('',#11087);
#3260=VERTEX_POINT('',#11089);
#3261=VERTEX_POINT('',#11093);
#3262=VERTEX_POINT('',#11095);
#3263=VERTEX_POINT('',#11103);
#3264=VERTEX_POINT('',#11104);
#3265=VERTEX_POINT('',#11106);
#3266=VERTEX_POINT('',#11108);
#3267=VERTEX_POINT('',#11112);
#3268=VERTEX_POINT('',#11114);
#3269=VERTEX_POINT('',#11118);
#3270=VERTEX_POINT('',#11120);
#3271=VERTEX_POINT('',#11126);
#3272=VERTEX_POINT('',#11127);
#3273=VERTEX_POINT('',#11129);
#3274=VERTEX_POINT('',#11131);
#3275=VERTEX_POINT('',#11135);
#3276=VERTEX_POINT('',#11137);
#3277=VERTEX_POINT('',#11141);
#3278=VERTEX_POINT('',#11143);
#3279=VERTEX_POINT('',#11149);
#3280=VERTEX_POINT('',#11151);
#3281=VERTEX_POINT('',#11153);
#3282=VERTEX_POINT('',#11155);
#3283=VERTEX_POINT('',#11160);
#3284=VERTEX_POINT('',#11162);
#3285=VERTEX_POINT('',#11166);
#3286=VERTEX_POINT('',#11168);
#3287=VERTEX_POINT('',#11178);
#3288=VERTEX_POINT('',#11179);
#3289=VERTEX_POINT('',#11181);
#3290=VERTEX_POINT('',#11183);
#3291=VERTEX_POINT('',#11187);
#3292=VERTEX_POINT('',#11189);
#3293=VERTEX_POINT('',#11193);
#3294=VERTEX_POINT('',#11195);
#3295=VERTEX_POINT('',#11199);
#3296=VERTEX_POINT('',#11201);
#3297=VERTEX_POINT('',#11205);
#3298=VERTEX_POINT('',#11207);
#3299=VERTEX_POINT('',#11211);
#3300=VERTEX_POINT('',#11213);
#3301=VERTEX_POINT('',#11215);
#3302=VERTEX_POINT('',#11217);
#3303=VERTEX_POINT('',#11219);
#3304=VERTEX_POINT('',#11221);
#3305=VERTEX_POINT('',#11223);
#3306=VERTEX_POINT('',#11225);
#3307=VERTEX_POINT('',#11227);
#3308=VERTEX_POINT('',#11229);
#3309=VERTEX_POINT('',#11233);
#3310=VERTEX_POINT('',#11235);
#3311=VERTEX_POINT('',#11239);
#3312=VERTEX_POINT('',#11241);
#3313=VERTEX_POINT('',#11246);
#3314=VERTEX_POINT('',#11248);
#3315=VERTEX_POINT('',#11250);
#3316=VERTEX_POINT('',#11252);
#3317=VERTEX_POINT('',#11254);
#3318=VERTEX_POINT('',#11256);
#3319=VERTEX_POINT('',#11258);
#3320=VERTEX_POINT('',#11260);
#3321=VERTEX_POINT('',#11262);
#3322=VERTEX_POINT('',#11264);
#3323=VERTEX_POINT('',#11267);
#3324=VERTEX_POINT('',#11269);
#3325=VERTEX_POINT('',#11271);
#3326=VERTEX_POINT('',#11274);
#3327=VERTEX_POINT('',#11276);
#3328=VERTEX_POINT('',#11280);
#3329=VERTEX_POINT('',#11286);
#3330=VERTEX_POINT('',#11288);
#3331=VERTEX_POINT('',#11292);
#3332=VERTEX_POINT('',#11298);
#3333=VERTEX_POINT('',#11300);
#3334=VERTEX_POINT('',#11304);
#3335=VERTEX_POINT('',#11333);
#3336=VERTEX_POINT('',#11334);
#3337=VERTEX_POINT('',#11336);
#3338=VERTEX_POINT('',#11338);
#3339=VERTEX_POINT('',#11342);
#3340=VERTEX_POINT('',#11344);
#3341=VERTEX_POINT('',#11348);
#3342=VERTEX_POINT('',#11350);
#3343=VERTEX_POINT('',#11358);
#3344=VERTEX_POINT('',#11359);
#3345=VERTEX_POINT('',#11361);
#3346=VERTEX_POINT('',#11363);
#3347=VERTEX_POINT('',#11367);
#3348=VERTEX_POINT('',#11369);
#3349=VERTEX_POINT('',#11373);
#3350=VERTEX_POINT('',#11375);
#3351=VERTEX_POINT('',#11381);
#3352=VERTEX_POINT('',#11382);
#3353=VERTEX_POINT('',#11384);
#3354=VERTEX_POINT('',#11386);
#3355=VERTEX_POINT('',#11390);
#3356=VERTEX_POINT('',#11392);
#3357=VERTEX_POINT('',#11396);
#3358=VERTEX_POINT('',#11398);
#3359=VERTEX_POINT('',#11404);
#3360=VERTEX_POINT('',#11406);
#3361=VERTEX_POINT('',#11408);
#3362=VERTEX_POINT('',#11410);
#3363=VERTEX_POINT('',#11415);
#3364=VERTEX_POINT('',#11417);
#3365=VERTEX_POINT('',#11421);
#3366=VERTEX_POINT('',#11423);
#3367=VERTEX_POINT('',#11433);
#3368=VERTEX_POINT('',#11434);
#3369=VERTEX_POINT('',#11436);
#3370=VERTEX_POINT('',#11438);
#3371=VERTEX_POINT('',#11442);
#3372=VERTEX_POINT('',#11444);
#3373=VERTEX_POINT('',#11448);
#3374=VERTEX_POINT('',#11450);
#3375=VERTEX_POINT('',#11460);
#3376=VERTEX_POINT('',#11461);
#3377=VERTEX_POINT('',#11463);
#3378=VERTEX_POINT('',#11465);
#3379=VERTEX_POINT('',#11469);
#3380=VERTEX_POINT('',#11471);
#3381=VERTEX_POINT('',#11475);
#3382=VERTEX_POINT('',#11479);
#3383=EDGE_CURVE('',#2766,#2767,#1466,.T.);
#3384=EDGE_CURVE('',#2767,#2766,#1189,.T.);
#3385=EDGE_CURVE('',#2768,#2766,#1467,.T.);
#3386=EDGE_CURVE('',#2768,#2769,#1468,.T.);
#3387=EDGE_CURVE('',#2767,#2769,#1469,.T.);
#3388=EDGE_CURVE('',#2768,#2769,#1190,.T.);
#3389=EDGE_CURVE('',#2770,#2771,#1470,.T.);
#3390=EDGE_CURVE('',#2771,#2772,#1471,.T.);
#3391=EDGE_CURVE('',#2772,#2773,#1472,.T.);
#3392=EDGE_CURVE('',#2773,#2770,#1473,.T.);
#3393=EDGE_CURVE('',#2774,#2771,#1474,.T.);
#3394=EDGE_CURVE('',#2775,#2774,#1475,.T.);
#3395=EDGE_CURVE('',#2772,#2775,#1476,.T.);
#3396=EDGE_CURVE('',#2770,#2776,#1477,.T.);
#3397=EDGE_CURVE('',#2777,#2776,#1478,.T.);
#3398=EDGE_CURVE('',#2777,#2778,#1479,.T.);
#3399=EDGE_CURVE('',#2779,#2778,#1480,.T.);
#3400=EDGE_CURVE('',#2779,#2780,#1481,.T.);
#3401=EDGE_CURVE('',#2774,#2780,#1482,.T.);
#3402=EDGE_CURVE('',#2781,#2782,#1191,.T.);
#3403=EDGE_CURVE('',#2782,#2783,#1483,.T.);
#3404=EDGE_CURVE('',#2783,#2784,#1192,.T.);
#3405=EDGE_CURVE('',#2784,#2785,#1484,.T.);
#3406=EDGE_CURVE('',#2785,#2786,#1193,.T.);
#3407=EDGE_CURVE('',#2786,#2787,#1485,.T.);
#3408=EDGE_CURVE('',#2787,#2788,#1194,.T.);
#3409=EDGE_CURVE('',#2788,#2781,#1486,.T.);
#3410=EDGE_CURVE('',#2776,#2789,#1487,.T.);
#3411=EDGE_CURVE('',#2789,#2790,#1488,.T.);
#3412=EDGE_CURVE('',#2790,#2777,#1489,.T.);
#3413=EDGE_CURVE('',#2791,#2790,#1490,.T.);
#3414=EDGE_CURVE('',#2778,#2791,#1491,.T.);
#3415=EDGE_CURVE('',#2791,#2792,#1492,.T.);
#3416=EDGE_CURVE('',#2792,#2779,#1493,.T.);
#3417=EDGE_CURVE('',#2780,#2793,#1494,.T.);
#3418=EDGE_CURVE('',#2793,#2775,#1495,.T.);
#3419=EDGE_CURVE('',#2794,#2794,#1195,.T.);
#3420=EDGE_CURVE('',#2794,#2795,#1496,.T.);
#3421=EDGE_CURVE('',#2795,#2795,#1196,.T.);
#3422=EDGE_CURVE('',#2793,#2792,#1497,.T.);
#3423=EDGE_CURVE('',#2789,#2773,#1498,.T.);
#3424=EDGE_CURVE('',#2796,#2796,#1197,.T.);
#3425=EDGE_CURVE('',#2797,#2797,#1198,.T.);
#3426=EDGE_CURVE('',#2798,#2798,#1199,.T.);
#3427=EDGE_CURVE('',#2799,#2799,#1200,.T.);
#3428=EDGE_CURVE('',#2785,#2800,#1499,.T.);
#3429=EDGE_CURVE('',#2801,#2800,#1201,.T.);
#3430=EDGE_CURVE('',#2786,#2801,#1500,.T.);
#3431=EDGE_CURVE('',#2784,#2802,#1501,.T.);
#3432=EDGE_CURVE('',#2800,#2802,#1502,.T.);
#3433=EDGE_CURVE('',#2783,#2803,#1503,.T.);
#3434=EDGE_CURVE('',#2802,#2803,#1202,.T.);
#3435=EDGE_CURVE('',#2782,#2804,#1504,.T.);
#3436=EDGE_CURVE('',#2803,#2804,#1505,.T.);
#3437=EDGE_CURVE('',#2805,#2806,#1506,.T.);
#3438=EDGE_CURVE('',#2806,#2807,#1507,.T.);
#3439=EDGE_CURVE('',#2807,#2808,#1508,.T.);
#3440=EDGE_CURVE('',#2808,#2805,#1509,.T.);
#3441=EDGE_CURVE('',#2805,#2809,#1510,.T.);
#3442=EDGE_CURVE('',#2810,#2809,#1511,.T.);
#3443=EDGE_CURVE('',#2810,#2811,#1512,.T.);
#3444=EDGE_CURVE('',#2812,#2811,#1513,.T.);
#3445=EDGE_CURVE('',#2812,#2813,#1514,.T.);
#3446=EDGE_CURVE('',#2814,#2813,#1515,.T.);
#3447=EDGE_CURVE('',#2814,#2806,#1516,.T.);
#3448=EDGE_CURVE('',#2804,#2815,#1203,.T.);
#3449=EDGE_CURVE('',#2815,#2816,#1517,.T.);
#3450=EDGE_CURVE('',#2816,#2817,#1204,.T.);
#3451=EDGE_CURVE('',#2817,#2801,#1518,.T.);
#3452=EDGE_CURVE('',#2818,#2808,#1519,.T.);
#3453=EDGE_CURVE('',#2809,#2818,#1520,.T.);
#3454=EDGE_CURVE('',#2818,#2819,#1521,.T.);
#3455=EDGE_CURVE('',#2819,#2810,#1522,.T.);
#3456=EDGE_CURVE('',#2813,#2820,#1523,.T.);
#3457=EDGE_CURVE('',#2820,#2821,#1524,.T.);
#3458=EDGE_CURVE('',#2821,#2814,#1525,.T.);
#3459=EDGE_CURVE('',#2822,#2812,#1526,.T.);
#3460=EDGE_CURVE('',#2820,#2822,#1527,.T.);
#3461=EDGE_CURVE('',#2811,#2823,#1528,.T.);
#3462=EDGE_CURVE('',#2823,#2822,#1529,.T.);
#3463=EDGE_CURVE('',#2823,#2819,#1530,.T.);
#3464=EDGE_CURVE('',#2824,#2824,#1205,.T.);
#3465=EDGE_CURVE('',#2825,#2825,#1206,.T.);
#3466=EDGE_CURVE('',#2826,#2826,#1207,.T.);
#3467=EDGE_CURVE('',#2827,#2827,#1208,.T.);
#3468=EDGE_CURVE('',#2807,#2821,#1531,.T.);
#3469=EDGE_CURVE('',#2781,#2815,#1532,.T.);
#3470=EDGE_CURVE('',#2787,#2817,#1533,.T.);
#3471=EDGE_CURVE('',#2788,#2816,#1534,.T.);
#3472=EDGE_CURVE('',#2799,#2827,#1535,.T.);
#3473=EDGE_CURVE('',#2798,#2826,#1536,.T.);
#3474=EDGE_CURVE('',#2797,#2825,#1537,.T.);
#3475=EDGE_CURVE('',#2796,#2824,#1538,.T.);
#3476=EDGE_CURVE('',#2828,#2829,#1539,.T.);
#3477=EDGE_CURVE('',#2828,#2830,#1540,.T.);
#3478=EDGE_CURVE('',#2831,#2830,#1541,.T.);
#3479=EDGE_CURVE('',#2829,#2831,#1542,.T.);
#3480=EDGE_CURVE('',#2832,#2828,#1543,.T.);
#3481=EDGE_CURVE('',#2833,#2832,#1544,.T.);
#3482=EDGE_CURVE('',#2830,#2833,#1545,.T.);
#3483=EDGE_CURVE('',#2834,#2835,#1546,.T.);
#3484=EDGE_CURVE('',#2834,#2836,#1547,.T.);
#3485=EDGE_CURVE('',#2837,#2836,#1548,.T.);
#3486=EDGE_CURVE('',#2835,#2837,#1549,.T.);
#3487=EDGE_CURVE('',#2838,#2834,#1550,.T.);
#3488=EDGE_CURVE('',#2838,#2839,#1551,.T.);
#3489=EDGE_CURVE('',#2836,#2839,#1552,.T.);
#3490=EDGE_CURVE('',#2840,#2838,#1553,.T.);
#3491=EDGE_CURVE('',#2840,#2841,#1554,.T.);
#3492=EDGE_CURVE('',#2839,#2841,#1555,.T.);
#3493=EDGE_CURVE('',#2842,#2840,#1556,.T.);
#3494=EDGE_CURVE('',#2842,#2843,#1557,.T.);
#3495=EDGE_CURVE('',#2841,#2843,#1558,.T.);
#3496=EDGE_CURVE('',#2829,#2842,#1559,.T.);
#3497=EDGE_CURVE('',#2843,#2831,#1560,.T.);
#3498=EDGE_CURVE('',#2844,#2845,#1561,.T.);
#3499=EDGE_CURVE('',#2844,#2846,#1562,.T.);
#3500=EDGE_CURVE('',#2847,#2846,#1563,.T.);
#3501=EDGE_CURVE('',#2845,#2847,#1564,.T.);
#3502=EDGE_CURVE('',#2848,#2844,#1565,.T.);
#3503=EDGE_CURVE('',#2848,#2849,#1566,.T.);
#3504=EDGE_CURVE('',#2846,#2849,#1567,.T.);
#3505=EDGE_CURVE('',#2850,#2848,#1568,.T.);
#3506=EDGE_CURVE('',#2850,#2851,#1569,.T.);
#3507=EDGE_CURVE('',#2849,#2851,#1570,.T.);
#3508=EDGE_CURVE('',#2852,#2850,#1571,.T.);
#3509=EDGE_CURVE('',#2852,#2853,#1572,.T.);
#3510=EDGE_CURVE('',#2851,#2853,#1573,.T.);
#3511=EDGE_CURVE('',#2854,#2852,#1574,.T.);
#3512=EDGE_CURVE('',#2854,#2855,#1575,.T.);
#3513=EDGE_CURVE('',#2853,#2855,#1576,.T.);
#3514=EDGE_CURVE('',#2856,#2854,#1577,.T.);
#3515=EDGE_CURVE('',#2857,#2856,#1578,.T.);
#3516=EDGE_CURVE('',#2855,#2857,#1579,.T.);
#3517=EDGE_CURVE('',#2845,#2858,#1580,.T.);
#3518=EDGE_CURVE('',#2859,#2847,#1581,.T.);
#3519=EDGE_CURVE('',#2858,#2859,#1582,.T.);
#3520=EDGE_CURVE('',#2860,#2833,#1583,.T.);
#3521=EDGE_CURVE('',#2861,#2860,#1584,.T.);
#3522=EDGE_CURVE('',#2861,#2862,#1585,.T.);
#3523=EDGE_CURVE('',#2862,#2863,#1586,.T.);
#3524=EDGE_CURVE('',#2859,#2863,#1587,.T.);
#3525=EDGE_CURVE('',#2837,#2857,#1588,.T.);
#3526=EDGE_CURVE('',#2863,#2864,#1589,.T.);
#3527=EDGE_CURVE('',#2864,#2858,#1590,.T.);
#3528=EDGE_CURVE('',#2865,#2865,#1209,.T.);
#3529=EDGE_CURVE('',#2866,#2866,#1210,.T.);
#3530=EDGE_CURVE('',#2832,#2867,#1591,.T.);
#3531=EDGE_CURVE('',#2867,#2860,#1592,.T.);
#3532=EDGE_CURVE('',#2868,#2868,#1211,.T.);
#3533=EDGE_CURVE('',#2869,#2869,#1212,.T.);
#3534=EDGE_CURVE('',#2870,#2870,#1213,.T.);
#3535=EDGE_CURVE('',#2870,#2871,#1593,.T.);
#3536=EDGE_CURVE('',#2871,#2871,#1214,.T.);
#3537=EDGE_CURVE('',#2872,#2872,#1215,.T.);
#3538=EDGE_CURVE('',#2872,#2868,#1594,.T.);
#3539=EDGE_CURVE('',#2856,#2835,#1595,.T.);
#3540=EDGE_CURVE('',#2873,#2873,#1216,.T.);
#3541=EDGE_CURVE('',#2873,#2874,#1596,.T.);
#3542=EDGE_CURVE('',#2874,#2874,#1217,.T.);
#3543=EDGE_CURVE('',#2875,#2875,#1218,.T.);
#3544=EDGE_CURVE('',#2875,#2865,#1597,.T.);
#3545=EDGE_CURVE('',#2876,#2876,#1219,.T.);
#3546=EDGE_CURVE('',#2876,#2877,#1598,.T.);
#3547=EDGE_CURVE('',#2877,#2877,#1220,.T.);
#3548=EDGE_CURVE('',#2878,#2878,#1221,.T.);
#3549=EDGE_CURVE('',#2878,#2869,#1599,.T.);
#3550=EDGE_CURVE('',#2879,#2879,#1222,.T.);
#3551=EDGE_CURVE('',#2879,#2880,#1600,.T.);
#3552=EDGE_CURVE('',#2880,#2880,#1223,.T.);
#3553=EDGE_CURVE('',#2881,#2881,#1224,.T.);
#3554=EDGE_CURVE('',#2881,#2866,#1601,.T.);
#3555=EDGE_CURVE('',#2882,#2864,#1602,.T.);
#3556=EDGE_CURVE('',#2882,#2883,#1603,.T.);
#3557=EDGE_CURVE('',#2883,#2867,#1604,.T.);
#3558=EDGE_CURVE('',#2884,#2884,#1225,.T.);
#3559=EDGE_CURVE('',#2884,#2885,#1605,.T.);
#3560=EDGE_CURVE('',#2885,#2885,#1226,.T.);
#3561=EDGE_CURVE('',#2886,#2887,#1606,.T.);
#3562=EDGE_CURVE('',#2886,#2888,#1607,.T.);
#3563=EDGE_CURVE('',#2888,#2889,#1608,.T.);
#3564=EDGE_CURVE('',#2887,#2889,#1609,.T.);
#3565=EDGE_CURVE('',#2890,#2886,#1610,.T.);
#3566=EDGE_CURVE('',#2890,#2891,#1611,.T.);
#3567=EDGE_CURVE('',#2891,#2888,#1612,.T.);
#3568=EDGE_CURVE('',#2892,#2890,#1613,.T.);
#3569=EDGE_CURVE('',#2892,#2893,#1614,.T.);
#3570=EDGE_CURVE('',#2893,#2891,#1615,.T.);
#3571=EDGE_CURVE('',#2894,#2892,#1616,.T.);
#3572=EDGE_CURVE('',#2894,#2895,#1617,.T.);
#3573=EDGE_CURVE('',#2895,#2893,#1618,.T.);
#3574=EDGE_CURVE('',#2896,#2894,#1619,.T.);
#3575=EDGE_CURVE('',#2896,#2897,#1620,.T.);
#3576=EDGE_CURVE('',#2897,#2895,#1621,.T.);
#3577=EDGE_CURVE('',#2887,#2896,#1622,.T.);
#3578=EDGE_CURVE('',#2889,#2897,#1623,.T.);
#3579=EDGE_CURVE('',#2898,#2899,#1624,.T.);
#3580=EDGE_CURVE('',#2898,#2900,#1625,.T.);
#3581=EDGE_CURVE('',#2901,#2900,#1626,.T.);
#3582=EDGE_CURVE('',#2899,#2901,#1627,.T.);
#3583=EDGE_CURVE('',#2899,#2902,#1227,.T.);
#3584=EDGE_CURVE('',#2903,#2901,#1228,.T.);
#3585=EDGE_CURVE('',#2902,#2903,#1628,.T.);
#3586=EDGE_CURVE('',#2902,#2904,#1629,.T.);
#3587=EDGE_CURVE('',#2905,#2903,#1630,.T.);
#3588=EDGE_CURVE('',#2904,#2905,#1631,.T.);
#3589=EDGE_CURVE('',#2904,#2898,#1632,.T.);
#3590=EDGE_CURVE('',#2900,#2905,#1633,.T.);
#3591=EDGE_CURVE('',#2906,#2907,#1229,.T.);
#3592=EDGE_CURVE('',#2907,#2906,#1634,.T.);
#3593=EDGE_CURVE('',#2907,#2908,#1635,.T.);
#3594=EDGE_CURVE('',#2908,#2909,#1636,.T.);
#3595=EDGE_CURVE('',#2909,#2906,#1637,.T.);
#3596=EDGE_CURVE('',#2909,#2908,#1230,.T.);
#3597=EDGE_CURVE('',#2862,#2882,#1638,.T.);
#3598=EDGE_CURVE('',#2883,#2861,#1639,.T.);
#3599=EDGE_CURVE('',#2910,#2911,#1640,.T.);
#3600=EDGE_CURVE('',#2912,#2910,#1641,.T.);
#3601=EDGE_CURVE('',#2913,#2912,#1642,.T.);
#3602=EDGE_CURVE('',#2911,#2913,#1643,.T.);
#3603=EDGE_CURVE('',#2914,#2910,#1644,.T.);
#3604=EDGE_CURVE('',#2914,#2915,#1645,.T.);
#3605=EDGE_CURVE('',#2912,#2915,#1646,.T.);
#3606=EDGE_CURVE('',#2916,#2916,#1231,.T.);
#3607=EDGE_CURVE('',#2917,#2911,#1647,.T.);
#3608=EDGE_CURVE('',#2917,#2918,#1648,.T.);
#3609=EDGE_CURVE('',#2919,#2918,#1649,.T.);
#3610=EDGE_CURVE('',#2919,#2920,#1650,.T.);
#3611=EDGE_CURVE('',#2920,#2921,#1651,.T.);
#3612=EDGE_CURVE('',#2921,#2922,#1652,.T.);
#3613=EDGE_CURVE('',#2922,#2923,#1653,.T.);
#3614=EDGE_CURVE('',#2923,#2924,#1654,.T.);
#3615=EDGE_CURVE('',#2925,#2924,#1655,.T.);
#3616=EDGE_CURVE('',#2925,#2926,#1656,.T.);
#3617=EDGE_CURVE('',#2926,#2927,#1657,.T.);
#3618=EDGE_CURVE('',#2927,#2928,#1658,.T.);
#3619=EDGE_CURVE('',#2928,#2929,#1659,.T.);
#3620=EDGE_CURVE('',#2929,#2914,#1660,.T.);
#3621=EDGE_CURVE('',#2930,#2931,#1661,.T.);
#3622=EDGE_CURVE('',#2931,#2932,#1662,.T.);
#3623=EDGE_CURVE('',#2932,#2933,#1663,.T.);
#3624=EDGE_CURVE('',#2933,#2930,#1664,.T.);
#3625=EDGE_CURVE('',#2934,#2934,#1232,.T.);
#3626=EDGE_CURVE('',#2935,#2935,#1233,.T.);
#3627=EDGE_CURVE('',#2936,#2937,#1665,.T.);
#3628=EDGE_CURVE('',#2922,#2936,#1666,.T.);
#3629=EDGE_CURVE('',#2937,#2921,#1667,.T.);
#3630=EDGE_CURVE('',#2938,#2937,#1668,.T.);
#3631=EDGE_CURVE('',#2939,#2938,#1669,.T.);
#3632=EDGE_CURVE('',#2939,#2940,#1670,.T.);
#3633=EDGE_CURVE('',#2940,#2941,#1671,.T.);
#3634=EDGE_CURVE('',#2941,#2942,#1672,.T.);
#3635=EDGE_CURVE('',#2942,#2943,#1673,.T.);
#3636=EDGE_CURVE('',#2943,#2936,#1674,.T.);
#3637=EDGE_CURVE('',#2938,#2920,#1675,.T.);
#3638=EDGE_CURVE('',#2943,#2923,#1676,.T.);
#3639=EDGE_CURVE('',#2924,#2942,#1677,.T.);
#3640=EDGE_CURVE('',#2925,#2941,#1678,.T.);
#3641=EDGE_CURVE('',#2915,#2944,#1679,.T.);
#3642=EDGE_CURVE('',#2944,#2929,#1680,.T.);
#3643=EDGE_CURVE('',#2945,#2944,#1681,.T.);
#3644=EDGE_CURVE('',#2946,#2945,#1682,.T.);
#3645=EDGE_CURVE('',#2946,#2947,#1683,.T.);
#3646=EDGE_CURVE('',#2947,#2948,#1684,.T.);
#3647=EDGE_CURVE('',#2948,#2913,#1685,.T.);
#3648=EDGE_CURVE('',#2945,#2928,#1686,.T.);
#3649=EDGE_CURVE('',#2917,#2948,#1687,.T.);
#3650=EDGE_CURVE('',#2949,#2949,#1234,.T.);
#3651=EDGE_CURVE('',#2950,#2951,#1688,.T.);
#3652=EDGE_CURVE('',#2950,#2927,#1689,.T.);
#3653=EDGE_CURVE('',#2951,#2926,#1690,.T.);
#3654=EDGE_CURVE('',#2951,#2952,#1691,.T.);
#3655=EDGE_CURVE('',#2952,#2953,#1692,.T.);
#3656=EDGE_CURVE('',#2953,#2950,#1693,.T.);
#3657=EDGE_CURVE('',#2954,#2954,#1235,.T.);
#3658=EDGE_CURVE('',#2954,#2949,#1694,.T.);
#3659=EDGE_CURVE('',#2955,#2955,#1236,.T.);
#3660=EDGE_CURVE('',#2955,#2916,#1695,.T.);
#3661=EDGE_CURVE('',#2956,#2957,#1696,.T.);
#3662=EDGE_CURVE('',#2956,#2958,#1697,.T.);
#3663=EDGE_CURVE('',#2958,#2959,#1698,.T.);
#3664=EDGE_CURVE('',#2957,#2959,#1699,.T.);
#3665=EDGE_CURVE('',#2960,#2956,#1700,.T.);
#3666=EDGE_CURVE('',#2960,#2961,#1701,.T.);
#3667=EDGE_CURVE('',#2961,#2958,#1702,.T.);
#3668=EDGE_CURVE('',#2962,#2960,#1703,.T.);
#3669=EDGE_CURVE('',#2962,#2963,#1704,.T.);
#3670=EDGE_CURVE('',#2963,#2961,#1705,.T.);
#3671=EDGE_CURVE('',#2964,#2962,#1706,.T.);
#3672=EDGE_CURVE('',#2964,#2965,#1707,.T.);
#3673=EDGE_CURVE('',#2965,#2963,#1708,.T.);
#3674=EDGE_CURVE('',#2966,#2964,#1709,.T.);
#3675=EDGE_CURVE('',#2966,#2967,#1710,.T.);
#3676=EDGE_CURVE('',#2967,#2965,#1711,.T.);
#3677=EDGE_CURVE('',#2957,#2966,#1712,.T.);
#3678=EDGE_CURVE('',#2959,#2967,#1713,.T.);
#3679=EDGE_CURVE('',#2968,#2969,#1714,.T.);
#3680=EDGE_CURVE('',#2968,#2970,#1715,.T.);
#3681=EDGE_CURVE('',#2970,#2971,#1716,.T.);
#3682=EDGE_CURVE('',#2969,#2971,#1717,.T.);
#3683=EDGE_CURVE('',#2972,#2968,#1718,.T.);
#3684=EDGE_CURVE('',#2972,#2973,#1719,.T.);
#3685=EDGE_CURVE('',#2973,#2970,#1720,.T.);
#3686=EDGE_CURVE('',#2974,#2972,#1721,.T.);
#3687=EDGE_CURVE('',#2974,#2975,#1722,.T.);
#3688=EDGE_CURVE('',#2975,#2973,#1723,.T.);
#3689=EDGE_CURVE('',#2976,#2974,#1724,.T.);
#3690=EDGE_CURVE('',#2976,#2977,#1725,.T.);
#3691=EDGE_CURVE('',#2977,#2975,#1726,.T.);
#3692=EDGE_CURVE('',#2978,#2976,#1727,.T.);
#3693=EDGE_CURVE('',#2978,#2979,#1728,.T.);
#3694=EDGE_CURVE('',#2979,#2977,#1729,.T.);
#3695=EDGE_CURVE('',#2969,#2978,#1730,.T.);
#3696=EDGE_CURVE('',#2971,#2979,#1731,.T.);
#3697=EDGE_CURVE('',#2952,#2940,#1732,.T.);
#3698=EDGE_CURVE('',#2980,#2981,#1733,.T.);
#3699=EDGE_CURVE('',#2981,#2982,#1734,.T.);
#3700=EDGE_CURVE('',#2983,#2982,#1735,.T.);
#3701=EDGE_CURVE('',#2984,#2983,#1736,.T.);
#3702=EDGE_CURVE('',#2984,#2985,#1737,.T.);
#3703=EDGE_CURVE('',#2985,#2986,#1738,.T.);
#3704=EDGE_CURVE('',#2986,#2987,#1739,.T.);
#3705=EDGE_CURVE('',#2987,#2980,#1740,.T.);
#3706=EDGE_CURVE('',#2988,#2988,#1237,.T.);
#3707=EDGE_CURVE('',#2989,#2989,#1238,.T.);
#3708=EDGE_CURVE('',#2953,#2946,#1741,.T.);
#3709=EDGE_CURVE('',#2986,#2931,#1742,.T.);
#3710=EDGE_CURVE('',#2987,#2930,#1743,.T.);
#3711=EDGE_CURVE('',#2985,#2932,#1744,.T.);
#3712=EDGE_CURVE('',#2980,#2933,#1745,.T.);
#3713=EDGE_CURVE('',#2984,#2947,#1746,.T.);
#3714=EDGE_CURVE('',#2981,#2939,#1747,.T.);
#3715=EDGE_CURVE('',#2988,#2934,#1748,.T.);
#3716=EDGE_CURVE('',#2989,#2935,#1749,.T.);
#3717=EDGE_CURVE('',#2982,#2919,#1750,.T.);
#3718=EDGE_CURVE('',#2918,#2983,#1751,.T.);
#3719=EDGE_CURVE('',#2990,#2991,#1752,.T.);
#3720=EDGE_CURVE('',#2990,#2992,#1753,.T.);
#3721=EDGE_CURVE('',#2992,#2993,#1754,.T.);
#3722=EDGE_CURVE('',#2991,#2993,#1755,.T.);
#3723=EDGE_CURVE('',#2994,#2990,#1756,.T.);
#3724=EDGE_CURVE('',#2994,#2995,#1757,.T.);
#3725=EDGE_CURVE('',#2995,#2992,#1758,.T.);
#3726=EDGE_CURVE('',#2996,#2994,#1759,.T.);
#3727=EDGE_CURVE('',#2997,#2996,#1760,.T.);
#3728=EDGE_CURVE('',#2997,#2995,#1761,.T.);
#3729=EDGE_CURVE('',#2993,#2997,#1762,.T.);
#3730=EDGE_CURVE('',#2998,#2991,#1763,.T.);
#3731=EDGE_CURVE('',#2999,#2998,#1239,.T.);
#3732=EDGE_CURVE('',#3000,#2999,#1764,.T.);
#3733=EDGE_CURVE('',#3000,#3001,#1765,.T.);
#3734=EDGE_CURVE('',#3001,#3002,#1240,.T.);
#3735=EDGE_CURVE('',#3002,#3003,#1766,.T.);
#3736=EDGE_CURVE('',#3004,#3003,#1767,.T.);
#3737=EDGE_CURVE('',#3005,#3004,#1241,.T.);
#3738=EDGE_CURVE('',#3006,#3005,#1768,.T.);
#3739=EDGE_CURVE('',#3006,#3007,#1769,.T.);
#3740=EDGE_CURVE('',#3007,#3008,#1242,.T.);
#3741=EDGE_CURVE('',#3008,#3009,#1770,.T.);
#3742=EDGE_CURVE('',#2996,#3009,#1771,.T.);
#3743=EDGE_CURVE('',#2998,#3010,#1772,.T.);
#3744=EDGE_CURVE('',#3010,#3011,#1243,.F.);
#3745=EDGE_CURVE('',#3011,#2999,#1773,.T.);
#3746=EDGE_CURVE('',#3011,#3012,#1774,.T.);
#3747=EDGE_CURVE('',#3013,#3012,#1775,.T.);
#3748=EDGE_CURVE('',#3014,#3013,#1776,.T.);
#3749=EDGE_CURVE('',#3015,#3014,#1777,.T.);
#3750=EDGE_CURVE('',#3016,#3015,#1778,.T.);
#3751=EDGE_CURVE('',#3017,#3016,#1779,.T.);
#3752=EDGE_CURVE('',#3018,#3017,#1780,.T.);
#3753=EDGE_CURVE('',#3018,#3019,#1781,.T.);
#3754=EDGE_CURVE('',#3020,#3019,#1782,.T.);
#3755=EDGE_CURVE('',#3021,#3020,#1783,.T.);
#3756=EDGE_CURVE('',#3022,#3021,#1784,.T.);
#3757=EDGE_CURVE('',#3022,#3023,#1785,.T.);
#3758=EDGE_CURVE('',#3023,#3000,#1786,.T.);
#3759=EDGE_CURVE('',#3024,#3015,#1244,.T.);
#3760=EDGE_CURVE('',#3014,#3025,#1245,.F.);
#3761=EDGE_CURVE('',#3025,#3024,#1787,.T.);
#3762=EDGE_CURVE('',#3025,#3026,#1788,.T.);
#3763=EDGE_CURVE('',#3027,#3026,#1789,.T.);
#3764=EDGE_CURVE('',#3028,#3027,#1790,.T.);
#3765=EDGE_CURVE('',#3024,#3028,#1791,.T.);
#3766=EDGE_CURVE('',#3029,#3030,#1246,.T.);
#3767=EDGE_CURVE('',#3030,#3031,#1792,.T.);
#3768=EDGE_CURVE('',#3031,#3032,#1247,.F.);
#3769=EDGE_CURVE('',#3032,#3029,#1793,.T.);
#3770=EDGE_CURVE('',#3009,#3033,#1794,.T.);
#3771=EDGE_CURVE('',#3033,#3029,#1795,.T.);
#3772=EDGE_CURVE('',#3032,#3010,#1796,.T.);
#3773=EDGE_CURVE('',#3034,#3027,#1248,.T.);
#3774=EDGE_CURVE('',#3026,#3035,#1249,.F.);
#3775=EDGE_CURVE('',#3035,#3034,#1797,.T.);
#3776=EDGE_CURVE('',#3034,#3036,#1798,.T.);
#3777=EDGE_CURVE('',#3036,#3028,#1250,.T.);
#3778=EDGE_CURVE('',#3030,#3037,#1799,.T.);
#3779=EDGE_CURVE('',#3037,#3006,#1800,.T.);
#3780=EDGE_CURVE('',#3038,#3005,#1801,.T.);
#3781=EDGE_CURVE('',#3038,#3039,#1802,.T.);
#3782=EDGE_CURVE('',#3040,#3039,#1803,.T.);
#3783=EDGE_CURVE('',#3041,#3040,#1804,.T.);
#3784=EDGE_CURVE('',#3042,#3041,#1805,.T.);
#3785=EDGE_CURVE('',#3036,#3042,#1806,.T.);
#3786=EDGE_CURVE('',#3035,#3043,#1807,.T.);
#3787=EDGE_CURVE('',#3044,#3043,#1808,.T.);
#3788=EDGE_CURVE('',#3031,#3044,#1809,.T.);
#3789=EDGE_CURVE('',#3017,#3045,#1251,.T.);
#3790=EDGE_CURVE('',#3045,#3046,#1810,.T.);
#3791=EDGE_CURVE('',#3046,#3018,#1252,.F.);
#3792=EDGE_CURVE('',#3047,#3042,#1253,.T.);
#3793=EDGE_CURVE('',#3041,#3048,#1254,.F.);
#3794=EDGE_CURVE('',#3048,#3047,#1811,.T.);
#3795=EDGE_CURVE('',#3047,#3045,#1812,.T.);
#3796=EDGE_CURVE('',#3048,#3046,#1813,.T.);
#3797=EDGE_CURVE('',#3049,#3022,#1255,.T.);
#3798=EDGE_CURVE('',#3021,#3050,#1256,.F.);
#3799=EDGE_CURVE('',#3050,#3049,#1814,.T.);
#3800=EDGE_CURVE('',#3051,#3049,#1815,.T.);
#3801=EDGE_CURVE('',#3052,#3051,#1816,.T.);
#3802=EDGE_CURVE('',#3053,#3052,#1257,.T.);
#3803=EDGE_CURVE('',#3023,#3053,#1817,.T.);
#3804=EDGE_CURVE('',#3004,#3054,#1818,.T.);
#3805=EDGE_CURVE('',#3054,#3038,#1258,.F.);
#3806=EDGE_CURVE('',#3002,#3052,#1819,.T.);
#3807=EDGE_CURVE('',#3003,#3051,#1820,.T.);
#3808=EDGE_CURVE('',#3001,#3053,#1821,.T.);
#3809=EDGE_CURVE('',#3008,#3055,#1822,.T.);
#3810=EDGE_CURVE('',#3055,#3033,#1823,.T.);
#3811=EDGE_CURVE('',#3007,#3056,#1824,.T.);
#3812=EDGE_CURVE('',#3056,#3055,#1259,.T.);
#3813=EDGE_CURVE('',#3037,#3056,#1825,.T.);
#3814=EDGE_CURVE('',#3050,#3054,#1826,.T.);
#3815=EDGE_CURVE('',#3057,#3058,#1260,.T.);
#3816=EDGE_CURVE('',#3057,#3059,#1827,.T.);
#3817=EDGE_CURVE('',#3060,#3059,#1261,.T.);
#3818=EDGE_CURVE('',#3058,#3060,#1828,.T.);
#3819=EDGE_CURVE('',#3016,#3057,#1262,.T.);
#3820=EDGE_CURVE('',#3028,#3016,#1263,.T.);
#3821=EDGE_CURVE('',#3058,#3036,#1264,.T.);
#3822=EDGE_CURVE('',#3059,#3060,#1265,.T.);
#3823=EDGE_CURVE('',#3061,#3044,#1266,.T.);
#3824=EDGE_CURVE('',#3043,#3062,#1267,.T.);
#3825=EDGE_CURVE('',#3062,#3061,#1829,.T.);
#3826=EDGE_CURVE('',#3063,#3062,#1830,.T.);
#3827=EDGE_CURVE('',#3063,#3064,#1831,.T.);
#3828=EDGE_CURVE('',#3061,#3064,#1832,.T.);
#3829=EDGE_CURVE('',#3065,#3013,#1268,.T.);
#3830=EDGE_CURVE('',#3065,#3066,#1833,.T.);
#3831=EDGE_CURVE('',#3066,#3067,#1834,.T.);
#3832=EDGE_CURVE('',#3067,#3068,#1269,.T.);
#3833=EDGE_CURVE('',#3068,#3063,#1835,.T.);
#3834=EDGE_CURVE('',#3012,#3069,#1270,.T.);
#3835=EDGE_CURVE('',#3069,#3065,#1836,.T.);
#3836=EDGE_CURVE('',#3070,#3069,#1837,.T.);
#3837=EDGE_CURVE('',#3070,#3066,#1838,.T.);
#3838=EDGE_CURVE('',#3071,#3070,#1839,.T.);
#3839=EDGE_CURVE('',#3067,#3071,#1840,.T.);
#3840=EDGE_CURVE('',#3072,#3071,#1271,.T.);
#3841=EDGE_CURVE('',#3068,#3072,#1841,.T.);
#3842=EDGE_CURVE('',#3064,#3072,#1842,.T.);
#3843=EDGE_CURVE('',#3039,#3073,#1272,.T.);
#3844=EDGE_CURVE('',#3073,#3074,#1843,.T.);
#3845=EDGE_CURVE('',#3074,#3040,#1273,.T.);
#3846=EDGE_CURVE('',#3073,#3075,#1844,.T.);
#3847=EDGE_CURVE('',#3075,#3076,#1845,.T.);
#3848=EDGE_CURVE('',#3076,#3074,#1846,.T.);
#3849=EDGE_CURVE('',#3077,#3020,#1274,.T.);
#3850=EDGE_CURVE('',#3078,#3077,#1847,.T.);
#3851=EDGE_CURVE('',#3078,#3079,#1848,.T.);
#3852=EDGE_CURVE('',#3079,#3080,#1275,.T.);
#3853=EDGE_CURVE('',#3080,#3075,#1849,.T.);
#3854=EDGE_CURVE('',#3019,#3081,#1276,.T.);
#3855=EDGE_CURVE('',#3081,#3077,#1850,.T.);
#3856=EDGE_CURVE('',#3081,#3082,#1851,.T.);
#3857=EDGE_CURVE('',#3082,#3078,#1852,.T.);
#3858=EDGE_CURVE('',#3076,#3083,#1853,.T.);
#3859=EDGE_CURVE('',#3083,#3084,#1277,.T.);
#3860=EDGE_CURVE('',#3084,#3082,#1854,.T.);
#3861=EDGE_CURVE('',#3084,#3079,#1855,.T.);
#3862=EDGE_CURVE('',#3083,#3080,#1856,.T.);
#3863=EDGE_CURVE('',#3085,#3085,#1278,.T.);
#3864=EDGE_CURVE('',#3085,#3086,#1857,.T.);
#3865=EDGE_CURVE('',#3086,#3086,#1279,.T.);
#3866=EDGE_CURVE('',#3087,#3088,#1280,.T.);
#3867=EDGE_CURVE('',#3089,#3087,#1858,.T.);
#3868=EDGE_CURVE('',#3090,#3089,#1281,.T.);
#3869=EDGE_CURVE('',#3088,#3090,#1859,.T.);
#3870=EDGE_CURVE('',#3091,#3092,#1282,.T.);
#3871=EDGE_CURVE('',#3093,#3091,#1860,.T.);
#3872=EDGE_CURVE('',#3094,#3093,#1283,.T.);
#3873=EDGE_CURVE('',#3092,#3094,#1861,.T.);
#3874=EDGE_CURVE('',#3095,#3096,#1284,.T.);
#3875=EDGE_CURVE('',#3097,#3095,#1862,.T.);
#3876=EDGE_CURVE('',#3098,#3097,#1285,.T.);
#3877=EDGE_CURVE('',#3096,#3098,#1863,.T.);
#3878=EDGE_CURVE('',#3099,#3100,#1286,.T.);
#3879=EDGE_CURVE('',#3101,#3099,#1864,.T.);
#3880=EDGE_CURVE('',#3102,#3101,#1287,.T.);
#3881=EDGE_CURVE('',#3100,#3102,#1865,.T.);
#3882=EDGE_CURVE('',#3103,#3104,#1288,.T.);
#3883=EDGE_CURVE('',#3105,#3103,#1866,.T.);
#3884=EDGE_CURVE('',#3106,#3105,#1289,.T.);
#3885=EDGE_CURVE('',#3104,#3106,#1867,.T.);
#3886=EDGE_CURVE('',#3107,#3108,#1290,.T.);
#3887=EDGE_CURVE('',#3109,#3107,#1868,.T.);
#3888=EDGE_CURVE('',#3110,#3109,#1291,.T.);
#3889=EDGE_CURVE('',#3108,#3110,#1869,.T.);
#3890=EDGE_CURVE('',#3111,#3112,#1292,.T.);
#3891=EDGE_CURVE('',#3113,#3111,#1870,.T.);
#3892=EDGE_CURVE('',#3114,#3113,#1293,.T.);
#3893=EDGE_CURVE('',#3112,#3114,#1871,.T.);
#3894=EDGE_CURVE('',#3115,#3116,#1294,.T.);
#3895=EDGE_CURVE('',#3117,#3115,#1872,.T.);
#3896=EDGE_CURVE('',#3118,#3117,#1295,.T.);
#3897=EDGE_CURVE('',#3116,#3118,#1873,.T.);
#3898=EDGE_CURVE('',#3119,#3120,#1296,.T.);
#3899=EDGE_CURVE('',#3121,#3119,#1874,.T.);
#3900=EDGE_CURVE('',#3122,#3121,#1297,.T.);
#3901=EDGE_CURVE('',#3120,#3122,#1875,.T.);
#3902=EDGE_CURVE('',#3123,#3124,#1298,.T.);
#3903=EDGE_CURVE('',#3125,#3123,#1876,.T.);
#3904=EDGE_CURVE('',#3126,#3125,#1299,.T.);
#3905=EDGE_CURVE('',#3124,#3126,#1877,.T.);
#3906=EDGE_CURVE('',#3127,#3128,#1300,.T.);
#3907=EDGE_CURVE('',#3129,#3127,#1878,.T.);
#3908=EDGE_CURVE('',#3130,#3129,#1301,.T.);
#3909=EDGE_CURVE('',#3128,#3130,#1879,.T.);
#3910=EDGE_CURVE('',#3131,#3132,#1302,.T.);
#3911=EDGE_CURVE('',#3133,#3131,#1880,.T.);
#3912=EDGE_CURVE('',#3134,#3133,#1303,.T.);
#3913=EDGE_CURVE('',#3132,#3134,#1881,.T.);
#3914=EDGE_CURVE('',#3135,#3136,#1304,.T.);
#3915=EDGE_CURVE('',#3137,#3135,#1882,.T.);
#3916=EDGE_CURVE('',#3138,#3137,#1305,.T.);
#3917=EDGE_CURVE('',#3136,#3138,#1883,.T.);
#3918=EDGE_CURVE('',#3139,#3140,#1306,.T.);
#3919=EDGE_CURVE('',#3141,#3139,#1884,.T.);
#3920=EDGE_CURVE('',#3142,#3141,#1307,.T.);
#3921=EDGE_CURVE('',#3140,#3142,#1885,.T.);
#3922=EDGE_CURVE('',#3143,#3144,#1308,.T.);
#3923=EDGE_CURVE('',#3145,#3143,#1886,.T.);
#3924=EDGE_CURVE('',#3146,#3145,#1309,.T.);
#3925=EDGE_CURVE('',#3144,#3146,#1887,.T.);
#3926=EDGE_CURVE('',#3147,#3148,#1310,.T.);
#3927=EDGE_CURVE('',#3149,#3147,#1888,.T.);
#3928=EDGE_CURVE('',#3150,#3149,#1311,.T.);
#3929=EDGE_CURVE('',#3148,#3150,#1889,.T.);
#3930=EDGE_CURVE('',#3151,#3152,#1312,.T.);
#3931=EDGE_CURVE('',#3153,#3151,#1890,.T.);
#3932=EDGE_CURVE('',#3154,#3153,#1313,.T.);
#3933=EDGE_CURVE('',#3152,#3154,#1891,.T.);
#3934=EDGE_CURVE('',#3155,#3156,#1314,.T.);
#3935=EDGE_CURVE('',#3157,#3155,#1892,.T.);
#3936=EDGE_CURVE('',#3158,#3157,#1315,.T.);
#3937=EDGE_CURVE('',#3156,#3158,#1893,.T.);
#3938=EDGE_CURVE('',#3159,#3160,#1316,.T.);
#3939=EDGE_CURVE('',#3161,#3159,#1894,.T.);
#3940=EDGE_CURVE('',#3162,#3161,#1317,.T.);
#3941=EDGE_CURVE('',#3160,#3162,#1895,.T.);
#3942=EDGE_CURVE('',#3163,#3164,#1318,.T.);
#3943=EDGE_CURVE('',#3165,#3163,#1896,.T.);
#3944=EDGE_CURVE('',#3166,#3165,#1319,.T.);
#3945=EDGE_CURVE('',#3164,#3166,#1897,.T.);
#3946=EDGE_CURVE('',#3167,#3168,#1320,.T.);
#3947=EDGE_CURVE('',#3169,#3167,#1898,.T.);
#3948=EDGE_CURVE('',#3170,#3169,#1321,.T.);
#3949=EDGE_CURVE('',#3168,#3170,#1899,.T.);
#3950=EDGE_CURVE('',#3171,#3172,#1322,.T.);
#3951=EDGE_CURVE('',#3173,#3171,#1900,.T.);
#3952=EDGE_CURVE('',#3174,#3173,#1323,.T.);
#3953=EDGE_CURVE('',#3172,#3174,#1901,.T.);
#3954=EDGE_CURVE('',#3175,#3176,#1324,.T.);
#3955=EDGE_CURVE('',#3177,#3175,#1902,.T.);
#3956=EDGE_CURVE('',#3178,#3177,#1325,.T.);
#3957=EDGE_CURVE('',#3176,#3178,#1903,.T.);
#3958=EDGE_CURVE('',#3179,#3180,#1326,.T.);
#3959=EDGE_CURVE('',#3181,#3179,#1904,.T.);
#3960=EDGE_CURVE('',#3182,#3181,#1327,.T.);
#3961=EDGE_CURVE('',#3180,#3182,#1905,.T.);
#3962=EDGE_CURVE('',#3183,#3184,#1328,.T.);
#3963=EDGE_CURVE('',#3185,#3183,#1906,.T.);
#3964=EDGE_CURVE('',#3186,#3185,#1329,.T.);
#3965=EDGE_CURVE('',#3184,#3186,#1907,.T.);
#3966=EDGE_CURVE('',#3187,#3188,#1330,.T.);
#3967=EDGE_CURVE('',#3189,#3187,#1908,.T.);
#3968=EDGE_CURVE('',#3190,#3189,#1331,.T.);
#3969=EDGE_CURVE('',#3188,#3190,#1909,.T.);
#3970=EDGE_CURVE('',#3191,#3192,#1332,.T.);
#3971=EDGE_CURVE('',#3193,#3191,#1910,.T.);
#3972=EDGE_CURVE('',#3194,#3193,#1333,.T.);
#3973=EDGE_CURVE('',#3192,#3194,#1911,.T.);
#3974=EDGE_CURVE('',#3195,#3196,#1334,.T.);
#3975=EDGE_CURVE('',#3197,#3195,#1912,.T.);
#3976=EDGE_CURVE('',#3198,#3197,#1335,.T.);
#3977=EDGE_CURVE('',#3196,#3198,#1913,.T.);
#3978=EDGE_CURVE('',#3199,#3200,#1336,.T.);
#3979=EDGE_CURVE('',#3201,#3199,#1914,.T.);
#3980=EDGE_CURVE('',#3202,#3201,#1337,.T.);
#3981=EDGE_CURVE('',#3200,#3202,#1915,.T.);
#3982=EDGE_CURVE('',#3203,#3204,#1338,.T.);
#3983=EDGE_CURVE('',#3205,#3203,#1916,.T.);
#3984=EDGE_CURVE('',#3206,#3205,#1339,.T.);
#3985=EDGE_CURVE('',#3204,#3206,#1917,.T.);
#3986=EDGE_CURVE('',#3207,#3208,#1340,.T.);
#3987=EDGE_CURVE('',#3209,#3207,#1918,.T.);
#3988=EDGE_CURVE('',#3210,#3209,#1341,.T.);
#3989=EDGE_CURVE('',#3208,#3210,#1919,.T.);
#3990=EDGE_CURVE('',#3211,#3212,#1342,.T.);
#3991=EDGE_CURVE('',#3213,#3211,#1920,.T.);
#3992=EDGE_CURVE('',#3214,#3213,#1343,.T.);
#3993=EDGE_CURVE('',#3212,#3214,#1921,.T.);
#3994=EDGE_CURVE('',#3215,#3216,#1344,.T.);
#3995=EDGE_CURVE('',#3217,#3215,#1922,.T.);
#3996=EDGE_CURVE('',#3218,#3217,#1345,.T.);
#3997=EDGE_CURVE('',#3216,#3218,#1923,.T.);
#3998=EDGE_CURVE('',#3219,#3220,#1346,.T.);
#3999=EDGE_CURVE('',#3221,#3219,#1924,.T.);
#4000=EDGE_CURVE('',#3222,#3221,#1347,.T.);
#4001=EDGE_CURVE('',#3220,#3222,#1925,.T.);
#4002=EDGE_CURVE('',#3223,#3224,#1348,.T.);
#4003=EDGE_CURVE('',#3225,#3223,#1926,.T.);
#4004=EDGE_CURVE('',#3226,#3225,#1349,.T.);
#4005=EDGE_CURVE('',#3224,#3226,#1927,.T.);
#4006=EDGE_CURVE('',#3227,#3228,#1350,.T.);
#4007=EDGE_CURVE('',#3229,#3227,#1928,.T.);
#4008=EDGE_CURVE('',#3230,#3229,#1351,.T.);
#4009=EDGE_CURVE('',#3228,#3230,#1929,.T.);
#4010=EDGE_CURVE('',#3231,#3232,#1352,.T.);
#4011=EDGE_CURVE('',#3233,#3231,#1930,.T.);
#4012=EDGE_CURVE('',#3234,#3233,#1353,.T.);
#4013=EDGE_CURVE('',#3232,#3234,#1931,.T.);
#4014=EDGE_CURVE('',#3235,#3236,#1354,.T.);
#4015=EDGE_CURVE('',#3237,#3235,#1932,.T.);
#4016=EDGE_CURVE('',#3238,#3237,#1355,.T.);
#4017=EDGE_CURVE('',#3236,#3238,#1933,.T.);
#4018=EDGE_CURVE('',#3239,#3240,#1356,.T.);
#4019=EDGE_CURVE('',#3241,#3239,#1934,.T.);
#4020=EDGE_CURVE('',#3242,#3241,#1357,.T.);
#4021=EDGE_CURVE('',#3240,#3242,#1935,.T.);
#4022=EDGE_CURVE('',#3089,#3243,#1358,.T.);
#4023=EDGE_CURVE('',#3243,#3244,#1359,.T.);
#4024=EDGE_CURVE('',#3244,#3242,#1360,.T.);
#4025=EDGE_CURVE('',#3241,#3238,#1361,.T.);
#4026=EDGE_CURVE('',#3237,#3234,#1362,.T.);
#4027=EDGE_CURVE('',#3233,#3230,#1363,.T.);
#4028=EDGE_CURVE('',#3229,#3226,#1364,.T.);
#4029=EDGE_CURVE('',#3225,#3222,#1365,.T.);
#4030=EDGE_CURVE('',#3221,#3218,#1366,.T.);
#4031=EDGE_CURVE('',#3217,#3214,#1367,.T.);
#4032=EDGE_CURVE('',#3213,#3210,#1368,.T.);
#4033=EDGE_CURVE('',#3209,#3206,#1369,.T.);
#4034=EDGE_CURVE('',#3205,#3202,#1370,.T.);
#4035=EDGE_CURVE('',#3201,#3198,#1371,.T.);
#4036=EDGE_CURVE('',#3197,#3194,#1372,.T.);
#4037=EDGE_CURVE('',#3193,#3190,#1373,.T.);
#4038=EDGE_CURVE('',#3189,#3186,#1374,.T.);
#4039=EDGE_CURVE('',#3185,#3182,#1375,.T.);
#4040=EDGE_CURVE('',#3181,#3178,#1376,.T.);
#4041=EDGE_CURVE('',#3177,#3174,#1377,.T.);
#4042=EDGE_CURVE('',#3173,#3170,#1378,.T.);
#4043=EDGE_CURVE('',#3169,#3166,#1379,.T.);
#4044=EDGE_CURVE('',#3165,#3162,#1380,.T.);
#4045=EDGE_CURVE('',#3161,#3158,#1381,.T.);
#4046=EDGE_CURVE('',#3157,#3154,#1382,.T.);
#4047=EDGE_CURVE('',#3153,#3150,#1383,.T.);
#4048=EDGE_CURVE('',#3149,#3146,#1384,.T.);
#4049=EDGE_CURVE('',#3145,#3142,#1385,.T.);
#4050=EDGE_CURVE('',#3141,#3138,#1386,.T.);
#4051=EDGE_CURVE('',#3137,#3134,#1387,.T.);
#4052=EDGE_CURVE('',#3133,#3130,#1388,.T.);
#4053=EDGE_CURVE('',#3129,#3126,#1389,.T.);
#4054=EDGE_CURVE('',#3125,#3122,#1390,.T.);
#4055=EDGE_CURVE('',#3121,#3118,#1391,.T.);
#4056=EDGE_CURVE('',#3117,#3114,#1392,.T.);
#4057=EDGE_CURVE('',#3113,#3110,#1393,.T.);
#4058=EDGE_CURVE('',#3109,#3106,#1394,.T.);
#4059=EDGE_CURVE('',#3105,#3102,#1395,.T.);
#4060=EDGE_CURVE('',#3101,#3098,#1396,.T.);
#4061=EDGE_CURVE('',#3097,#3094,#1397,.T.);
#4062=EDGE_CURVE('',#3093,#3090,#1398,.T.);
#4063=EDGE_CURVE('',#3087,#3245,#1399,.T.);
#4064=EDGE_CURVE('',#3245,#3243,#1936,.T.);
#4065=EDGE_CURVE('',#3244,#3246,#1937,.T.);
#4066=EDGE_CURVE('',#3246,#3240,#1400,.T.);
#4067=EDGE_CURVE('',#3239,#3236,#1401,.T.);
#4068=EDGE_CURVE('',#3235,#3232,#1402,.T.);
#4069=EDGE_CURVE('',#3231,#3228,#1403,.T.);
#4070=EDGE_CURVE('',#3227,#3224,#1404,.T.);
#4071=EDGE_CURVE('',#3223,#3220,#1405,.T.);
#4072=EDGE_CURVE('',#3219,#3216,#1406,.T.);
#4073=EDGE_CURVE('',#3215,#3212,#1407,.T.);
#4074=EDGE_CURVE('',#3211,#3208,#1408,.T.);
#4075=EDGE_CURVE('',#3207,#3204,#1409,.T.);
#4076=EDGE_CURVE('',#3203,#3200,#1410,.T.);
#4077=EDGE_CURVE('',#3199,#3196,#1411,.T.);
#4078=EDGE_CURVE('',#3195,#3192,#1412,.T.);
#4079=EDGE_CURVE('',#3191,#3188,#1413,.T.);
#4080=EDGE_CURVE('',#3187,#3184,#1414,.T.);
#4081=EDGE_CURVE('',#3183,#3180,#1415,.T.);
#4082=EDGE_CURVE('',#3179,#3176,#1416,.T.);
#4083=EDGE_CURVE('',#3175,#3172,#1417,.T.);
#4084=EDGE_CURVE('',#3171,#3168,#1418,.T.);
#4085=EDGE_CURVE('',#3167,#3164,#1419,.T.);
#4086=EDGE_CURVE('',#3163,#3160,#1420,.T.);
#4087=EDGE_CURVE('',#3159,#3156,#1421,.T.);
#4088=EDGE_CURVE('',#3155,#3152,#1422,.T.);
#4089=EDGE_CURVE('',#3151,#3148,#1423,.T.);
#4090=EDGE_CURVE('',#3147,#3144,#1424,.T.);
#4091=EDGE_CURVE('',#3143,#3140,#1425,.T.);
#4092=EDGE_CURVE('',#3139,#3136,#1426,.T.);
#4093=EDGE_CURVE('',#3135,#3132,#1427,.T.);
#4094=EDGE_CURVE('',#3131,#3128,#1428,.T.);
#4095=EDGE_CURVE('',#3127,#3124,#1429,.T.);
#4096=EDGE_CURVE('',#3123,#3120,#1430,.T.);
#4097=EDGE_CURVE('',#3119,#3116,#1431,.T.);
#4098=EDGE_CURVE('',#3115,#3112,#1432,.T.);
#4099=EDGE_CURVE('',#3111,#3108,#1433,.T.);
#4100=EDGE_CURVE('',#3107,#3104,#1434,.T.);
#4101=EDGE_CURVE('',#3103,#3100,#1435,.T.);
#4102=EDGE_CURVE('',#3099,#3096,#1436,.T.);
#4103=EDGE_CURVE('',#3095,#3092,#1437,.T.);
#4104=EDGE_CURVE('',#3246,#3245,#1438,.T.);
#4105=EDGE_CURVE('',#3091,#3088,#1439,.T.);
#4106=EDGE_CURVE('',#3247,#3247,#1440,.T.);
#4107=EDGE_CURVE('',#3247,#3248,#1938,.T.);
#4108=EDGE_CURVE('',#3248,#3248,#1441,.T.);
#4109=EDGE_CURVE('',#3249,#3249,#1442,.T.);
#4110=EDGE_CURVE('',#3249,#3250,#1939,.T.);
#4111=EDGE_CURVE('',#3250,#3250,#1443,.T.);
#4112=EDGE_CURVE('',#3251,#3251,#1444,.T.);
#4113=EDGE_CURVE('',#3251,#3252,#1940,.T.);
#4114=EDGE_CURVE('',#3252,#3252,#1445,.T.);
#4115=EDGE_CURVE('',#3253,#3253,#1446,.T.);
#4116=EDGE_CURVE('',#3253,#3254,#1941,.T.);
#4117=EDGE_CURVE('',#3254,#3254,#1447,.T.);
#4118=EDGE_CURVE('',#3255,#3256,#1942,.T.);
#4119=EDGE_CURVE('',#3255,#3257,#1943,.T.);
#4120=EDGE_CURVE('',#3257,#3258,#1944,.T.);
#4121=EDGE_CURVE('',#3256,#3258,#1945,.T.);
#4122=EDGE_CURVE('',#3259,#3255,#1946,.T.);
#4123=EDGE_CURVE('',#3259,#3260,#1947,.T.);
#4124=EDGE_CURVE('',#3260,#3257,#1948,.T.);
#4125=EDGE_CURVE('',#3261,#3259,#1949,.T.);
#4126=EDGE_CURVE('',#3261,#3262,#1950,.T.);
#4127=EDGE_CURVE('',#3262,#3260,#1951,.T.);
#4128=EDGE_CURVE('',#3256,#3261,#1952,.T.);
#4129=EDGE_CURVE('',#3258,#3262,#1953,.T.);
#4130=EDGE_CURVE('',#3263,#3264,#1954,.T.);
#4131=EDGE_CURVE('',#3263,#3265,#1955,.T.);
#4132=EDGE_CURVE('',#3265,#3266,#1956,.T.);
#4133=EDGE_CURVE('',#3264,#3266,#1957,.T.);
#4134=EDGE_CURVE('',#3267,#3263,#1958,.T.);
#4135=EDGE_CURVE('',#3267,#3268,#1959,.T.);
#4136=EDGE_CURVE('',#3268,#3265,#1960,.T.);
#4137=EDGE_CURVE('',#3269,#3267,#1961,.T.);
#4138=EDGE_CURVE('',#3270,#3269,#1962,.T.);
#4139=EDGE_CURVE('',#3270,#3268,#1963,.T.);
#4140=EDGE_CURVE('',#3266,#3270,#1964,.T.);
#4141=EDGE_CURVE('',#3271,#3272,#1965,.T.);
#4142=EDGE_CURVE('',#3271,#3273,#1966,.T.);
#4143=EDGE_CURVE('',#3273,#3274,#1967,.T.);
#4144=EDGE_CURVE('',#3272,#3274,#1968,.T.);
#4145=EDGE_CURVE('',#3275,#3271,#1969,.T.);
#4146=EDGE_CURVE('',#3276,#3275,#1970,.T.);
#4147=EDGE_CURVE('',#3276,#3273,#1971,.T.);
#4148=EDGE_CURVE('',#3272,#3277,#1972,.T.);
#4149=EDGE_CURVE('',#3274,#3278,#1973,.T.);
#4150=EDGE_CURVE('',#3277,#3278,#1974,.T.);
#4151=EDGE_CURVE('',#3278,#3276,#1975,.T.);
#4152=EDGE_CURVE('',#3279,#3264,#1976,.T.);
#4153=EDGE_CURVE('',#3280,#3279,#1977,.T.);
#4154=EDGE_CURVE('',#3280,#3281,#1978,.T.);
#4155=EDGE_CURVE('',#3281,#3282,#1979,.T.);
#4156=EDGE_CURVE('',#3275,#3282,#1980,.T.);
#4157=EDGE_CURVE('',#3269,#3277,#1981,.T.);
#4158=EDGE_CURVE('',#3283,#3280,#1982,.T.);
#4159=EDGE_CURVE('',#3284,#3279,#1983,.T.);
#4160=EDGE_CURVE('',#3283,#3284,#1984,.T.);
#4161=EDGE_CURVE('',#3285,#3283,#1985,.T.);
#4162=EDGE_CURVE('',#3286,#3284,#1986,.T.);
#4163=EDGE_CURVE('',#3285,#3286,#1987,.T.);
#4164=EDGE_CURVE('',#3281,#3285,#1988,.T.);
#4165=EDGE_CURVE('',#3282,#3286,#1989,.T.);
#4166=EDGE_CURVE('',#3287,#3288,#1990,.T.);
#4167=EDGE_CURVE('',#3287,#3289,#1991,.T.);
#4168=EDGE_CURVE('',#3290,#3289,#1992,.T.);
#4169=EDGE_CURVE('',#3288,#3290,#1993,.T.);
#4170=EDGE_CURVE('',#3291,#3287,#1994,.T.);
#4171=EDGE_CURVE('',#3291,#3292,#1995,.T.);
#4172=EDGE_CURVE('',#3289,#3292,#1996,.T.);
#4173=EDGE_CURVE('',#3293,#3291,#1997,.T.);
#4174=EDGE_CURVE('',#3294,#3293,#1998,.T.);
#4175=EDGE_CURVE('',#3292,#3294,#1999,.T.);
#4176=EDGE_CURVE('',#3290,#3295,#2000,.T.);
#4177=EDGE_CURVE('',#3295,#3296,#2001,.T.);
#4178=EDGE_CURVE('',#3288,#3296,#2002,.T.);
#4179=EDGE_CURVE('',#3297,#3293,#2003,.T.);
#4180=EDGE_CURVE('',#3298,#3297,#2004,.T.);
#4181=EDGE_CURVE('',#3298,#3294,#2005,.T.);
#4182=EDGE_CURVE('',#3296,#3299,#2006,.T.);
#4183=EDGE_CURVE('',#3299,#3300,#2007,.T.);
#4184=EDGE_CURVE('',#3300,#3301,#2008,.T.);
#4185=EDGE_CURVE('',#3301,#3302,#2009,.T.);
#4186=EDGE_CURVE('',#3302,#3303,#2010,.T.);
#4187=EDGE_CURVE('',#3303,#3304,#2011,.T.);
#4188=EDGE_CURVE('',#3304,#3305,#2012,.T.);
#4189=EDGE_CURVE('',#3305,#3306,#2013,.T.);
#4190=EDGE_CURVE('',#3306,#3307,#2014,.T.);
#4191=EDGE_CURVE('',#3307,#3308,#2015,.T.);
#4192=EDGE_CURVE('',#3308,#3297,#2016,.T.);
#4193=EDGE_CURVE('',#3309,#3309,#1448,.T.);
#4194=EDGE_CURVE('',#3309,#3310,#2017,.T.);
#4195=EDGE_CURVE('',#3310,#3310,#1449,.T.);
#4196=EDGE_CURVE('',#3311,#3311,#1450,.T.);
#4197=EDGE_CURVE('',#3311,#3312,#2018,.T.);
#4198=EDGE_CURVE('',#3312,#3312,#1451,.T.);
#4199=EDGE_CURVE('',#3313,#3298,#2019,.T.);
#4200=EDGE_CURVE('',#3313,#3314,#2020,.T.);
#4201=EDGE_CURVE('',#3315,#3314,#2021,.T.);
#4202=EDGE_CURVE('',#3315,#3316,#2022,.T.);
#4203=EDGE_CURVE('',#3317,#3316,#2023,.T.);
#4204=EDGE_CURVE('',#3318,#3317,#2024,.T.);
#4205=EDGE_CURVE('',#3318,#3319,#2025,.T.);
#4206=EDGE_CURVE('',#3319,#3320,#2026,.T.);
#4207=EDGE_CURVE('',#3321,#3320,#2027,.T.);
#4208=EDGE_CURVE('',#3322,#3321,#2028,.T.);
#4209=EDGE_CURVE('',#3295,#3322,#2029,.T.);
#4210=EDGE_CURVE('',#3323,#3323,#1452,.T.);
#4211=EDGE_CURVE('',#3324,#3324,#1453,.T.);
#4212=EDGE_CURVE('',#3325,#3325,#1454,.T.);
#4213=EDGE_CURVE('',#3326,#3326,#1455,.T.);
#4214=EDGE_CURVE('',#3326,#3327,#2030,.T.);
#4215=EDGE_CURVE('',#3327,#3327,#1456,.T.);
#4216=EDGE_CURVE('',#3328,#3328,#1457,.T.);
#4217=EDGE_CURVE('',#3328,#3323,#2031,.T.);
#4218=EDGE_CURVE('',#3329,#3329,#1458,.T.);
#4219=EDGE_CURVE('',#3329,#3330,#2032,.T.);
#4220=EDGE_CURVE('',#3330,#3330,#1459,.T.);
#4221=EDGE_CURVE('',#3331,#3331,#1460,.T.);
#4222=EDGE_CURVE('',#3331,#3325,#2033,.T.);
#4223=EDGE_CURVE('',#3332,#3332,#1461,.T.);
#4224=EDGE_CURVE('',#3332,#3333,#2034,.T.);
#4225=EDGE_CURVE('',#3333,#3333,#1462,.T.);
#4226=EDGE_CURVE('',#3334,#3334,#1463,.T.);
#4227=EDGE_CURVE('',#3334,#3324,#2035,.T.);
#4228=EDGE_CURVE('',#3313,#3308,#2036,.T.);
#4229=EDGE_CURVE('',#3314,#3307,#2037,.T.);
#4230=EDGE_CURVE('',#3315,#3306,#2038,.T.);
#4231=EDGE_CURVE('',#3316,#3305,#2039,.T.);
#4232=EDGE_CURVE('',#3317,#3304,#2040,.T.);
#4233=EDGE_CURVE('',#3318,#3303,#2041,.T.);
#4234=EDGE_CURVE('',#3319,#3302,#2042,.T.);
#4235=EDGE_CURVE('',#3320,#3301,#2043,.T.);
#4236=EDGE_CURVE('',#3321,#3300,#2044,.T.);
#4237=EDGE_CURVE('',#3322,#3299,#2045,.T.);
#4238=EDGE_CURVE('',#3335,#3336,#2046,.T.);
#4239=EDGE_CURVE('',#3335,#3337,#2047,.T.);
#4240=EDGE_CURVE('',#3337,#3338,#2048,.T.);
#4241=EDGE_CURVE('',#3336,#3338,#2049,.T.);
#4242=EDGE_CURVE('',#3339,#3335,#2050,.T.);
#4243=EDGE_CURVE('',#3339,#3340,#2051,.T.);
#4244=EDGE_CURVE('',#3340,#3337,#2052,.T.);
#4245=EDGE_CURVE('',#3341,#3339,#2053,.T.);
#4246=EDGE_CURVE('',#3341,#3342,#2054,.T.);
#4247=EDGE_CURVE('',#3342,#3340,#2055,.T.);
#4248=EDGE_CURVE('',#3336,#3341,#2056,.T.);
#4249=EDGE_CURVE('',#3338,#3342,#2057,.T.);
#4250=EDGE_CURVE('',#3343,#3344,#2058,.T.);
#4251=EDGE_CURVE('',#3343,#3345,#2059,.T.);
#4252=EDGE_CURVE('',#3345,#3346,#2060,.T.);
#4253=EDGE_CURVE('',#3344,#3346,#2061,.T.);
#4254=EDGE_CURVE('',#3347,#3343,#2062,.T.);
#4255=EDGE_CURVE('',#3347,#3348,#2063,.T.);
#4256=EDGE_CURVE('',#3348,#3345,#2064,.T.);
#4257=EDGE_CURVE('',#3349,#3347,#2065,.T.);
#4258=EDGE_CURVE('',#3350,#3349,#2066,.T.);
#4259=EDGE_CURVE('',#3350,#3348,#2067,.T.);
#4260=EDGE_CURVE('',#3346,#3350,#2068,.T.);
#4261=EDGE_CURVE('',#3351,#3352,#2069,.T.);
#4262=EDGE_CURVE('',#3351,#3353,#2070,.T.);
#4263=EDGE_CURVE('',#3353,#3354,#2071,.T.);
#4264=EDGE_CURVE('',#3352,#3354,#2072,.T.);
#4265=EDGE_CURVE('',#3355,#3351,#2073,.T.);
#4266=EDGE_CURVE('',#3356,#3355,#2074,.T.);
#4267=EDGE_CURVE('',#3356,#3353,#2075,.T.);
#4268=EDGE_CURVE('',#3352,#3357,#2076,.T.);
#4269=EDGE_CURVE('',#3354,#3358,#2077,.T.);
#4270=EDGE_CURVE('',#3357,#3358,#2078,.T.);
#4271=EDGE_CURVE('',#3358,#3356,#2079,.T.);
#4272=EDGE_CURVE('',#3359,#3344,#2080,.T.);
#4273=EDGE_CURVE('',#3360,#3359,#2081,.T.);
#4274=EDGE_CURVE('',#3360,#3361,#2082,.T.);
#4275=EDGE_CURVE('',#3361,#3362,#2083,.T.);
#4276=EDGE_CURVE('',#3355,#3362,#2084,.T.);
#4277=EDGE_CURVE('',#3349,#3357,#2085,.T.);
#4278=EDGE_CURVE('',#3361,#3363,#2086,.T.);
#4279=EDGE_CURVE('',#3363,#3364,#2087,.T.);
#4280=EDGE_CURVE('',#3362,#3364,#2088,.T.);
#4281=EDGE_CURVE('',#3365,#3360,#2089,.T.);
#4282=EDGE_CURVE('',#3366,#3359,#2090,.T.);
#4283=EDGE_CURVE('',#3365,#3366,#2091,.T.);
#4284=EDGE_CURVE('',#3363,#3365,#2092,.T.);
#4285=EDGE_CURVE('',#3364,#3366,#2093,.T.);
#4286=EDGE_CURVE('',#3367,#3368,#2094,.T.);
#4287=EDGE_CURVE('',#3368,#3369,#2095,.T.);
#4288=EDGE_CURVE('',#3370,#3369,#2096,.T.);
#4289=EDGE_CURVE('',#3367,#3370,#2097,.T.);
#4290=EDGE_CURVE('',#3371,#3367,#2098,.T.);
#4291=EDGE_CURVE('',#3372,#3370,#2099,.T.);
#4292=EDGE_CURVE('',#3371,#3372,#2100,.T.);
#4293=EDGE_CURVE('',#3373,#3371,#2101,.T.);
#4294=EDGE_CURVE('',#3374,#3372,#2102,.T.);
#4295=EDGE_CURVE('',#3373,#3374,#2103,.T.);
#4296=EDGE_CURVE('',#3368,#3373,#2104,.T.);
#4297=EDGE_CURVE('',#3369,#3374,#2105,.T.);
#4298=EDGE_CURVE('',#3375,#3376,#1464,.T.);
#4299=EDGE_CURVE('',#3377,#3375,#2106,.T.);
#4300=EDGE_CURVE('',#3378,#3377,#1465,.T.);
#4301=EDGE_CURVE('',#3378,#3376,#2107,.T.);
#4302=EDGE_CURVE('',#3378,#3379,#2108,.T.);
#4303=EDGE_CURVE('',#3380,#3379,#2109,.T.);
#4304=EDGE_CURVE('',#3376,#3380,#2110,.T.);
#4305=EDGE_CURVE('',#3381,#3380,#2111,.T.);
#4306=EDGE_CURVE('',#3375,#3381,#2112,.T.);
#4307=EDGE_CURVE('',#3382,#3381,#2113,.T.);
#4308=EDGE_CURVE('',#3377,#3382,#2114,.T.);
#4309=EDGE_CURVE('',#3379,#3382,#2115,.T.);
#4310=ORIENTED_EDGE('',*,*,#3383,.T.);
#4311=ORIENTED_EDGE('',*,*,#3384,.T.);
#4312=ORIENTED_EDGE('',*,*,#3385,.F.);
#4313=ORIENTED_EDGE('',*,*,#3386,.T.);
#4314=ORIENTED_EDGE('',*,*,#3387,.F.);
#4315=ORIENTED_EDGE('',*,*,#3383,.F.);
#4316=ORIENTED_EDGE('',*,*,#3387,.T.);
#4317=ORIENTED_EDGE('',*,*,#3388,.F.);
#4318=ORIENTED_EDGE('',*,*,#3385,.T.);
#4319=ORIENTED_EDGE('',*,*,#3384,.F.);
#4320=ORIENTED_EDGE('',*,*,#3389,.T.);
#4321=ORIENTED_EDGE('',*,*,#3390,.T.);
#4322=ORIENTED_EDGE('',*,*,#3391,.T.);
#4323=ORIENTED_EDGE('',*,*,#3392,.T.);
#4324=ORIENTED_EDGE('',*,*,#3390,.F.);
#4325=ORIENTED_EDGE('',*,*,#3393,.F.);
#4326=ORIENTED_EDGE('',*,*,#3394,.F.);
#4327=ORIENTED_EDGE('',*,*,#3395,.F.);
#4328=ORIENTED_EDGE('',*,*,#3389,.F.);
#4329=ORIENTED_EDGE('',*,*,#3396,.T.);
#4330=ORIENTED_EDGE('',*,*,#3397,.F.);
#4331=ORIENTED_EDGE('',*,*,#3398,.T.);
#4332=ORIENTED_EDGE('',*,*,#3399,.F.);
#4333=ORIENTED_EDGE('',*,*,#3400,.T.);
#4334=ORIENTED_EDGE('',*,*,#3401,.F.);
#4335=ORIENTED_EDGE('',*,*,#3393,.T.);
#4336=ORIENTED_EDGE('',*,*,#3402,.T.);
#4337=ORIENTED_EDGE('',*,*,#3403,.T.);
#4338=ORIENTED_EDGE('',*,*,#3404,.T.);
#4339=ORIENTED_EDGE('',*,*,#3405,.T.);
#4340=ORIENTED_EDGE('',*,*,#3406,.T.);
#4341=ORIENTED_EDGE('',*,*,#3407,.T.);
#4342=ORIENTED_EDGE('',*,*,#3408,.T.);
#4343=ORIENTED_EDGE('',*,*,#3409,.T.);
#4344=ORIENTED_EDGE('',*,*,#3397,.T.);
#4345=ORIENTED_EDGE('',*,*,#3410,.T.);
#4346=ORIENTED_EDGE('',*,*,#3411,.T.);
#4347=ORIENTED_EDGE('',*,*,#3412,.T.);
#4348=ORIENTED_EDGE('',*,*,#3412,.F.);
#4349=ORIENTED_EDGE('',*,*,#3413,.F.);
#4350=ORIENTED_EDGE('',*,*,#3414,.F.);
#4351=ORIENTED_EDGE('',*,*,#3398,.F.);
#4352=ORIENTED_EDGE('',*,*,#3399,.T.);
#4353=ORIENTED_EDGE('',*,*,#3414,.T.);
#4354=ORIENTED_EDGE('',*,*,#3415,.T.);
#4355=ORIENTED_EDGE('',*,*,#3416,.T.);
#4356=ORIENTED_EDGE('',*,*,#3401,.T.);
#4357=ORIENTED_EDGE('',*,*,#3417,.T.);
#4358=ORIENTED_EDGE('',*,*,#3418,.T.);
#4359=ORIENTED_EDGE('',*,*,#3394,.T.);
#4360=ORIENTED_EDGE('',*,*,#3419,.F.);
#4361=ORIENTED_EDGE('',*,*,#3420,.T.);
#4362=ORIENTED_EDGE('',*,*,#3421,.F.);
#4363=ORIENTED_EDGE('',*,*,#3420,.F.);
#4364=ORIENTED_EDGE('',*,*,#3419,.T.);
#4365=ORIENTED_EDGE('',*,*,#3388,.T.);
#4366=ORIENTED_EDGE('',*,*,#3386,.F.);
#4367=ORIENTED_EDGE('',*,*,#3416,.F.);
#4368=ORIENTED_EDGE('',*,*,#3422,.F.);
#4369=ORIENTED_EDGE('',*,*,#3417,.F.);
#4370=ORIENTED_EDGE('',*,*,#3400,.F.);
#4371=ORIENTED_EDGE('',*,*,#3392,.F.);
#4372=ORIENTED_EDGE('',*,*,#3423,.F.);
#4373=ORIENTED_EDGE('',*,*,#3410,.F.);
#4374=ORIENTED_EDGE('',*,*,#3396,.F.);
#4375=ORIENTED_EDGE('',*,*,#3391,.F.);
#4376=ORIENTED_EDGE('',*,*,#3395,.T.);
#4377=ORIENTED_EDGE('',*,*,#3418,.F.);
#4378=ORIENTED_EDGE('',*,*,#3422,.T.);
#4379=ORIENTED_EDGE('',*,*,#3415,.F.);
#4380=ORIENTED_EDGE('',*,*,#3413,.T.);
#4381=ORIENTED_EDGE('',*,*,#3411,.F.);
#4382=ORIENTED_EDGE('',*,*,#3423,.T.);
#4383=ORIENTED_EDGE('',*,*,#3421,.T.);
#4384=ORIENTED_EDGE('',*,*,#3424,.T.);
#4385=ORIENTED_EDGE('',*,*,#3425,.T.);
#4386=ORIENTED_EDGE('',*,*,#3426,.T.);
#4387=ORIENTED_EDGE('',*,*,#3427,.T.);
#4388=ORIENTED_EDGE('',*,*,#3428,.T.);
#4389=ORIENTED_EDGE('',*,*,#3429,.F.);
#4390=ORIENTED_EDGE('',*,*,#3430,.F.);
#4391=ORIENTED_EDGE('',*,*,#3406,.F.);
#4392=ORIENTED_EDGE('',*,*,#3431,.T.);
#4393=ORIENTED_EDGE('',*,*,#3432,.F.);
#4394=ORIENTED_EDGE('',*,*,#3428,.F.);
#4395=ORIENTED_EDGE('',*,*,#3405,.F.);
#4396=ORIENTED_EDGE('',*,*,#3433,.T.);
#4397=ORIENTED_EDGE('',*,*,#3434,.F.);
#4398=ORIENTED_EDGE('',*,*,#3431,.F.);
#4399=ORIENTED_EDGE('',*,*,#3404,.F.);
#4400=ORIENTED_EDGE('',*,*,#3435,.T.);
#4401=ORIENTED_EDGE('',*,*,#3436,.F.);
#4402=ORIENTED_EDGE('',*,*,#3433,.F.);
#4403=ORIENTED_EDGE('',*,*,#3403,.F.);
#4404=ORIENTED_EDGE('',*,*,#3437,.T.);
#4405=ORIENTED_EDGE('',*,*,#3438,.T.);
#4406=ORIENTED_EDGE('',*,*,#3439,.T.);
#4407=ORIENTED_EDGE('',*,*,#3440,.T.);
#4408=ORIENTED_EDGE('',*,*,#3437,.F.);
#4409=ORIENTED_EDGE('',*,*,#3441,.T.);
#4410=ORIENTED_EDGE('',*,*,#3442,.F.);
#4411=ORIENTED_EDGE('',*,*,#3443,.T.);
#4412=ORIENTED_EDGE('',*,*,#3444,.F.);
#4413=ORIENTED_EDGE('',*,*,#3445,.T.);
#4414=ORIENTED_EDGE('',*,*,#3446,.F.);
#4415=ORIENTED_EDGE('',*,*,#3447,.T.);
#4416=ORIENTED_EDGE('',*,*,#3448,.T.);
#4417=ORIENTED_EDGE('',*,*,#3449,.T.);
#4418=ORIENTED_EDGE('',*,*,#3450,.T.);
#4419=ORIENTED_EDGE('',*,*,#3451,.T.);
#4420=ORIENTED_EDGE('',*,*,#3429,.T.);
#4421=ORIENTED_EDGE('',*,*,#3432,.T.);
#4422=ORIENTED_EDGE('',*,*,#3434,.T.);
#4423=ORIENTED_EDGE('',*,*,#3436,.T.);
#4424=ORIENTED_EDGE('',*,*,#3440,.F.);
#4425=ORIENTED_EDGE('',*,*,#3452,.F.);
#4426=ORIENTED_EDGE('',*,*,#3453,.F.);
#4427=ORIENTED_EDGE('',*,*,#3441,.F.);
#4428=ORIENTED_EDGE('',*,*,#3442,.T.);
#4429=ORIENTED_EDGE('',*,*,#3453,.T.);
#4430=ORIENTED_EDGE('',*,*,#3454,.T.);
#4431=ORIENTED_EDGE('',*,*,#3455,.T.);
#4432=ORIENTED_EDGE('',*,*,#3446,.T.);
#4433=ORIENTED_EDGE('',*,*,#3456,.T.);
#4434=ORIENTED_EDGE('',*,*,#3457,.T.);
#4435=ORIENTED_EDGE('',*,*,#3458,.T.);
#4436=ORIENTED_EDGE('',*,*,#3456,.F.);
#4437=ORIENTED_EDGE('',*,*,#3445,.F.);
#4438=ORIENTED_EDGE('',*,*,#3459,.F.);
#4439=ORIENTED_EDGE('',*,*,#3460,.F.);
#4440=ORIENTED_EDGE('',*,*,#3444,.T.);
#4441=ORIENTED_EDGE('',*,*,#3461,.T.);
#4442=ORIENTED_EDGE('',*,*,#3462,.T.);
#4443=ORIENTED_EDGE('',*,*,#3459,.T.);
#4444=ORIENTED_EDGE('',*,*,#3455,.F.);
#4445=ORIENTED_EDGE('',*,*,#3463,.F.);
#4446=ORIENTED_EDGE('',*,*,#3461,.F.);
#4447=ORIENTED_EDGE('',*,*,#3443,.F.);
#4448=ORIENTED_EDGE('',*,*,#3464,.T.);
#4449=ORIENTED_EDGE('',*,*,#3465,.T.);
#4450=ORIENTED_EDGE('',*,*,#3466,.T.);
#4451=ORIENTED_EDGE('',*,*,#3467,.T.);
#4452=ORIENTED_EDGE('',*,*,#3438,.F.);
#4453=ORIENTED_EDGE('',*,*,#3447,.F.);
#4454=ORIENTED_EDGE('',*,*,#3458,.F.);
#4455=ORIENTED_EDGE('',*,*,#3468,.F.);
#4456=ORIENTED_EDGE('',*,*,#3439,.F.);
#4457=ORIENTED_EDGE('',*,*,#3468,.T.);
#4458=ORIENTED_EDGE('',*,*,#3457,.F.);
#4459=ORIENTED_EDGE('',*,*,#3460,.T.);
#4460=ORIENTED_EDGE('',*,*,#3462,.F.);
#4461=ORIENTED_EDGE('',*,*,#3463,.T.);
#4462=ORIENTED_EDGE('',*,*,#3454,.F.);
#4463=ORIENTED_EDGE('',*,*,#3452,.T.);
#4464=ORIENTED_EDGE('',*,*,#3469,.T.);
#4465=ORIENTED_EDGE('',*,*,#3448,.F.);
#4466=ORIENTED_EDGE('',*,*,#3435,.F.);
#4467=ORIENTED_EDGE('',*,*,#3402,.F.);
#4468=ORIENTED_EDGE('',*,*,#3430,.T.);
#4469=ORIENTED_EDGE('',*,*,#3451,.F.);
#4470=ORIENTED_EDGE('',*,*,#3470,.F.);
#4471=ORIENTED_EDGE('',*,*,#3407,.F.);
#4472=ORIENTED_EDGE('',*,*,#3470,.T.);
#4473=ORIENTED_EDGE('',*,*,#3450,.F.);
#4474=ORIENTED_EDGE('',*,*,#3471,.F.);
#4475=ORIENTED_EDGE('',*,*,#3408,.F.);
#4476=ORIENTED_EDGE('',*,*,#3471,.T.);
#4477=ORIENTED_EDGE('',*,*,#3449,.F.);
#4478=ORIENTED_EDGE('',*,*,#3469,.F.);
#4479=ORIENTED_EDGE('',*,*,#3409,.F.);
#4480=ORIENTED_EDGE('',*,*,#3427,.F.);
#4481=ORIENTED_EDGE('',*,*,#3472,.T.);
#4482=ORIENTED_EDGE('',*,*,#3467,.F.);
#4483=ORIENTED_EDGE('',*,*,#3472,.F.);
#4484=ORIENTED_EDGE('',*,*,#3426,.F.);
#4485=ORIENTED_EDGE('',*,*,#3473,.T.);
#4486=ORIENTED_EDGE('',*,*,#3466,.F.);
#4487=ORIENTED_EDGE('',*,*,#3473,.F.);
#4488=ORIENTED_EDGE('',*,*,#3425,.F.);
#4489=ORIENTED_EDGE('',*,*,#3474,.T.);
#4490=ORIENTED_EDGE('',*,*,#3465,.F.);
#4491=ORIENTED_EDGE('',*,*,#3474,.F.);
#4492=ORIENTED_EDGE('',*,*,#3424,.F.);
#4493=ORIENTED_EDGE('',*,*,#3475,.T.);
#4494=ORIENTED_EDGE('',*,*,#3464,.F.);
#4495=ORIENTED_EDGE('',*,*,#3475,.F.);
#4496=ORIENTED_EDGE('',*,*,#3476,.F.);
#4497=ORIENTED_EDGE('',*,*,#3477,.T.);
#4498=ORIENTED_EDGE('',*,*,#3478,.F.);
#4499=ORIENTED_EDGE('',*,*,#3479,.F.);
#4500=ORIENTED_EDGE('',*,*,#3480,.F.);
#4501=ORIENTED_EDGE('',*,*,#3481,.F.);
#4502=ORIENTED_EDGE('',*,*,#3482,.F.);
#4503=ORIENTED_EDGE('',*,*,#3477,.F.);
#4504=ORIENTED_EDGE('',*,*,#3483,.F.);
#4505=ORIENTED_EDGE('',*,*,#3484,.T.);
#4506=ORIENTED_EDGE('',*,*,#3485,.F.);
#4507=ORIENTED_EDGE('',*,*,#3486,.F.);
#4508=ORIENTED_EDGE('',*,*,#3487,.F.);
#4509=ORIENTED_EDGE('',*,*,#3488,.T.);
#4510=ORIENTED_EDGE('',*,*,#3489,.F.);
#4511=ORIENTED_EDGE('',*,*,#3484,.F.);
#4512=ORIENTED_EDGE('',*,*,#3490,.F.);
#4513=ORIENTED_EDGE('',*,*,#3491,.T.);
#4514=ORIENTED_EDGE('',*,*,#3492,.F.);
#4515=ORIENTED_EDGE('',*,*,#3488,.F.);
#4516=ORIENTED_EDGE('',*,*,#3493,.F.);
#4517=ORIENTED_EDGE('',*,*,#3494,.T.);
#4518=ORIENTED_EDGE('',*,*,#3495,.F.);
#4519=ORIENTED_EDGE('',*,*,#3491,.F.);
#4520=ORIENTED_EDGE('',*,*,#3496,.F.);
#4521=ORIENTED_EDGE('',*,*,#3479,.T.);
#4522=ORIENTED_EDGE('',*,*,#3497,.F.);
#4523=ORIENTED_EDGE('',*,*,#3494,.F.);
#4524=ORIENTED_EDGE('',*,*,#3498,.F.);
#4525=ORIENTED_EDGE('',*,*,#3499,.T.);
#4526=ORIENTED_EDGE('',*,*,#3500,.F.);
#4527=ORIENTED_EDGE('',*,*,#3501,.F.);
#4528=ORIENTED_EDGE('',*,*,#3502,.F.);
#4529=ORIENTED_EDGE('',*,*,#3503,.T.);
#4530=ORIENTED_EDGE('',*,*,#3504,.F.);
#4531=ORIENTED_EDGE('',*,*,#3499,.F.);
#4532=ORIENTED_EDGE('',*,*,#3505,.F.);
#4533=ORIENTED_EDGE('',*,*,#3506,.T.);
#4534=ORIENTED_EDGE('',*,*,#3507,.F.);
#4535=ORIENTED_EDGE('',*,*,#3503,.F.);
#4536=ORIENTED_EDGE('',*,*,#3508,.F.);
#4537=ORIENTED_EDGE('',*,*,#3509,.T.);
#4538=ORIENTED_EDGE('',*,*,#3510,.F.);
#4539=ORIENTED_EDGE('',*,*,#3506,.F.);
#4540=ORIENTED_EDGE('',*,*,#3511,.F.);
#4541=ORIENTED_EDGE('',*,*,#3512,.T.);
#4542=ORIENTED_EDGE('',*,*,#3513,.F.);
#4543=ORIENTED_EDGE('',*,*,#3509,.F.);
#4544=ORIENTED_EDGE('',*,*,#3514,.F.);
#4545=ORIENTED_EDGE('',*,*,#3515,.F.);
#4546=ORIENTED_EDGE('',*,*,#3516,.F.);
#4547=ORIENTED_EDGE('',*,*,#3512,.F.);
#4548=ORIENTED_EDGE('',*,*,#3517,.F.);
#4549=ORIENTED_EDGE('',*,*,#3501,.T.);
#4550=ORIENTED_EDGE('',*,*,#3518,.F.);
#4551=ORIENTED_EDGE('',*,*,#3519,.F.);
#4552=ORIENTED_EDGE('',*,*,#3485,.T.);
#4553=ORIENTED_EDGE('',*,*,#3489,.T.);
#4554=ORIENTED_EDGE('',*,*,#3492,.T.);
#4555=ORIENTED_EDGE('',*,*,#3495,.T.);
#4556=ORIENTED_EDGE('',*,*,#3497,.T.);
#4557=ORIENTED_EDGE('',*,*,#3478,.T.);
#4558=ORIENTED_EDGE('',*,*,#3482,.T.);
#4559=ORIENTED_EDGE('',*,*,#3520,.F.);
#4560=ORIENTED_EDGE('',*,*,#3521,.F.);
#4561=ORIENTED_EDGE('',*,*,#3522,.T.);
#4562=ORIENTED_EDGE('',*,*,#3523,.T.);
#4563=ORIENTED_EDGE('',*,*,#3524,.F.);
#4564=ORIENTED_EDGE('',*,*,#3518,.T.);
#4565=ORIENTED_EDGE('',*,*,#3500,.T.);
#4566=ORIENTED_EDGE('',*,*,#3504,.T.);
#4567=ORIENTED_EDGE('',*,*,#3507,.T.);
#4568=ORIENTED_EDGE('',*,*,#3510,.T.);
#4569=ORIENTED_EDGE('',*,*,#3513,.T.);
#4570=ORIENTED_EDGE('',*,*,#3516,.T.);
#4571=ORIENTED_EDGE('',*,*,#3525,.F.);
#4572=ORIENTED_EDGE('',*,*,#3519,.T.);
#4573=ORIENTED_EDGE('',*,*,#3524,.T.);
#4574=ORIENTED_EDGE('',*,*,#3526,.T.);
#4575=ORIENTED_EDGE('',*,*,#3527,.T.);
#4576=ORIENTED_EDGE('',*,*,#3528,.T.);
#4577=ORIENTED_EDGE('',*,*,#3529,.T.);
#4578=ORIENTED_EDGE('',*,*,#3481,.T.);
#4579=ORIENTED_EDGE('',*,*,#3530,.T.);
#4580=ORIENTED_EDGE('',*,*,#3531,.T.);
#4581=ORIENTED_EDGE('',*,*,#3520,.T.);
#4582=ORIENTED_EDGE('',*,*,#3532,.T.);
#4583=ORIENTED_EDGE('',*,*,#3533,.T.);
#4584=ORIENTED_EDGE('',*,*,#3534,.F.);
#4585=ORIENTED_EDGE('',*,*,#3535,.T.);
#4586=ORIENTED_EDGE('',*,*,#3536,.F.);
#4587=ORIENTED_EDGE('',*,*,#3535,.F.);
#4588=ORIENTED_EDGE('',*,*,#3537,.F.);
#4589=ORIENTED_EDGE('',*,*,#3538,.T.);
#4590=ORIENTED_EDGE('',*,*,#3532,.F.);
#4591=ORIENTED_EDGE('',*,*,#3538,.F.);
#4592=ORIENTED_EDGE('',*,*,#3537,.T.);
#4593=ORIENTED_EDGE('',*,*,#3534,.T.);
#4594=ORIENTED_EDGE('',*,*,#3486,.T.);
#4595=ORIENTED_EDGE('',*,*,#3525,.T.);
#4596=ORIENTED_EDGE('',*,*,#3515,.T.);
#4597=ORIENTED_EDGE('',*,*,#3539,.T.);
#4598=ORIENTED_EDGE('',*,*,#3540,.F.);
#4599=ORIENTED_EDGE('',*,*,#3541,.T.);
#4600=ORIENTED_EDGE('',*,*,#3542,.F.);
#4601=ORIENTED_EDGE('',*,*,#3541,.F.);
#4602=ORIENTED_EDGE('',*,*,#3543,.F.);
#4603=ORIENTED_EDGE('',*,*,#3544,.T.);
#4604=ORIENTED_EDGE('',*,*,#3528,.F.);
#4605=ORIENTED_EDGE('',*,*,#3544,.F.);
#4606=ORIENTED_EDGE('',*,*,#3543,.T.);
#4607=ORIENTED_EDGE('',*,*,#3540,.T.);
#4608=ORIENTED_EDGE('',*,*,#3536,.T.);
#4609=ORIENTED_EDGE('',*,*,#3545,.F.);
#4610=ORIENTED_EDGE('',*,*,#3546,.T.);
#4611=ORIENTED_EDGE('',*,*,#3547,.F.);
#4612=ORIENTED_EDGE('',*,*,#3546,.F.);
#4613=ORIENTED_EDGE('',*,*,#3548,.F.);
#4614=ORIENTED_EDGE('',*,*,#3549,.T.);
#4615=ORIENTED_EDGE('',*,*,#3533,.F.);
#4616=ORIENTED_EDGE('',*,*,#3549,.F.);
#4617=ORIENTED_EDGE('',*,*,#3548,.T.);
#4618=ORIENTED_EDGE('',*,*,#3545,.T.);
#4619=ORIENTED_EDGE('',*,*,#3542,.T.);
#4620=ORIENTED_EDGE('',*,*,#3550,.F.);
#4621=ORIENTED_EDGE('',*,*,#3551,.T.);
#4622=ORIENTED_EDGE('',*,*,#3552,.F.);
#4623=ORIENTED_EDGE('',*,*,#3551,.F.);
#4624=ORIENTED_EDGE('',*,*,#3553,.F.);
#4625=ORIENTED_EDGE('',*,*,#3554,.T.);
#4626=ORIENTED_EDGE('',*,*,#3529,.F.);
#4627=ORIENTED_EDGE('',*,*,#3554,.F.);
#4628=ORIENTED_EDGE('',*,*,#3553,.T.);
#4629=ORIENTED_EDGE('',*,*,#3550,.T.);
#4630=ORIENTED_EDGE('',*,*,#3547,.T.);
#4631=ORIENTED_EDGE('',*,*,#3552,.T.);
#4632=ORIENTED_EDGE('',*,*,#3483,.T.);
#4633=ORIENTED_EDGE('',*,*,#3539,.F.);
#4634=ORIENTED_EDGE('',*,*,#3514,.T.);
#4635=ORIENTED_EDGE('',*,*,#3511,.T.);
#4636=ORIENTED_EDGE('',*,*,#3508,.T.);
#4637=ORIENTED_EDGE('',*,*,#3505,.T.);
#4638=ORIENTED_EDGE('',*,*,#3502,.T.);
#4639=ORIENTED_EDGE('',*,*,#3498,.T.);
#4640=ORIENTED_EDGE('',*,*,#3517,.T.);
#4641=ORIENTED_EDGE('',*,*,#3527,.F.);
#4642=ORIENTED_EDGE('',*,*,#3555,.F.);
#4643=ORIENTED_EDGE('',*,*,#3556,.T.);
#4644=ORIENTED_EDGE('',*,*,#3557,.T.);
#4645=ORIENTED_EDGE('',*,*,#3530,.F.);
#4646=ORIENTED_EDGE('',*,*,#3480,.T.);
#4647=ORIENTED_EDGE('',*,*,#3476,.T.);
#4648=ORIENTED_EDGE('',*,*,#3496,.T.);
#4649=ORIENTED_EDGE('',*,*,#3493,.T.);
#4650=ORIENTED_EDGE('',*,*,#3490,.T.);
#4651=ORIENTED_EDGE('',*,*,#3487,.T.);
#4652=ORIENTED_EDGE('',*,*,#3558,.F.);
#4653=ORIENTED_EDGE('',*,*,#3559,.T.);
#4654=ORIENTED_EDGE('',*,*,#3560,.F.);
#4655=ORIENTED_EDGE('',*,*,#3559,.F.);
#4656=ORIENTED_EDGE('',*,*,#3561,.F.);
#4657=ORIENTED_EDGE('',*,*,#3562,.T.);
#4658=ORIENTED_EDGE('',*,*,#3563,.T.);
#4659=ORIENTED_EDGE('',*,*,#3564,.F.);
#4660=ORIENTED_EDGE('',*,*,#3565,.F.);
#4661=ORIENTED_EDGE('',*,*,#3566,.T.);
#4662=ORIENTED_EDGE('',*,*,#3567,.T.);
#4663=ORIENTED_EDGE('',*,*,#3562,.F.);
#4664=ORIENTED_EDGE('',*,*,#3568,.F.);
#4665=ORIENTED_EDGE('',*,*,#3569,.T.);
#4666=ORIENTED_EDGE('',*,*,#3570,.T.);
#4667=ORIENTED_EDGE('',*,*,#3566,.F.);
#4668=ORIENTED_EDGE('',*,*,#3571,.F.);
#4669=ORIENTED_EDGE('',*,*,#3572,.T.);
#4670=ORIENTED_EDGE('',*,*,#3573,.T.);
#4671=ORIENTED_EDGE('',*,*,#3569,.F.);
#4672=ORIENTED_EDGE('',*,*,#3574,.F.);
#4673=ORIENTED_EDGE('',*,*,#3575,.T.);
#4674=ORIENTED_EDGE('',*,*,#3576,.T.);
#4675=ORIENTED_EDGE('',*,*,#3572,.F.);
#4676=ORIENTED_EDGE('',*,*,#3577,.F.);
#4677=ORIENTED_EDGE('',*,*,#3564,.T.);
#4678=ORIENTED_EDGE('',*,*,#3578,.T.);
#4679=ORIENTED_EDGE('',*,*,#3575,.F.);
#4680=ORIENTED_EDGE('',*,*,#3578,.F.);
#4681=ORIENTED_EDGE('',*,*,#3563,.F.);
#4682=ORIENTED_EDGE('',*,*,#3567,.F.);
#4683=ORIENTED_EDGE('',*,*,#3570,.F.);
#4684=ORIENTED_EDGE('',*,*,#3573,.F.);
#4685=ORIENTED_EDGE('',*,*,#3576,.F.);
#4686=ORIENTED_EDGE('',*,*,#3558,.T.);
#4687=ORIENTED_EDGE('',*,*,#3579,.F.);
#4688=ORIENTED_EDGE('',*,*,#3580,.T.);
#4689=ORIENTED_EDGE('',*,*,#3581,.F.);
#4690=ORIENTED_EDGE('',*,*,#3582,.F.);
#4691=ORIENTED_EDGE('',*,*,#3583,.F.);
#4692=ORIENTED_EDGE('',*,*,#3582,.T.);
#4693=ORIENTED_EDGE('',*,*,#3584,.F.);
#4694=ORIENTED_EDGE('',*,*,#3585,.F.);
#4695=ORIENTED_EDGE('',*,*,#3586,.F.);
#4696=ORIENTED_EDGE('',*,*,#3585,.T.);
#4697=ORIENTED_EDGE('',*,*,#3587,.F.);
#4698=ORIENTED_EDGE('',*,*,#3588,.F.);
#4699=ORIENTED_EDGE('',*,*,#3589,.F.);
#4700=ORIENTED_EDGE('',*,*,#3588,.T.);
#4701=ORIENTED_EDGE('',*,*,#3590,.F.);
#4702=ORIENTED_EDGE('',*,*,#3580,.F.);
#4703=ORIENTED_EDGE('',*,*,#3561,.T.);
#4704=ORIENTED_EDGE('',*,*,#3577,.T.);
#4705=ORIENTED_EDGE('',*,*,#3574,.T.);
#4706=ORIENTED_EDGE('',*,*,#3571,.T.);
#4707=ORIENTED_EDGE('',*,*,#3568,.T.);
#4708=ORIENTED_EDGE('',*,*,#3565,.T.);
#4709=ORIENTED_EDGE('',*,*,#3590,.T.);
#4710=ORIENTED_EDGE('',*,*,#3587,.T.);
#4711=ORIENTED_EDGE('',*,*,#3584,.T.);
#4712=ORIENTED_EDGE('',*,*,#3581,.T.);
#4713=ORIENTED_EDGE('',*,*,#3591,.T.);
#4714=ORIENTED_EDGE('',*,*,#3592,.T.);
#4715=ORIENTED_EDGE('',*,*,#3593,.T.);
#4716=ORIENTED_EDGE('',*,*,#3594,.T.);
#4717=ORIENTED_EDGE('',*,*,#3595,.T.);
#4718=ORIENTED_EDGE('',*,*,#3592,.F.);
#4719=ORIENTED_EDGE('',*,*,#3560,.T.);
#4720=ORIENTED_EDGE('',*,*,#3595,.F.);
#4721=ORIENTED_EDGE('',*,*,#3596,.T.);
#4722=ORIENTED_EDGE('',*,*,#3593,.F.);
#4723=ORIENTED_EDGE('',*,*,#3591,.F.);
#4724=ORIENTED_EDGE('',*,*,#3596,.F.);
#4725=ORIENTED_EDGE('',*,*,#3594,.F.);
#4726=ORIENTED_EDGE('',*,*,#3597,.T.);
#4727=ORIENTED_EDGE('',*,*,#3555,.T.);
#4728=ORIENTED_EDGE('',*,*,#3526,.F.);
#4729=ORIENTED_EDGE('',*,*,#3523,.F.);
#4730=ORIENTED_EDGE('',*,*,#3598,.T.);
#4731=ORIENTED_EDGE('',*,*,#3521,.T.);
#4732=ORIENTED_EDGE('',*,*,#3531,.F.);
#4733=ORIENTED_EDGE('',*,*,#3557,.F.);
#4734=ORIENTED_EDGE('',*,*,#3556,.F.);
#4735=ORIENTED_EDGE('',*,*,#3597,.F.);
#4736=ORIENTED_EDGE('',*,*,#3522,.F.);
#4737=ORIENTED_EDGE('',*,*,#3598,.F.);
#4738=ORIENTED_EDGE('',*,*,#3579,.T.);
#4739=ORIENTED_EDGE('',*,*,#3583,.T.);
#4740=ORIENTED_EDGE('',*,*,#3586,.T.);
#4741=ORIENTED_EDGE('',*,*,#3589,.T.);
#4742=ORIENTED_EDGE('',*,*,#3599,.F.);
#4743=ORIENTED_EDGE('',*,*,#3600,.F.);
#4744=ORIENTED_EDGE('',*,*,#3601,.F.);
#4745=ORIENTED_EDGE('',*,*,#3602,.F.);
#4746=ORIENTED_EDGE('',*,*,#3600,.T.);
#4747=ORIENTED_EDGE('',*,*,#3603,.F.);
#4748=ORIENTED_EDGE('',*,*,#3604,.T.);
#4749=ORIENTED_EDGE('',*,*,#3605,.F.);
#4750=ORIENTED_EDGE('',*,*,#3606,.T.);
#4751=ORIENTED_EDGE('',*,*,#3599,.T.);
#4752=ORIENTED_EDGE('',*,*,#3607,.F.);
#4753=ORIENTED_EDGE('',*,*,#3608,.T.);
#4754=ORIENTED_EDGE('',*,*,#3609,.F.);
#4755=ORIENTED_EDGE('',*,*,#3610,.T.);
#4756=ORIENTED_EDGE('',*,*,#3611,.T.);
#4757=ORIENTED_EDGE('',*,*,#3612,.T.);
#4758=ORIENTED_EDGE('',*,*,#3613,.T.);
#4759=ORIENTED_EDGE('',*,*,#3614,.T.);
#4760=ORIENTED_EDGE('',*,*,#3615,.F.);
#4761=ORIENTED_EDGE('',*,*,#3616,.T.);
#4762=ORIENTED_EDGE('',*,*,#3617,.T.);
#4763=ORIENTED_EDGE('',*,*,#3618,.T.);
#4764=ORIENTED_EDGE('',*,*,#3619,.T.);
#4765=ORIENTED_EDGE('',*,*,#3620,.T.);
#4766=ORIENTED_EDGE('',*,*,#3603,.T.);
#4767=ORIENTED_EDGE('',*,*,#3621,.T.);
#4768=ORIENTED_EDGE('',*,*,#3622,.T.);
#4769=ORIENTED_EDGE('',*,*,#3623,.T.);
#4770=ORIENTED_EDGE('',*,*,#3624,.T.);
#4771=ORIENTED_EDGE('',*,*,#3625,.T.);
#4772=ORIENTED_EDGE('',*,*,#3626,.T.);
#4773=ORIENTED_EDGE('',*,*,#3627,.F.);
#4774=ORIENTED_EDGE('',*,*,#3628,.F.);
#4775=ORIENTED_EDGE('',*,*,#3612,.F.);
#4776=ORIENTED_EDGE('',*,*,#3629,.F.);
#4777=ORIENTED_EDGE('',*,*,#3627,.T.);
#4778=ORIENTED_EDGE('',*,*,#3630,.F.);
#4779=ORIENTED_EDGE('',*,*,#3631,.F.);
#4780=ORIENTED_EDGE('',*,*,#3632,.T.);
#4781=ORIENTED_EDGE('',*,*,#3633,.T.);
#4782=ORIENTED_EDGE('',*,*,#3634,.T.);
#4783=ORIENTED_EDGE('',*,*,#3635,.T.);
#4784=ORIENTED_EDGE('',*,*,#3636,.T.);
#4785=ORIENTED_EDGE('',*,*,#3629,.T.);
#4786=ORIENTED_EDGE('',*,*,#3611,.F.);
#4787=ORIENTED_EDGE('',*,*,#3637,.F.);
#4788=ORIENTED_EDGE('',*,*,#3630,.T.);
#4789=ORIENTED_EDGE('',*,*,#3638,.F.);
#4790=ORIENTED_EDGE('',*,*,#3635,.F.);
#4791=ORIENTED_EDGE('',*,*,#3639,.F.);
#4792=ORIENTED_EDGE('',*,*,#3614,.F.);
#4793=ORIENTED_EDGE('',*,*,#3639,.T.);
#4794=ORIENTED_EDGE('',*,*,#3634,.F.);
#4795=ORIENTED_EDGE('',*,*,#3640,.F.);
#4796=ORIENTED_EDGE('',*,*,#3615,.T.);
#4797=ORIENTED_EDGE('',*,*,#3641,.F.);
#4798=ORIENTED_EDGE('',*,*,#3604,.F.);
#4799=ORIENTED_EDGE('',*,*,#3620,.F.);
#4800=ORIENTED_EDGE('',*,*,#3642,.F.);
#4801=ORIENTED_EDGE('',*,*,#3601,.T.);
#4802=ORIENTED_EDGE('',*,*,#3605,.T.);
#4803=ORIENTED_EDGE('',*,*,#3641,.T.);
#4804=ORIENTED_EDGE('',*,*,#3643,.F.);
#4805=ORIENTED_EDGE('',*,*,#3644,.F.);
#4806=ORIENTED_EDGE('',*,*,#3645,.T.);
#4807=ORIENTED_EDGE('',*,*,#3646,.T.);
#4808=ORIENTED_EDGE('',*,*,#3647,.T.);
#4809=ORIENTED_EDGE('',*,*,#3642,.T.);
#4810=ORIENTED_EDGE('',*,*,#3619,.F.);
#4811=ORIENTED_EDGE('',*,*,#3648,.F.);
#4812=ORIENTED_EDGE('',*,*,#3643,.T.);
#4813=ORIENTED_EDGE('',*,*,#3602,.T.);
#4814=ORIENTED_EDGE('',*,*,#3647,.F.);
#4815=ORIENTED_EDGE('',*,*,#3649,.F.);
#4816=ORIENTED_EDGE('',*,*,#3607,.T.);
#4817=ORIENTED_EDGE('',*,*,#3628,.T.);
#4818=ORIENTED_EDGE('',*,*,#3636,.F.);
#4819=ORIENTED_EDGE('',*,*,#3638,.T.);
#4820=ORIENTED_EDGE('',*,*,#3613,.F.);
#4821=ORIENTED_EDGE('',*,*,#3650,.T.);
#4822=ORIENTED_EDGE('',*,*,#3651,.F.);
#4823=ORIENTED_EDGE('',*,*,#3652,.T.);
#4824=ORIENTED_EDGE('',*,*,#3617,.F.);
#4825=ORIENTED_EDGE('',*,*,#3653,.F.);
#4826=ORIENTED_EDGE('',*,*,#3651,.T.);
#4827=ORIENTED_EDGE('',*,*,#3654,.T.);
#4828=ORIENTED_EDGE('',*,*,#3655,.T.);
#4829=ORIENTED_EDGE('',*,*,#3656,.T.);
#4830=ORIENTED_EDGE('',*,*,#3657,.F.);
#4831=ORIENTED_EDGE('',*,*,#3658,.T.);
#4832=ORIENTED_EDGE('',*,*,#3650,.F.);
#4833=ORIENTED_EDGE('',*,*,#3658,.F.);
#4834=ORIENTED_EDGE('',*,*,#3659,.F.);
#4835=ORIENTED_EDGE('',*,*,#3660,.T.);
#4836=ORIENTED_EDGE('',*,*,#3606,.F.);
#4837=ORIENTED_EDGE('',*,*,#3660,.F.);
#4838=ORIENTED_EDGE('',*,*,#3661,.F.);
#4839=ORIENTED_EDGE('',*,*,#3662,.T.);
#4840=ORIENTED_EDGE('',*,*,#3663,.T.);
#4841=ORIENTED_EDGE('',*,*,#3664,.F.);
#4842=ORIENTED_EDGE('',*,*,#3665,.F.);
#4843=ORIENTED_EDGE('',*,*,#3666,.T.);
#4844=ORIENTED_EDGE('',*,*,#3667,.T.);
#4845=ORIENTED_EDGE('',*,*,#3662,.F.);
#4846=ORIENTED_EDGE('',*,*,#3668,.F.);
#4847=ORIENTED_EDGE('',*,*,#3669,.T.);
#4848=ORIENTED_EDGE('',*,*,#3670,.T.);
#4849=ORIENTED_EDGE('',*,*,#3666,.F.);
#4850=ORIENTED_EDGE('',*,*,#3671,.F.);
#4851=ORIENTED_EDGE('',*,*,#3672,.T.);
#4852=ORIENTED_EDGE('',*,*,#3673,.T.);
#4853=ORIENTED_EDGE('',*,*,#3669,.F.);
#4854=ORIENTED_EDGE('',*,*,#3674,.F.);
#4855=ORIENTED_EDGE('',*,*,#3675,.T.);
#4856=ORIENTED_EDGE('',*,*,#3676,.T.);
#4857=ORIENTED_EDGE('',*,*,#3672,.F.);
#4858=ORIENTED_EDGE('',*,*,#3677,.F.);
#4859=ORIENTED_EDGE('',*,*,#3664,.T.);
#4860=ORIENTED_EDGE('',*,*,#3678,.T.);
#4861=ORIENTED_EDGE('',*,*,#3675,.F.);
#4862=ORIENTED_EDGE('',*,*,#3678,.F.);
#4863=ORIENTED_EDGE('',*,*,#3663,.F.);
#4864=ORIENTED_EDGE('',*,*,#3667,.F.);
#4865=ORIENTED_EDGE('',*,*,#3670,.F.);
#4866=ORIENTED_EDGE('',*,*,#3673,.F.);
#4867=ORIENTED_EDGE('',*,*,#3676,.F.);
#4868=ORIENTED_EDGE('',*,*,#3659,.T.);
#4869=ORIENTED_EDGE('',*,*,#3679,.F.);
#4870=ORIENTED_EDGE('',*,*,#3680,.T.);
#4871=ORIENTED_EDGE('',*,*,#3681,.T.);
#4872=ORIENTED_EDGE('',*,*,#3682,.F.);
#4873=ORIENTED_EDGE('',*,*,#3683,.F.);
#4874=ORIENTED_EDGE('',*,*,#3684,.T.);
#4875=ORIENTED_EDGE('',*,*,#3685,.T.);
#4876=ORIENTED_EDGE('',*,*,#3680,.F.);
#4877=ORIENTED_EDGE('',*,*,#3686,.F.);
#4878=ORIENTED_EDGE('',*,*,#3687,.T.);
#4879=ORIENTED_EDGE('',*,*,#3688,.T.);
#4880=ORIENTED_EDGE('',*,*,#3684,.F.);
#4881=ORIENTED_EDGE('',*,*,#3689,.F.);
#4882=ORIENTED_EDGE('',*,*,#3690,.T.);
#4883=ORIENTED_EDGE('',*,*,#3691,.T.);
#4884=ORIENTED_EDGE('',*,*,#3687,.F.);
#4885=ORIENTED_EDGE('',*,*,#3692,.F.);
#4886=ORIENTED_EDGE('',*,*,#3693,.T.);
#4887=ORIENTED_EDGE('',*,*,#3694,.T.);
#4888=ORIENTED_EDGE('',*,*,#3690,.F.);
#4889=ORIENTED_EDGE('',*,*,#3695,.F.);
#4890=ORIENTED_EDGE('',*,*,#3682,.T.);
#4891=ORIENTED_EDGE('',*,*,#3696,.T.);
#4892=ORIENTED_EDGE('',*,*,#3693,.F.);
#4893=ORIENTED_EDGE('',*,*,#3696,.F.);
#4894=ORIENTED_EDGE('',*,*,#3681,.F.);
#4895=ORIENTED_EDGE('',*,*,#3685,.F.);
#4896=ORIENTED_EDGE('',*,*,#3688,.F.);
#4897=ORIENTED_EDGE('',*,*,#3691,.F.);
#4898=ORIENTED_EDGE('',*,*,#3694,.F.);
#4899=ORIENTED_EDGE('',*,*,#3657,.T.);
#4900=ORIENTED_EDGE('',*,*,#3640,.T.);
#4901=ORIENTED_EDGE('',*,*,#3633,.F.);
#4902=ORIENTED_EDGE('',*,*,#3697,.F.);
#4903=ORIENTED_EDGE('',*,*,#3654,.F.);
#4904=ORIENTED_EDGE('',*,*,#3653,.T.);
#4905=ORIENTED_EDGE('',*,*,#3616,.F.);
#4906=ORIENTED_EDGE('',*,*,#3698,.T.);
#4907=ORIENTED_EDGE('',*,*,#3699,.T.);
#4908=ORIENTED_EDGE('',*,*,#3700,.F.);
#4909=ORIENTED_EDGE('',*,*,#3701,.F.);
#4910=ORIENTED_EDGE('',*,*,#3702,.T.);
#4911=ORIENTED_EDGE('',*,*,#3703,.T.);
#4912=ORIENTED_EDGE('',*,*,#3704,.T.);
#4913=ORIENTED_EDGE('',*,*,#3705,.T.);
#4914=ORIENTED_EDGE('',*,*,#3706,.T.);
#4915=ORIENTED_EDGE('',*,*,#3707,.T.);
#4916=ORIENTED_EDGE('',*,*,#3648,.T.);
#4917=ORIENTED_EDGE('',*,*,#3618,.F.);
#4918=ORIENTED_EDGE('',*,*,#3652,.F.);
#4919=ORIENTED_EDGE('',*,*,#3656,.F.);
#4920=ORIENTED_EDGE('',*,*,#3708,.T.);
#4921=ORIENTED_EDGE('',*,*,#3644,.T.);
#4922=ORIENTED_EDGE('',*,*,#3704,.F.);
#4923=ORIENTED_EDGE('',*,*,#3709,.T.);
#4924=ORIENTED_EDGE('',*,*,#3621,.F.);
#4925=ORIENTED_EDGE('',*,*,#3710,.F.);
#4926=ORIENTED_EDGE('',*,*,#3703,.F.);
#4927=ORIENTED_EDGE('',*,*,#3711,.T.);
#4928=ORIENTED_EDGE('',*,*,#3622,.F.);
#4929=ORIENTED_EDGE('',*,*,#3709,.F.);
#4930=ORIENTED_EDGE('',*,*,#3712,.T.);
#4931=ORIENTED_EDGE('',*,*,#3623,.F.);
#4932=ORIENTED_EDGE('',*,*,#3711,.F.);
#4933=ORIENTED_EDGE('',*,*,#3702,.F.);
#4934=ORIENTED_EDGE('',*,*,#3713,.T.);
#4935=ORIENTED_EDGE('',*,*,#3645,.F.);
#4936=ORIENTED_EDGE('',*,*,#3708,.F.);
#4937=ORIENTED_EDGE('',*,*,#3655,.F.);
#4938=ORIENTED_EDGE('',*,*,#3697,.T.);
#4939=ORIENTED_EDGE('',*,*,#3632,.F.);
#4940=ORIENTED_EDGE('',*,*,#3714,.F.);
#4941=ORIENTED_EDGE('',*,*,#3698,.F.);
#4942=ORIENTED_EDGE('',*,*,#3661,.T.);
#4943=ORIENTED_EDGE('',*,*,#3677,.T.);
#4944=ORIENTED_EDGE('',*,*,#3674,.T.);
#4945=ORIENTED_EDGE('',*,*,#3671,.T.);
#4946=ORIENTED_EDGE('',*,*,#3668,.T.);
#4947=ORIENTED_EDGE('',*,*,#3665,.T.);
#4948=ORIENTED_EDGE('',*,*,#3679,.T.);
#4949=ORIENTED_EDGE('',*,*,#3695,.T.);
#4950=ORIENTED_EDGE('',*,*,#3692,.T.);
#4951=ORIENTED_EDGE('',*,*,#3689,.T.);
#4952=ORIENTED_EDGE('',*,*,#3686,.T.);
#4953=ORIENTED_EDGE('',*,*,#3683,.T.);
#4954=ORIENTED_EDGE('',*,*,#3705,.F.);
#4955=ORIENTED_EDGE('',*,*,#3710,.T.);
#4956=ORIENTED_EDGE('',*,*,#3624,.F.);
#4957=ORIENTED_EDGE('',*,*,#3712,.F.);
#4958=ORIENTED_EDGE('',*,*,#3706,.F.);
#4959=ORIENTED_EDGE('',*,*,#3715,.T.);
#4960=ORIENTED_EDGE('',*,*,#3625,.F.);
#4961=ORIENTED_EDGE('',*,*,#3715,.F.);
#4962=ORIENTED_EDGE('',*,*,#3707,.F.);
#4963=ORIENTED_EDGE('',*,*,#3716,.T.);
#4964=ORIENTED_EDGE('',*,*,#3626,.F.);
#4965=ORIENTED_EDGE('',*,*,#3716,.F.);
#4966=ORIENTED_EDGE('',*,*,#3637,.T.);
#4967=ORIENTED_EDGE('',*,*,#3610,.F.);
#4968=ORIENTED_EDGE('',*,*,#3717,.F.);
#4969=ORIENTED_EDGE('',*,*,#3699,.F.);
#4970=ORIENTED_EDGE('',*,*,#3714,.T.);
#4971=ORIENTED_EDGE('',*,*,#3631,.T.);
#4972=ORIENTED_EDGE('',*,*,#3649,.T.);
#4973=ORIENTED_EDGE('',*,*,#3646,.F.);
#4974=ORIENTED_EDGE('',*,*,#3713,.F.);
#4975=ORIENTED_EDGE('',*,*,#3701,.T.);
#4976=ORIENTED_EDGE('',*,*,#3718,.F.);
#4977=ORIENTED_EDGE('',*,*,#3608,.F.);
#4978=ORIENTED_EDGE('',*,*,#3609,.T.);
#4979=ORIENTED_EDGE('',*,*,#3718,.T.);
#4980=ORIENTED_EDGE('',*,*,#3700,.T.);
#4981=ORIENTED_EDGE('',*,*,#3717,.T.);
#4982=ORIENTED_EDGE('',*,*,#3719,.F.);
#4983=ORIENTED_EDGE('',*,*,#3720,.T.);
#4984=ORIENTED_EDGE('',*,*,#3721,.T.);
#4985=ORIENTED_EDGE('',*,*,#3722,.F.);
#4986=ORIENTED_EDGE('',*,*,#3723,.F.);
#4987=ORIENTED_EDGE('',*,*,#3724,.T.);
#4988=ORIENTED_EDGE('',*,*,#3725,.T.);
#4989=ORIENTED_EDGE('',*,*,#3720,.F.);
#4990=ORIENTED_EDGE('',*,*,#3726,.F.);
#4991=ORIENTED_EDGE('',*,*,#3727,.F.);
#4992=ORIENTED_EDGE('',*,*,#3728,.T.);
#4993=ORIENTED_EDGE('',*,*,#3724,.F.);
#4994=ORIENTED_EDGE('',*,*,#3728,.F.);
#4995=ORIENTED_EDGE('',*,*,#3729,.F.);
#4996=ORIENTED_EDGE('',*,*,#3721,.F.);
#4997=ORIENTED_EDGE('',*,*,#3725,.F.);
#4998=ORIENTED_EDGE('',*,*,#3726,.T.);
#4999=ORIENTED_EDGE('',*,*,#3723,.T.);
#5000=ORIENTED_EDGE('',*,*,#3719,.T.);
#5001=ORIENTED_EDGE('',*,*,#3730,.F.);
#5002=ORIENTED_EDGE('',*,*,#3731,.F.);
#5003=ORIENTED_EDGE('',*,*,#3732,.F.);
#5004=ORIENTED_EDGE('',*,*,#3733,.T.);
#5005=ORIENTED_EDGE('',*,*,#3734,.T.);
#5006=ORIENTED_EDGE('',*,*,#3735,.T.);
#5007=ORIENTED_EDGE('',*,*,#3736,.F.);
#5008=ORIENTED_EDGE('',*,*,#3737,.F.);
#5009=ORIENTED_EDGE('',*,*,#3738,.F.);
#5010=ORIENTED_EDGE('',*,*,#3739,.T.);
#5011=ORIENTED_EDGE('',*,*,#3740,.T.);
#5012=ORIENTED_EDGE('',*,*,#3741,.T.);
#5013=ORIENTED_EDGE('',*,*,#3742,.F.);
#5014=ORIENTED_EDGE('',*,*,#3731,.T.);
#5015=ORIENTED_EDGE('',*,*,#3743,.T.);
#5016=ORIENTED_EDGE('',*,*,#3744,.T.);
#5017=ORIENTED_EDGE('',*,*,#3745,.T.);
#5018=ORIENTED_EDGE('',*,*,#3745,.F.);
#5019=ORIENTED_EDGE('',*,*,#3746,.T.);
#5020=ORIENTED_EDGE('',*,*,#3747,.F.);
#5021=ORIENTED_EDGE('',*,*,#3748,.F.);
#5022=ORIENTED_EDGE('',*,*,#3749,.F.);
#5023=ORIENTED_EDGE('',*,*,#3750,.F.);
#5024=ORIENTED_EDGE('',*,*,#3751,.F.);
#5025=ORIENTED_EDGE('',*,*,#3752,.F.);
#5026=ORIENTED_EDGE('',*,*,#3753,.T.);
#5027=ORIENTED_EDGE('',*,*,#3754,.F.);
#5028=ORIENTED_EDGE('',*,*,#3755,.F.);
#5029=ORIENTED_EDGE('',*,*,#3756,.F.);
#5030=ORIENTED_EDGE('',*,*,#3757,.T.);
#5031=ORIENTED_EDGE('',*,*,#3758,.T.);
#5032=ORIENTED_EDGE('',*,*,#3732,.T.);
#5033=ORIENTED_EDGE('',*,*,#3759,.T.);
#5034=ORIENTED_EDGE('',*,*,#3749,.T.);
#5035=ORIENTED_EDGE('',*,*,#3760,.T.);
#5036=ORIENTED_EDGE('',*,*,#3761,.T.);
#5037=ORIENTED_EDGE('',*,*,#3761,.F.);
#5038=ORIENTED_EDGE('',*,*,#3762,.T.);
#5039=ORIENTED_EDGE('',*,*,#3763,.F.);
#5040=ORIENTED_EDGE('',*,*,#3764,.F.);
#5041=ORIENTED_EDGE('',*,*,#3765,.F.);
#5042=ORIENTED_EDGE('',*,*,#3766,.T.);
#5043=ORIENTED_EDGE('',*,*,#3767,.T.);
#5044=ORIENTED_EDGE('',*,*,#3768,.T.);
#5045=ORIENTED_EDGE('',*,*,#3769,.T.);
#5046=ORIENTED_EDGE('',*,*,#3727,.T.);
#5047=ORIENTED_EDGE('',*,*,#3742,.T.);
#5048=ORIENTED_EDGE('',*,*,#3770,.T.);
#5049=ORIENTED_EDGE('',*,*,#3771,.T.);
#5050=ORIENTED_EDGE('',*,*,#3769,.F.);
#5051=ORIENTED_EDGE('',*,*,#3772,.T.);
#5052=ORIENTED_EDGE('',*,*,#3743,.F.);
#5053=ORIENTED_EDGE('',*,*,#3730,.T.);
#5054=ORIENTED_EDGE('',*,*,#3722,.T.);
#5055=ORIENTED_EDGE('',*,*,#3729,.T.);
#5056=ORIENTED_EDGE('',*,*,#3773,.T.);
#5057=ORIENTED_EDGE('',*,*,#3763,.T.);
#5058=ORIENTED_EDGE('',*,*,#3774,.T.);
#5059=ORIENTED_EDGE('',*,*,#3775,.T.);
#5060=ORIENTED_EDGE('',*,*,#3773,.F.);
#5061=ORIENTED_EDGE('',*,*,#3776,.T.);
#5062=ORIENTED_EDGE('',*,*,#3777,.T.);
#5063=ORIENTED_EDGE('',*,*,#3764,.T.);
#5064=ORIENTED_EDGE('',*,*,#3767,.F.);
#5065=ORIENTED_EDGE('',*,*,#3778,.T.);
#5066=ORIENTED_EDGE('',*,*,#3779,.T.);
#5067=ORIENTED_EDGE('',*,*,#3738,.T.);
#5068=ORIENTED_EDGE('',*,*,#3780,.F.);
#5069=ORIENTED_EDGE('',*,*,#3781,.T.);
#5070=ORIENTED_EDGE('',*,*,#3782,.F.);
#5071=ORIENTED_EDGE('',*,*,#3783,.F.);
#5072=ORIENTED_EDGE('',*,*,#3784,.F.);
#5073=ORIENTED_EDGE('',*,*,#3785,.F.);
#5074=ORIENTED_EDGE('',*,*,#3776,.F.);
#5075=ORIENTED_EDGE('',*,*,#3775,.F.);
#5076=ORIENTED_EDGE('',*,*,#3786,.T.);
#5077=ORIENTED_EDGE('',*,*,#3787,.F.);
#5078=ORIENTED_EDGE('',*,*,#3788,.F.);
#5079=ORIENTED_EDGE('',*,*,#3789,.T.);
#5080=ORIENTED_EDGE('',*,*,#3790,.T.);
#5081=ORIENTED_EDGE('',*,*,#3791,.T.);
#5082=ORIENTED_EDGE('',*,*,#3752,.T.);
#5083=ORIENTED_EDGE('',*,*,#3792,.T.);
#5084=ORIENTED_EDGE('',*,*,#3784,.T.);
#5085=ORIENTED_EDGE('',*,*,#3793,.T.);
#5086=ORIENTED_EDGE('',*,*,#3794,.T.);
#5087=ORIENTED_EDGE('',*,*,#3790,.F.);
#5088=ORIENTED_EDGE('',*,*,#3795,.F.);
#5089=ORIENTED_EDGE('',*,*,#3794,.F.);
#5090=ORIENTED_EDGE('',*,*,#3796,.T.);
#5091=ORIENTED_EDGE('',*,*,#3797,.T.);
#5092=ORIENTED_EDGE('',*,*,#3756,.T.);
#5093=ORIENTED_EDGE('',*,*,#3798,.T.);
#5094=ORIENTED_EDGE('',*,*,#3799,.T.);
#5095=ORIENTED_EDGE('',*,*,#3797,.F.);
#5096=ORIENTED_EDGE('',*,*,#3800,.F.);
#5097=ORIENTED_EDGE('',*,*,#3801,.F.);
#5098=ORIENTED_EDGE('',*,*,#3802,.F.);
#5099=ORIENTED_EDGE('',*,*,#3803,.F.);
#5100=ORIENTED_EDGE('',*,*,#3757,.F.);
#5101=ORIENTED_EDGE('',*,*,#3737,.T.);
#5102=ORIENTED_EDGE('',*,*,#3804,.T.);
#5103=ORIENTED_EDGE('',*,*,#3805,.T.);
#5104=ORIENTED_EDGE('',*,*,#3780,.T.);
#5105=ORIENTED_EDGE('',*,*,#3735,.F.);
#5106=ORIENTED_EDGE('',*,*,#3806,.T.);
#5107=ORIENTED_EDGE('',*,*,#3801,.T.);
#5108=ORIENTED_EDGE('',*,*,#3807,.F.);
#5109=ORIENTED_EDGE('',*,*,#3734,.F.);
#5110=ORIENTED_EDGE('',*,*,#3808,.T.);
#5111=ORIENTED_EDGE('',*,*,#3802,.T.);
#5112=ORIENTED_EDGE('',*,*,#3806,.F.);
#5113=ORIENTED_EDGE('',*,*,#3733,.F.);
#5114=ORIENTED_EDGE('',*,*,#3758,.F.);
#5115=ORIENTED_EDGE('',*,*,#3803,.T.);
#5116=ORIENTED_EDGE('',*,*,#3808,.F.);
#5117=ORIENTED_EDGE('',*,*,#3741,.F.);
#5118=ORIENTED_EDGE('',*,*,#3809,.T.);
#5119=ORIENTED_EDGE('',*,*,#3810,.T.);
#5120=ORIENTED_EDGE('',*,*,#3770,.F.);
#5121=ORIENTED_EDGE('',*,*,#3740,.F.);
#5122=ORIENTED_EDGE('',*,*,#3811,.T.);
#5123=ORIENTED_EDGE('',*,*,#3812,.T.);
#5124=ORIENTED_EDGE('',*,*,#3809,.F.);
#5125=ORIENTED_EDGE('',*,*,#3739,.F.);
#5126=ORIENTED_EDGE('',*,*,#3779,.F.);
#5127=ORIENTED_EDGE('',*,*,#3813,.T.);
#5128=ORIENTED_EDGE('',*,*,#3811,.F.);
#5129=ORIENTED_EDGE('',*,*,#3766,.F.);
#5130=ORIENTED_EDGE('',*,*,#3771,.F.);
#5131=ORIENTED_EDGE('',*,*,#3810,.F.);
#5132=ORIENTED_EDGE('',*,*,#3812,.F.);
#5133=ORIENTED_EDGE('',*,*,#3813,.F.);
#5134=ORIENTED_EDGE('',*,*,#3778,.F.);
#5135=ORIENTED_EDGE('',*,*,#3799,.F.);
#5136=ORIENTED_EDGE('',*,*,#3814,.T.);
#5137=ORIENTED_EDGE('',*,*,#3804,.F.);
#5138=ORIENTED_EDGE('',*,*,#3736,.T.);
#5139=ORIENTED_EDGE('',*,*,#3807,.T.);
#5140=ORIENTED_EDGE('',*,*,#3800,.T.);
#5141=ORIENTED_EDGE('',*,*,#3815,.F.);
#5142=ORIENTED_EDGE('',*,*,#3816,.T.);
#5143=ORIENTED_EDGE('',*,*,#3817,.F.);
#5144=ORIENTED_EDGE('',*,*,#3818,.F.);
#5145=ORIENTED_EDGE('',*,*,#3819,.F.);
#5146=ORIENTED_EDGE('',*,*,#3820,.F.);
#5147=ORIENTED_EDGE('',*,*,#3777,.F.);
#5148=ORIENTED_EDGE('',*,*,#3821,.F.);
#5149=ORIENTED_EDGE('',*,*,#3818,.T.);
#5150=ORIENTED_EDGE('',*,*,#3822,.F.);
#5151=ORIENTED_EDGE('',*,*,#3816,.F.);
#5152=ORIENTED_EDGE('',*,*,#3822,.T.);
#5153=ORIENTED_EDGE('',*,*,#3817,.T.);
#5154=ORIENTED_EDGE('',*,*,#3789,.F.);
#5155=ORIENTED_EDGE('',*,*,#3751,.T.);
#5156=ORIENTED_EDGE('',*,*,#3819,.T.);
#5157=ORIENTED_EDGE('',*,*,#3815,.T.);
#5158=ORIENTED_EDGE('',*,*,#3821,.T.);
#5159=ORIENTED_EDGE('',*,*,#3785,.T.);
#5160=ORIENTED_EDGE('',*,*,#3792,.F.);
#5161=ORIENTED_EDGE('',*,*,#3795,.T.);
#5162=ORIENTED_EDGE('',*,*,#3759,.F.);
#5163=ORIENTED_EDGE('',*,*,#3765,.T.);
#5164=ORIENTED_EDGE('',*,*,#3820,.T.);
#5165=ORIENTED_EDGE('',*,*,#3750,.T.);
#5166=ORIENTED_EDGE('',*,*,#3823,.T.);
#5167=ORIENTED_EDGE('',*,*,#3787,.T.);
#5168=ORIENTED_EDGE('',*,*,#3824,.T.);
#5169=ORIENTED_EDGE('',*,*,#3825,.T.);
#5170=ORIENTED_EDGE('',*,*,#3825,.F.);
#5171=ORIENTED_EDGE('',*,*,#3826,.F.);
#5172=ORIENTED_EDGE('',*,*,#3827,.T.);
#5173=ORIENTED_EDGE('',*,*,#3828,.F.);
#5174=ORIENTED_EDGE('',*,*,#3824,.F.);
#5175=ORIENTED_EDGE('',*,*,#3786,.F.);
#5176=ORIENTED_EDGE('',*,*,#3774,.F.);
#5177=ORIENTED_EDGE('',*,*,#3762,.F.);
#5178=ORIENTED_EDGE('',*,*,#3760,.F.);
#5179=ORIENTED_EDGE('',*,*,#3748,.T.);
#5180=ORIENTED_EDGE('',*,*,#3829,.F.);
#5181=ORIENTED_EDGE('',*,*,#3830,.T.);
#5182=ORIENTED_EDGE('',*,*,#3831,.T.);
#5183=ORIENTED_EDGE('',*,*,#3832,.T.);
#5184=ORIENTED_EDGE('',*,*,#3833,.T.);
#5185=ORIENTED_EDGE('',*,*,#3826,.T.);
#5186=ORIENTED_EDGE('',*,*,#3829,.T.);
#5187=ORIENTED_EDGE('',*,*,#3747,.T.);
#5188=ORIENTED_EDGE('',*,*,#3834,.T.);
#5189=ORIENTED_EDGE('',*,*,#3835,.T.);
#5190=ORIENTED_EDGE('',*,*,#3835,.F.);
#5191=ORIENTED_EDGE('',*,*,#3836,.F.);
#5192=ORIENTED_EDGE('',*,*,#3837,.T.);
#5193=ORIENTED_EDGE('',*,*,#3830,.F.);
#5194=ORIENTED_EDGE('',*,*,#3838,.F.);
#5195=ORIENTED_EDGE('',*,*,#3839,.F.);
#5196=ORIENTED_EDGE('',*,*,#3831,.F.);
#5197=ORIENTED_EDGE('',*,*,#3837,.F.);
#5198=ORIENTED_EDGE('',*,*,#3840,.F.);
#5199=ORIENTED_EDGE('',*,*,#3841,.F.);
#5200=ORIENTED_EDGE('',*,*,#3832,.F.);
#5201=ORIENTED_EDGE('',*,*,#3839,.T.);
#5202=ORIENTED_EDGE('',*,*,#3842,.F.);
#5203=ORIENTED_EDGE('',*,*,#3827,.F.);
#5204=ORIENTED_EDGE('',*,*,#3833,.F.);
#5205=ORIENTED_EDGE('',*,*,#3841,.T.);
#5206=ORIENTED_EDGE('',*,*,#3823,.F.);
#5207=ORIENTED_EDGE('',*,*,#3828,.T.);
#5208=ORIENTED_EDGE('',*,*,#3842,.T.);
#5209=ORIENTED_EDGE('',*,*,#3840,.T.);
#5210=ORIENTED_EDGE('',*,*,#3838,.T.);
#5211=ORIENTED_EDGE('',*,*,#3836,.T.);
#5212=ORIENTED_EDGE('',*,*,#3834,.F.);
#5213=ORIENTED_EDGE('',*,*,#3746,.F.);
#5214=ORIENTED_EDGE('',*,*,#3744,.F.);
#5215=ORIENTED_EDGE('',*,*,#3772,.F.);
#5216=ORIENTED_EDGE('',*,*,#3768,.F.);
#5217=ORIENTED_EDGE('',*,*,#3788,.T.);
#5218=ORIENTED_EDGE('',*,*,#3843,.T.);
#5219=ORIENTED_EDGE('',*,*,#3844,.T.);
#5220=ORIENTED_EDGE('',*,*,#3845,.T.);
#5221=ORIENTED_EDGE('',*,*,#3782,.T.);
#5222=ORIENTED_EDGE('',*,*,#3844,.F.);
#5223=ORIENTED_EDGE('',*,*,#3846,.T.);
#5224=ORIENTED_EDGE('',*,*,#3847,.T.);
#5225=ORIENTED_EDGE('',*,*,#3848,.T.);
#5226=ORIENTED_EDGE('',*,*,#3843,.F.);
#5227=ORIENTED_EDGE('',*,*,#3781,.F.);
#5228=ORIENTED_EDGE('',*,*,#3805,.F.);
#5229=ORIENTED_EDGE('',*,*,#3814,.F.);
#5230=ORIENTED_EDGE('',*,*,#3798,.F.);
#5231=ORIENTED_EDGE('',*,*,#3755,.T.);
#5232=ORIENTED_EDGE('',*,*,#3849,.F.);
#5233=ORIENTED_EDGE('',*,*,#3850,.F.);
#5234=ORIENTED_EDGE('',*,*,#3851,.T.);
#5235=ORIENTED_EDGE('',*,*,#3852,.T.);
#5236=ORIENTED_EDGE('',*,*,#3853,.T.);
#5237=ORIENTED_EDGE('',*,*,#3846,.F.);
#5238=ORIENTED_EDGE('',*,*,#3854,.T.);
#5239=ORIENTED_EDGE('',*,*,#3855,.T.);
#5240=ORIENTED_EDGE('',*,*,#3849,.T.);
#5241=ORIENTED_EDGE('',*,*,#3754,.T.);
#5242=ORIENTED_EDGE('',*,*,#3855,.F.);
#5243=ORIENTED_EDGE('',*,*,#3856,.T.);
#5244=ORIENTED_EDGE('',*,*,#3857,.T.);
#5245=ORIENTED_EDGE('',*,*,#3850,.T.);
#5246=ORIENTED_EDGE('',*,*,#3845,.F.);
#5247=ORIENTED_EDGE('',*,*,#3848,.F.);
#5248=ORIENTED_EDGE('',*,*,#3858,.T.);
#5249=ORIENTED_EDGE('',*,*,#3859,.T.);
#5250=ORIENTED_EDGE('',*,*,#3860,.T.);
#5251=ORIENTED_EDGE('',*,*,#3856,.F.);
#5252=ORIENTED_EDGE('',*,*,#3854,.F.);
#5253=ORIENTED_EDGE('',*,*,#3753,.F.);
#5254=ORIENTED_EDGE('',*,*,#3791,.F.);
#5255=ORIENTED_EDGE('',*,*,#3796,.F.);
#5256=ORIENTED_EDGE('',*,*,#3793,.F.);
#5257=ORIENTED_EDGE('',*,*,#3783,.T.);
#5258=ORIENTED_EDGE('',*,*,#3851,.F.);
#5259=ORIENTED_EDGE('',*,*,#3857,.F.);
#5260=ORIENTED_EDGE('',*,*,#3860,.F.);
#5261=ORIENTED_EDGE('',*,*,#3861,.T.);
#5262=ORIENTED_EDGE('',*,*,#3852,.F.);
#5263=ORIENTED_EDGE('',*,*,#3861,.F.);
#5264=ORIENTED_EDGE('',*,*,#3859,.F.);
#5265=ORIENTED_EDGE('',*,*,#3862,.T.);
#5266=ORIENTED_EDGE('',*,*,#3853,.F.);
#5267=ORIENTED_EDGE('',*,*,#3862,.F.);
#5268=ORIENTED_EDGE('',*,*,#3858,.F.);
#5269=ORIENTED_EDGE('',*,*,#3847,.F.);
#5270=ORIENTED_EDGE('',*,*,#3863,.F.);
#5271=ORIENTED_EDGE('',*,*,#3864,.T.);
#5272=ORIENTED_EDGE('',*,*,#3865,.F.);
#5273=ORIENTED_EDGE('',*,*,#3864,.F.);
#5274=ORIENTED_EDGE('',*,*,#3866,.F.);
#5275=ORIENTED_EDGE('',*,*,#3867,.F.);
#5276=ORIENTED_EDGE('',*,*,#3868,.F.);
#5277=ORIENTED_EDGE('',*,*,#3869,.F.);
#5278=ORIENTED_EDGE('',*,*,#3870,.F.);
#5279=ORIENTED_EDGE('',*,*,#3871,.F.);
#5280=ORIENTED_EDGE('',*,*,#3872,.F.);
#5281=ORIENTED_EDGE('',*,*,#3873,.F.);
#5282=ORIENTED_EDGE('',*,*,#3874,.F.);
#5283=ORIENTED_EDGE('',*,*,#3875,.F.);
#5284=ORIENTED_EDGE('',*,*,#3876,.F.);
#5285=ORIENTED_EDGE('',*,*,#3877,.F.);
#5286=ORIENTED_EDGE('',*,*,#3878,.F.);
#5287=ORIENTED_EDGE('',*,*,#3879,.F.);
#5288=ORIENTED_EDGE('',*,*,#3880,.F.);
#5289=ORIENTED_EDGE('',*,*,#3881,.F.);
#5290=ORIENTED_EDGE('',*,*,#3882,.F.);
#5291=ORIENTED_EDGE('',*,*,#3883,.F.);
#5292=ORIENTED_EDGE('',*,*,#3884,.F.);
#5293=ORIENTED_EDGE('',*,*,#3885,.F.);
#5294=ORIENTED_EDGE('',*,*,#3886,.F.);
#5295=ORIENTED_EDGE('',*,*,#3887,.F.);
#5296=ORIENTED_EDGE('',*,*,#3888,.F.);
#5297=ORIENTED_EDGE('',*,*,#3889,.F.);
#5298=ORIENTED_EDGE('',*,*,#3890,.F.);
#5299=ORIENTED_EDGE('',*,*,#3891,.F.);
#5300=ORIENTED_EDGE('',*,*,#3892,.F.);
#5301=ORIENTED_EDGE('',*,*,#3893,.F.);
#5302=ORIENTED_EDGE('',*,*,#3894,.F.);
#5303=ORIENTED_EDGE('',*,*,#3895,.F.);
#5304=ORIENTED_EDGE('',*,*,#3896,.F.);
#5305=ORIENTED_EDGE('',*,*,#3897,.F.);
#5306=ORIENTED_EDGE('',*,*,#3898,.F.);
#5307=ORIENTED_EDGE('',*,*,#3899,.F.);
#5308=ORIENTED_EDGE('',*,*,#3900,.F.);
#5309=ORIENTED_EDGE('',*,*,#3901,.F.);
#5310=ORIENTED_EDGE('',*,*,#3902,.F.);
#5311=ORIENTED_EDGE('',*,*,#3903,.F.);
#5312=ORIENTED_EDGE('',*,*,#3904,.F.);
#5313=ORIENTED_EDGE('',*,*,#3905,.F.);
#5314=ORIENTED_EDGE('',*,*,#3906,.F.);
#5315=ORIENTED_EDGE('',*,*,#3907,.F.);
#5316=ORIENTED_EDGE('',*,*,#3908,.F.);
#5317=ORIENTED_EDGE('',*,*,#3909,.F.);
#5318=ORIENTED_EDGE('',*,*,#3910,.F.);
#5319=ORIENTED_EDGE('',*,*,#3911,.F.);
#5320=ORIENTED_EDGE('',*,*,#3912,.F.);
#5321=ORIENTED_EDGE('',*,*,#3913,.F.);
#5322=ORIENTED_EDGE('',*,*,#3914,.F.);
#5323=ORIENTED_EDGE('',*,*,#3915,.F.);
#5324=ORIENTED_EDGE('',*,*,#3916,.F.);
#5325=ORIENTED_EDGE('',*,*,#3917,.F.);
#5326=ORIENTED_EDGE('',*,*,#3918,.F.);
#5327=ORIENTED_EDGE('',*,*,#3919,.F.);
#5328=ORIENTED_EDGE('',*,*,#3920,.F.);
#5329=ORIENTED_EDGE('',*,*,#3921,.F.);
#5330=ORIENTED_EDGE('',*,*,#3922,.F.);
#5331=ORIENTED_EDGE('',*,*,#3923,.F.);
#5332=ORIENTED_EDGE('',*,*,#3924,.F.);
#5333=ORIENTED_EDGE('',*,*,#3925,.F.);
#5334=ORIENTED_EDGE('',*,*,#3926,.F.);
#5335=ORIENTED_EDGE('',*,*,#3927,.F.);
#5336=ORIENTED_EDGE('',*,*,#3928,.F.);
#5337=ORIENTED_EDGE('',*,*,#3929,.F.);
#5338=ORIENTED_EDGE('',*,*,#3930,.F.);
#5339=ORIENTED_EDGE('',*,*,#3931,.F.);
#5340=ORIENTED_EDGE('',*,*,#3932,.F.);
#5341=ORIENTED_EDGE('',*,*,#3933,.F.);
#5342=ORIENTED_EDGE('',*,*,#3934,.F.);
#5343=ORIENTED_EDGE('',*,*,#3935,.F.);
#5344=ORIENTED_EDGE('',*,*,#3936,.F.);
#5345=ORIENTED_EDGE('',*,*,#3937,.F.);
#5346=ORIENTED_EDGE('',*,*,#3938,.F.);
#5347=ORIENTED_EDGE('',*,*,#3939,.F.);
#5348=ORIENTED_EDGE('',*,*,#3940,.F.);
#5349=ORIENTED_EDGE('',*,*,#3941,.F.);
#5350=ORIENTED_EDGE('',*,*,#3942,.F.);
#5351=ORIENTED_EDGE('',*,*,#3943,.F.);
#5352=ORIENTED_EDGE('',*,*,#3944,.F.);
#5353=ORIENTED_EDGE('',*,*,#3945,.F.);
#5354=ORIENTED_EDGE('',*,*,#3946,.F.);
#5355=ORIENTED_EDGE('',*,*,#3947,.F.);
#5356=ORIENTED_EDGE('',*,*,#3948,.F.);
#5357=ORIENTED_EDGE('',*,*,#3949,.F.);
#5358=ORIENTED_EDGE('',*,*,#3950,.F.);
#5359=ORIENTED_EDGE('',*,*,#3951,.F.);
#5360=ORIENTED_EDGE('',*,*,#3952,.F.);
#5361=ORIENTED_EDGE('',*,*,#3953,.F.);
#5362=ORIENTED_EDGE('',*,*,#3954,.F.);
#5363=ORIENTED_EDGE('',*,*,#3955,.F.);
#5364=ORIENTED_EDGE('',*,*,#3956,.F.);
#5365=ORIENTED_EDGE('',*,*,#3957,.F.);
#5366=ORIENTED_EDGE('',*,*,#3958,.F.);
#5367=ORIENTED_EDGE('',*,*,#3959,.F.);
#5368=ORIENTED_EDGE('',*,*,#3960,.F.);
#5369=ORIENTED_EDGE('',*,*,#3961,.F.);
#5370=ORIENTED_EDGE('',*,*,#3962,.F.);
#5371=ORIENTED_EDGE('',*,*,#3963,.F.);
#5372=ORIENTED_EDGE('',*,*,#3964,.F.);
#5373=ORIENTED_EDGE('',*,*,#3965,.F.);
#5374=ORIENTED_EDGE('',*,*,#3966,.F.);
#5375=ORIENTED_EDGE('',*,*,#3967,.F.);
#5376=ORIENTED_EDGE('',*,*,#3968,.F.);
#5377=ORIENTED_EDGE('',*,*,#3969,.F.);
#5378=ORIENTED_EDGE('',*,*,#3970,.F.);
#5379=ORIENTED_EDGE('',*,*,#3971,.F.);
#5380=ORIENTED_EDGE('',*,*,#3972,.F.);
#5381=ORIENTED_EDGE('',*,*,#3973,.F.);
#5382=ORIENTED_EDGE('',*,*,#3974,.F.);
#5383=ORIENTED_EDGE('',*,*,#3975,.F.);
#5384=ORIENTED_EDGE('',*,*,#3976,.F.);
#5385=ORIENTED_EDGE('',*,*,#3977,.F.);
#5386=ORIENTED_EDGE('',*,*,#3978,.F.);
#5387=ORIENTED_EDGE('',*,*,#3979,.F.);
#5388=ORIENTED_EDGE('',*,*,#3980,.F.);
#5389=ORIENTED_EDGE('',*,*,#3981,.F.);
#5390=ORIENTED_EDGE('',*,*,#3982,.F.);
#5391=ORIENTED_EDGE('',*,*,#3983,.F.);
#5392=ORIENTED_EDGE('',*,*,#3984,.F.);
#5393=ORIENTED_EDGE('',*,*,#3985,.F.);
#5394=ORIENTED_EDGE('',*,*,#3986,.F.);
#5395=ORIENTED_EDGE('',*,*,#3987,.F.);
#5396=ORIENTED_EDGE('',*,*,#3988,.F.);
#5397=ORIENTED_EDGE('',*,*,#3989,.F.);
#5398=ORIENTED_EDGE('',*,*,#3990,.F.);
#5399=ORIENTED_EDGE('',*,*,#3991,.F.);
#5400=ORIENTED_EDGE('',*,*,#3992,.F.);
#5401=ORIENTED_EDGE('',*,*,#3993,.F.);
#5402=ORIENTED_EDGE('',*,*,#3994,.F.);
#5403=ORIENTED_EDGE('',*,*,#3995,.F.);
#5404=ORIENTED_EDGE('',*,*,#3996,.F.);
#5405=ORIENTED_EDGE('',*,*,#3997,.F.);
#5406=ORIENTED_EDGE('',*,*,#3998,.F.);
#5407=ORIENTED_EDGE('',*,*,#3999,.F.);
#5408=ORIENTED_EDGE('',*,*,#4000,.F.);
#5409=ORIENTED_EDGE('',*,*,#4001,.F.);
#5410=ORIENTED_EDGE('',*,*,#4002,.F.);
#5411=ORIENTED_EDGE('',*,*,#4003,.F.);
#5412=ORIENTED_EDGE('',*,*,#4004,.F.);
#5413=ORIENTED_EDGE('',*,*,#4005,.F.);
#5414=ORIENTED_EDGE('',*,*,#4006,.F.);
#5415=ORIENTED_EDGE('',*,*,#4007,.F.);
#5416=ORIENTED_EDGE('',*,*,#4008,.F.);
#5417=ORIENTED_EDGE('',*,*,#4009,.F.);
#5418=ORIENTED_EDGE('',*,*,#4010,.F.);
#5419=ORIENTED_EDGE('',*,*,#4011,.F.);
#5420=ORIENTED_EDGE('',*,*,#4012,.F.);
#5421=ORIENTED_EDGE('',*,*,#4013,.F.);
#5422=ORIENTED_EDGE('',*,*,#4014,.F.);
#5423=ORIENTED_EDGE('',*,*,#4015,.F.);
#5424=ORIENTED_EDGE('',*,*,#4016,.F.);
#5425=ORIENTED_EDGE('',*,*,#4017,.F.);
#5426=ORIENTED_EDGE('',*,*,#4018,.F.);
#5427=ORIENTED_EDGE('',*,*,#4019,.F.);
#5428=ORIENTED_EDGE('',*,*,#4020,.F.);
#5429=ORIENTED_EDGE('',*,*,#4021,.F.);
#5430=ORIENTED_EDGE('',*,*,#3868,.T.);
#5431=ORIENTED_EDGE('',*,*,#4022,.T.);
#5432=ORIENTED_EDGE('',*,*,#4023,.T.);
#5433=ORIENTED_EDGE('',*,*,#4024,.T.);
#5434=ORIENTED_EDGE('',*,*,#4020,.T.);
#5435=ORIENTED_EDGE('',*,*,#4025,.T.);
#5436=ORIENTED_EDGE('',*,*,#4016,.T.);
#5437=ORIENTED_EDGE('',*,*,#4026,.T.);
#5438=ORIENTED_EDGE('',*,*,#4012,.T.);
#5439=ORIENTED_EDGE('',*,*,#4027,.T.);
#5440=ORIENTED_EDGE('',*,*,#4008,.T.);
#5441=ORIENTED_EDGE('',*,*,#4028,.T.);
#5442=ORIENTED_EDGE('',*,*,#4004,.T.);
#5443=ORIENTED_EDGE('',*,*,#4029,.T.);
#5444=ORIENTED_EDGE('',*,*,#4000,.T.);
#5445=ORIENTED_EDGE('',*,*,#4030,.T.);
#5446=ORIENTED_EDGE('',*,*,#3996,.T.);
#5447=ORIENTED_EDGE('',*,*,#4031,.T.);
#5448=ORIENTED_EDGE('',*,*,#3992,.T.);
#5449=ORIENTED_EDGE('',*,*,#4032,.T.);
#5450=ORIENTED_EDGE('',*,*,#3988,.T.);
#5451=ORIENTED_EDGE('',*,*,#4033,.T.);
#5452=ORIENTED_EDGE('',*,*,#3984,.T.);
#5453=ORIENTED_EDGE('',*,*,#4034,.T.);
#5454=ORIENTED_EDGE('',*,*,#3980,.T.);
#5455=ORIENTED_EDGE('',*,*,#4035,.T.);
#5456=ORIENTED_EDGE('',*,*,#3976,.T.);
#5457=ORIENTED_EDGE('',*,*,#4036,.T.);
#5458=ORIENTED_EDGE('',*,*,#3972,.T.);
#5459=ORIENTED_EDGE('',*,*,#4037,.T.);
#5460=ORIENTED_EDGE('',*,*,#3968,.T.);
#5461=ORIENTED_EDGE('',*,*,#4038,.T.);
#5462=ORIENTED_EDGE('',*,*,#3964,.T.);
#5463=ORIENTED_EDGE('',*,*,#4039,.T.);
#5464=ORIENTED_EDGE('',*,*,#3960,.T.);
#5465=ORIENTED_EDGE('',*,*,#4040,.T.);
#5466=ORIENTED_EDGE('',*,*,#3956,.T.);
#5467=ORIENTED_EDGE('',*,*,#4041,.T.);
#5468=ORIENTED_EDGE('',*,*,#3952,.T.);
#5469=ORIENTED_EDGE('',*,*,#4042,.T.);
#5470=ORIENTED_EDGE('',*,*,#3948,.T.);
#5471=ORIENTED_EDGE('',*,*,#4043,.T.);
#5472=ORIENTED_EDGE('',*,*,#3944,.T.);
#5473=ORIENTED_EDGE('',*,*,#4044,.T.);
#5474=ORIENTED_EDGE('',*,*,#3940,.T.);
#5475=ORIENTED_EDGE('',*,*,#4045,.T.);
#5476=ORIENTED_EDGE('',*,*,#3936,.T.);
#5477=ORIENTED_EDGE('',*,*,#4046,.T.);
#5478=ORIENTED_EDGE('',*,*,#3932,.T.);
#5479=ORIENTED_EDGE('',*,*,#4047,.T.);
#5480=ORIENTED_EDGE('',*,*,#3928,.T.);
#5481=ORIENTED_EDGE('',*,*,#4048,.T.);
#5482=ORIENTED_EDGE('',*,*,#3924,.T.);
#5483=ORIENTED_EDGE('',*,*,#4049,.T.);
#5484=ORIENTED_EDGE('',*,*,#3920,.T.);
#5485=ORIENTED_EDGE('',*,*,#4050,.T.);
#5486=ORIENTED_EDGE('',*,*,#3916,.T.);
#5487=ORIENTED_EDGE('',*,*,#4051,.T.);
#5488=ORIENTED_EDGE('',*,*,#3912,.T.);
#5489=ORIENTED_EDGE('',*,*,#4052,.T.);
#5490=ORIENTED_EDGE('',*,*,#3908,.T.);
#5491=ORIENTED_EDGE('',*,*,#4053,.T.);
#5492=ORIENTED_EDGE('',*,*,#3904,.T.);
#5493=ORIENTED_EDGE('',*,*,#4054,.T.);
#5494=ORIENTED_EDGE('',*,*,#3900,.T.);
#5495=ORIENTED_EDGE('',*,*,#4055,.T.);
#5496=ORIENTED_EDGE('',*,*,#3896,.T.);
#5497=ORIENTED_EDGE('',*,*,#4056,.T.);
#5498=ORIENTED_EDGE('',*,*,#3892,.T.);
#5499=ORIENTED_EDGE('',*,*,#4057,.T.);
#5500=ORIENTED_EDGE('',*,*,#3888,.T.);
#5501=ORIENTED_EDGE('',*,*,#4058,.T.);
#5502=ORIENTED_EDGE('',*,*,#3884,.T.);
#5503=ORIENTED_EDGE('',*,*,#4059,.T.);
#5504=ORIENTED_EDGE('',*,*,#3880,.T.);
#5505=ORIENTED_EDGE('',*,*,#4060,.T.);
#5506=ORIENTED_EDGE('',*,*,#3876,.T.);
#5507=ORIENTED_EDGE('',*,*,#4061,.T.);
#5508=ORIENTED_EDGE('',*,*,#3872,.T.);
#5509=ORIENTED_EDGE('',*,*,#4062,.T.);
#5510=ORIENTED_EDGE('',*,*,#3863,.T.);
#5511=ORIENTED_EDGE('',*,*,#3867,.T.);
#5512=ORIENTED_EDGE('',*,*,#4063,.T.);
#5513=ORIENTED_EDGE('',*,*,#4064,.T.);
#5514=ORIENTED_EDGE('',*,*,#4022,.F.);
#5515=ORIENTED_EDGE('',*,*,#4021,.T.);
#5516=ORIENTED_EDGE('',*,*,#4024,.F.);
#5517=ORIENTED_EDGE('',*,*,#4065,.T.);
#5518=ORIENTED_EDGE('',*,*,#4066,.T.);
#5519=ORIENTED_EDGE('',*,*,#4017,.T.);
#5520=ORIENTED_EDGE('',*,*,#4025,.F.);
#5521=ORIENTED_EDGE('',*,*,#4019,.T.);
#5522=ORIENTED_EDGE('',*,*,#4067,.T.);
#5523=ORIENTED_EDGE('',*,*,#4013,.T.);
#5524=ORIENTED_EDGE('',*,*,#4026,.F.);
#5525=ORIENTED_EDGE('',*,*,#4015,.T.);
#5526=ORIENTED_EDGE('',*,*,#4068,.T.);
#5527=ORIENTED_EDGE('',*,*,#4009,.T.);
#5528=ORIENTED_EDGE('',*,*,#4027,.F.);
#5529=ORIENTED_EDGE('',*,*,#4011,.T.);
#5530=ORIENTED_EDGE('',*,*,#4069,.T.);
#5531=ORIENTED_EDGE('',*,*,#4005,.T.);
#5532=ORIENTED_EDGE('',*,*,#4028,.F.);
#5533=ORIENTED_EDGE('',*,*,#4007,.T.);
#5534=ORIENTED_EDGE('',*,*,#4070,.T.);
#5535=ORIENTED_EDGE('',*,*,#4001,.T.);
#5536=ORIENTED_EDGE('',*,*,#4029,.F.);
#5537=ORIENTED_EDGE('',*,*,#4003,.T.);
#5538=ORIENTED_EDGE('',*,*,#4071,.T.);
#5539=ORIENTED_EDGE('',*,*,#3997,.T.);
#5540=ORIENTED_EDGE('',*,*,#4030,.F.);
#5541=ORIENTED_EDGE('',*,*,#3999,.T.);
#5542=ORIENTED_EDGE('',*,*,#4072,.T.);
#5543=ORIENTED_EDGE('',*,*,#3993,.T.);
#5544=ORIENTED_EDGE('',*,*,#4031,.F.);
#5545=ORIENTED_EDGE('',*,*,#3995,.T.);
#5546=ORIENTED_EDGE('',*,*,#4073,.T.);
#5547=ORIENTED_EDGE('',*,*,#3989,.T.);
#5548=ORIENTED_EDGE('',*,*,#4032,.F.);
#5549=ORIENTED_EDGE('',*,*,#3991,.T.);
#5550=ORIENTED_EDGE('',*,*,#4074,.T.);
#5551=ORIENTED_EDGE('',*,*,#3985,.T.);
#5552=ORIENTED_EDGE('',*,*,#4033,.F.);
#5553=ORIENTED_EDGE('',*,*,#3987,.T.);
#5554=ORIENTED_EDGE('',*,*,#4075,.T.);
#5555=ORIENTED_EDGE('',*,*,#3981,.T.);
#5556=ORIENTED_EDGE('',*,*,#4034,.F.);
#5557=ORIENTED_EDGE('',*,*,#3983,.T.);
#5558=ORIENTED_EDGE('',*,*,#4076,.T.);
#5559=ORIENTED_EDGE('',*,*,#3977,.T.);
#5560=ORIENTED_EDGE('',*,*,#4035,.F.);
#5561=ORIENTED_EDGE('',*,*,#3979,.T.);
#5562=ORIENTED_EDGE('',*,*,#4077,.T.);
#5563=ORIENTED_EDGE('',*,*,#3973,.T.);
#5564=ORIENTED_EDGE('',*,*,#4036,.F.);
#5565=ORIENTED_EDGE('',*,*,#3975,.T.);
#5566=ORIENTED_EDGE('',*,*,#4078,.T.);
#5567=ORIENTED_EDGE('',*,*,#3969,.T.);
#5568=ORIENTED_EDGE('',*,*,#4037,.F.);
#5569=ORIENTED_EDGE('',*,*,#3971,.T.);
#5570=ORIENTED_EDGE('',*,*,#4079,.T.);
#5571=ORIENTED_EDGE('',*,*,#3965,.T.);
#5572=ORIENTED_EDGE('',*,*,#4038,.F.);
#5573=ORIENTED_EDGE('',*,*,#3967,.T.);
#5574=ORIENTED_EDGE('',*,*,#4080,.T.);
#5575=ORIENTED_EDGE('',*,*,#3961,.T.);
#5576=ORIENTED_EDGE('',*,*,#4039,.F.);
#5577=ORIENTED_EDGE('',*,*,#3963,.T.);
#5578=ORIENTED_EDGE('',*,*,#4081,.T.);
#5579=ORIENTED_EDGE('',*,*,#3957,.T.);
#5580=ORIENTED_EDGE('',*,*,#4040,.F.);
#5581=ORIENTED_EDGE('',*,*,#3959,.T.);
#5582=ORIENTED_EDGE('',*,*,#4082,.T.);
#5583=ORIENTED_EDGE('',*,*,#3953,.T.);
#5584=ORIENTED_EDGE('',*,*,#4041,.F.);
#5585=ORIENTED_EDGE('',*,*,#3955,.T.);
#5586=ORIENTED_EDGE('',*,*,#4083,.T.);
#5587=ORIENTED_EDGE('',*,*,#3949,.T.);
#5588=ORIENTED_EDGE('',*,*,#4042,.F.);
#5589=ORIENTED_EDGE('',*,*,#3951,.T.);
#5590=ORIENTED_EDGE('',*,*,#4084,.T.);
#5591=ORIENTED_EDGE('',*,*,#3945,.T.);
#5592=ORIENTED_EDGE('',*,*,#4043,.F.);
#5593=ORIENTED_EDGE('',*,*,#3947,.T.);
#5594=ORIENTED_EDGE('',*,*,#4085,.T.);
#5595=ORIENTED_EDGE('',*,*,#3941,.T.);
#5596=ORIENTED_EDGE('',*,*,#4044,.F.);
#5597=ORIENTED_EDGE('',*,*,#3943,.T.);
#5598=ORIENTED_EDGE('',*,*,#4086,.T.);
#5599=ORIENTED_EDGE('',*,*,#3937,.T.);
#5600=ORIENTED_EDGE('',*,*,#4045,.F.);
#5601=ORIENTED_EDGE('',*,*,#3939,.T.);
#5602=ORIENTED_EDGE('',*,*,#4087,.T.);
#5603=ORIENTED_EDGE('',*,*,#3933,.T.);
#5604=ORIENTED_EDGE('',*,*,#4046,.F.);
#5605=ORIENTED_EDGE('',*,*,#3935,.T.);
#5606=ORIENTED_EDGE('',*,*,#4088,.T.);
#5607=ORIENTED_EDGE('',*,*,#3929,.T.);
#5608=ORIENTED_EDGE('',*,*,#4047,.F.);
#5609=ORIENTED_EDGE('',*,*,#3931,.T.);
#5610=ORIENTED_EDGE('',*,*,#4089,.T.);
#5611=ORIENTED_EDGE('',*,*,#3925,.T.);
#5612=ORIENTED_EDGE('',*,*,#4048,.F.);
#5613=ORIENTED_EDGE('',*,*,#3927,.T.);
#5614=ORIENTED_EDGE('',*,*,#4090,.T.);
#5615=ORIENTED_EDGE('',*,*,#3921,.T.);
#5616=ORIENTED_EDGE('',*,*,#4049,.F.);
#5617=ORIENTED_EDGE('',*,*,#3923,.T.);
#5618=ORIENTED_EDGE('',*,*,#4091,.T.);
#5619=ORIENTED_EDGE('',*,*,#3917,.T.);
#5620=ORIENTED_EDGE('',*,*,#4050,.F.);
#5621=ORIENTED_EDGE('',*,*,#3919,.T.);
#5622=ORIENTED_EDGE('',*,*,#4092,.T.);
#5623=ORIENTED_EDGE('',*,*,#3913,.T.);
#5624=ORIENTED_EDGE('',*,*,#4051,.F.);
#5625=ORIENTED_EDGE('',*,*,#3915,.T.);
#5626=ORIENTED_EDGE('',*,*,#4093,.T.);
#5627=ORIENTED_EDGE('',*,*,#3909,.T.);
#5628=ORIENTED_EDGE('',*,*,#4052,.F.);
#5629=ORIENTED_EDGE('',*,*,#3911,.T.);
#5630=ORIENTED_EDGE('',*,*,#4094,.T.);
#5631=ORIENTED_EDGE('',*,*,#3905,.T.);
#5632=ORIENTED_EDGE('',*,*,#4053,.F.);
#5633=ORIENTED_EDGE('',*,*,#3907,.T.);
#5634=ORIENTED_EDGE('',*,*,#4095,.T.);
#5635=ORIENTED_EDGE('',*,*,#3901,.T.);
#5636=ORIENTED_EDGE('',*,*,#4054,.F.);
#5637=ORIENTED_EDGE('',*,*,#3903,.T.);
#5638=ORIENTED_EDGE('',*,*,#4096,.T.);
#5639=ORIENTED_EDGE('',*,*,#3897,.T.);
#5640=ORIENTED_EDGE('',*,*,#4055,.F.);
#5641=ORIENTED_EDGE('',*,*,#3899,.T.);
#5642=ORIENTED_EDGE('',*,*,#4097,.T.);
#5643=ORIENTED_EDGE('',*,*,#3893,.T.);
#5644=ORIENTED_EDGE('',*,*,#4056,.F.);
#5645=ORIENTED_EDGE('',*,*,#3895,.T.);
#5646=ORIENTED_EDGE('',*,*,#4098,.T.);
#5647=ORIENTED_EDGE('',*,*,#3889,.T.);
#5648=ORIENTED_EDGE('',*,*,#4057,.F.);
#5649=ORIENTED_EDGE('',*,*,#3891,.T.);
#5650=ORIENTED_EDGE('',*,*,#4099,.T.);
#5651=ORIENTED_EDGE('',*,*,#3885,.T.);
#5652=ORIENTED_EDGE('',*,*,#4058,.F.);
#5653=ORIENTED_EDGE('',*,*,#3887,.T.);
#5654=ORIENTED_EDGE('',*,*,#4100,.T.);
#5655=ORIENTED_EDGE('',*,*,#3881,.T.);
#5656=ORIENTED_EDGE('',*,*,#4059,.F.);
#5657=ORIENTED_EDGE('',*,*,#3883,.T.);
#5658=ORIENTED_EDGE('',*,*,#4101,.T.);
#5659=ORIENTED_EDGE('',*,*,#3877,.T.);
#5660=ORIENTED_EDGE('',*,*,#4060,.F.);
#5661=ORIENTED_EDGE('',*,*,#3879,.T.);
#5662=ORIENTED_EDGE('',*,*,#4102,.T.);
#5663=ORIENTED_EDGE('',*,*,#3873,.T.);
#5664=ORIENTED_EDGE('',*,*,#4061,.F.);
#5665=ORIENTED_EDGE('',*,*,#3875,.T.);
#5666=ORIENTED_EDGE('',*,*,#4103,.T.);
#5667=ORIENTED_EDGE('',*,*,#4104,.F.);
#5668=ORIENTED_EDGE('',*,*,#4065,.F.);
#5669=ORIENTED_EDGE('',*,*,#4023,.F.);
#5670=ORIENTED_EDGE('',*,*,#4064,.F.);
#5671=ORIENTED_EDGE('',*,*,#3866,.T.);
#5672=ORIENTED_EDGE('',*,*,#4105,.F.);
#5673=ORIENTED_EDGE('',*,*,#3870,.T.);
#5674=ORIENTED_EDGE('',*,*,#4103,.F.);
#5675=ORIENTED_EDGE('',*,*,#3874,.T.);
#5676=ORIENTED_EDGE('',*,*,#4102,.F.);
#5677=ORIENTED_EDGE('',*,*,#3878,.T.);
#5678=ORIENTED_EDGE('',*,*,#4101,.F.);
#5679=ORIENTED_EDGE('',*,*,#3882,.T.);
#5680=ORIENTED_EDGE('',*,*,#4100,.F.);
#5681=ORIENTED_EDGE('',*,*,#3886,.T.);
#5682=ORIENTED_EDGE('',*,*,#4099,.F.);
#5683=ORIENTED_EDGE('',*,*,#3890,.T.);
#5684=ORIENTED_EDGE('',*,*,#4098,.F.);
#5685=ORIENTED_EDGE('',*,*,#3894,.T.);
#5686=ORIENTED_EDGE('',*,*,#4097,.F.);
#5687=ORIENTED_EDGE('',*,*,#3898,.T.);
#5688=ORIENTED_EDGE('',*,*,#4096,.F.);
#5689=ORIENTED_EDGE('',*,*,#3902,.T.);
#5690=ORIENTED_EDGE('',*,*,#4095,.F.);
#5691=ORIENTED_EDGE('',*,*,#3906,.T.);
#5692=ORIENTED_EDGE('',*,*,#4094,.F.);
#5693=ORIENTED_EDGE('',*,*,#3910,.T.);
#5694=ORIENTED_EDGE('',*,*,#4093,.F.);
#5695=ORIENTED_EDGE('',*,*,#3914,.T.);
#5696=ORIENTED_EDGE('',*,*,#4092,.F.);
#5697=ORIENTED_EDGE('',*,*,#3918,.T.);
#5698=ORIENTED_EDGE('',*,*,#4091,.F.);
#5699=ORIENTED_EDGE('',*,*,#3922,.T.);
#5700=ORIENTED_EDGE('',*,*,#4090,.F.);
#5701=ORIENTED_EDGE('',*,*,#3926,.T.);
#5702=ORIENTED_EDGE('',*,*,#4089,.F.);
#5703=ORIENTED_EDGE('',*,*,#3930,.T.);
#5704=ORIENTED_EDGE('',*,*,#4088,.F.);
#5705=ORIENTED_EDGE('',*,*,#3934,.T.);
#5706=ORIENTED_EDGE('',*,*,#4087,.F.);
#5707=ORIENTED_EDGE('',*,*,#3938,.T.);
#5708=ORIENTED_EDGE('',*,*,#4086,.F.);
#5709=ORIENTED_EDGE('',*,*,#3942,.T.);
#5710=ORIENTED_EDGE('',*,*,#4085,.F.);
#5711=ORIENTED_EDGE('',*,*,#3946,.T.);
#5712=ORIENTED_EDGE('',*,*,#4084,.F.);
#5713=ORIENTED_EDGE('',*,*,#3950,.T.);
#5714=ORIENTED_EDGE('',*,*,#4083,.F.);
#5715=ORIENTED_EDGE('',*,*,#3954,.T.);
#5716=ORIENTED_EDGE('',*,*,#4082,.F.);
#5717=ORIENTED_EDGE('',*,*,#3958,.T.);
#5718=ORIENTED_EDGE('',*,*,#4081,.F.);
#5719=ORIENTED_EDGE('',*,*,#3962,.T.);
#5720=ORIENTED_EDGE('',*,*,#4080,.F.);
#5721=ORIENTED_EDGE('',*,*,#3966,.T.);
#5722=ORIENTED_EDGE('',*,*,#4079,.F.);
#5723=ORIENTED_EDGE('',*,*,#3970,.T.);
#5724=ORIENTED_EDGE('',*,*,#4078,.F.);
#5725=ORIENTED_EDGE('',*,*,#3974,.T.);
#5726=ORIENTED_EDGE('',*,*,#4077,.F.);
#5727=ORIENTED_EDGE('',*,*,#3978,.T.);
#5728=ORIENTED_EDGE('',*,*,#4076,.F.);
#5729=ORIENTED_EDGE('',*,*,#3982,.T.);
#5730=ORIENTED_EDGE('',*,*,#4075,.F.);
#5731=ORIENTED_EDGE('',*,*,#3986,.T.);
#5732=ORIENTED_EDGE('',*,*,#4074,.F.);
#5733=ORIENTED_EDGE('',*,*,#3990,.T.);
#5734=ORIENTED_EDGE('',*,*,#4073,.F.);
#5735=ORIENTED_EDGE('',*,*,#3994,.T.);
#5736=ORIENTED_EDGE('',*,*,#4072,.F.);
#5737=ORIENTED_EDGE('',*,*,#3998,.T.);
#5738=ORIENTED_EDGE('',*,*,#4071,.F.);
#5739=ORIENTED_EDGE('',*,*,#4002,.T.);
#5740=ORIENTED_EDGE('',*,*,#4070,.F.);
#5741=ORIENTED_EDGE('',*,*,#4006,.T.);
#5742=ORIENTED_EDGE('',*,*,#4069,.F.);
#5743=ORIENTED_EDGE('',*,*,#4010,.T.);
#5744=ORIENTED_EDGE('',*,*,#4068,.F.);
#5745=ORIENTED_EDGE('',*,*,#4014,.T.);
#5746=ORIENTED_EDGE('',*,*,#4067,.F.);
#5747=ORIENTED_EDGE('',*,*,#4018,.T.);
#5748=ORIENTED_EDGE('',*,*,#4066,.F.);
#5749=ORIENTED_EDGE('',*,*,#4104,.T.);
#5750=ORIENTED_EDGE('',*,*,#4063,.F.);
#5751=ORIENTED_EDGE('',*,*,#3865,.T.);
#5752=ORIENTED_EDGE('',*,*,#3869,.T.);
#5753=ORIENTED_EDGE('',*,*,#4062,.F.);
#5754=ORIENTED_EDGE('',*,*,#3871,.T.);
#5755=ORIENTED_EDGE('',*,*,#4105,.T.);
#5756=ORIENTED_EDGE('',*,*,#4106,.F.);
#5757=ORIENTED_EDGE('',*,*,#4107,.T.);
#5758=ORIENTED_EDGE('',*,*,#4108,.T.);
#5759=ORIENTED_EDGE('',*,*,#4107,.F.);
#5760=ORIENTED_EDGE('',*,*,#4106,.T.);
#5761=ORIENTED_EDGE('',*,*,#4108,.F.);
#5762=ORIENTED_EDGE('',*,*,#4109,.F.);
#5763=ORIENTED_EDGE('',*,*,#4110,.T.);
#5764=ORIENTED_EDGE('',*,*,#4111,.T.);
#5765=ORIENTED_EDGE('',*,*,#4110,.F.);
#5766=ORIENTED_EDGE('',*,*,#4109,.T.);
#5767=ORIENTED_EDGE('',*,*,#4111,.F.);
#5768=ORIENTED_EDGE('',*,*,#4112,.F.);
#5769=ORIENTED_EDGE('',*,*,#4113,.T.);
#5770=ORIENTED_EDGE('',*,*,#4114,.T.);
#5771=ORIENTED_EDGE('',*,*,#4113,.F.);
#5772=ORIENTED_EDGE('',*,*,#4112,.T.);
#5773=ORIENTED_EDGE('',*,*,#4114,.F.);
#5774=ORIENTED_EDGE('',*,*,#4115,.F.);
#5775=ORIENTED_EDGE('',*,*,#4116,.T.);
#5776=ORIENTED_EDGE('',*,*,#4117,.T.);
#5777=ORIENTED_EDGE('',*,*,#4116,.F.);
#5778=ORIENTED_EDGE('',*,*,#4115,.T.);
#5779=ORIENTED_EDGE('',*,*,#4117,.F.);
#5780=ORIENTED_EDGE('',*,*,#4118,.F.);
#5781=ORIENTED_EDGE('',*,*,#4119,.T.);
#5782=ORIENTED_EDGE('',*,*,#4120,.T.);
#5783=ORIENTED_EDGE('',*,*,#4121,.F.);
#5784=ORIENTED_EDGE('',*,*,#4122,.F.);
#5785=ORIENTED_EDGE('',*,*,#4123,.T.);
#5786=ORIENTED_EDGE('',*,*,#4124,.T.);
#5787=ORIENTED_EDGE('',*,*,#4119,.F.);
#5788=ORIENTED_EDGE('',*,*,#4125,.F.);
#5789=ORIENTED_EDGE('',*,*,#4126,.T.);
#5790=ORIENTED_EDGE('',*,*,#4127,.T.);
#5791=ORIENTED_EDGE('',*,*,#4123,.F.);
#5792=ORIENTED_EDGE('',*,*,#4128,.F.);
#5793=ORIENTED_EDGE('',*,*,#4121,.T.);
#5794=ORIENTED_EDGE('',*,*,#4129,.T.);
#5795=ORIENTED_EDGE('',*,*,#4126,.F.);
#5796=ORIENTED_EDGE('',*,*,#4129,.F.);
#5797=ORIENTED_EDGE('',*,*,#4120,.F.);
#5798=ORIENTED_EDGE('',*,*,#4124,.F.);
#5799=ORIENTED_EDGE('',*,*,#4127,.F.);
#5800=ORIENTED_EDGE('',*,*,#4130,.F.);
#5801=ORIENTED_EDGE('',*,*,#4131,.T.);
#5802=ORIENTED_EDGE('',*,*,#4132,.T.);
#5803=ORIENTED_EDGE('',*,*,#4133,.F.);
#5804=ORIENTED_EDGE('',*,*,#4134,.F.);
#5805=ORIENTED_EDGE('',*,*,#4135,.T.);
#5806=ORIENTED_EDGE('',*,*,#4136,.T.);
#5807=ORIENTED_EDGE('',*,*,#4131,.F.);
#5808=ORIENTED_EDGE('',*,*,#4137,.F.);
#5809=ORIENTED_EDGE('',*,*,#4138,.F.);
#5810=ORIENTED_EDGE('',*,*,#4139,.T.);
#5811=ORIENTED_EDGE('',*,*,#4135,.F.);
#5812=ORIENTED_EDGE('',*,*,#4140,.F.);
#5813=ORIENTED_EDGE('',*,*,#4132,.F.);
#5814=ORIENTED_EDGE('',*,*,#4136,.F.);
#5815=ORIENTED_EDGE('',*,*,#4139,.F.);
#5816=ORIENTED_EDGE('',*,*,#4141,.F.);
#5817=ORIENTED_EDGE('',*,*,#4142,.T.);
#5818=ORIENTED_EDGE('',*,*,#4143,.T.);
#5819=ORIENTED_EDGE('',*,*,#4144,.F.);
#5820=ORIENTED_EDGE('',*,*,#4145,.F.);
#5821=ORIENTED_EDGE('',*,*,#4146,.F.);
#5822=ORIENTED_EDGE('',*,*,#4147,.T.);
#5823=ORIENTED_EDGE('',*,*,#4142,.F.);
#5824=ORIENTED_EDGE('',*,*,#4148,.F.);
#5825=ORIENTED_EDGE('',*,*,#4144,.T.);
#5826=ORIENTED_EDGE('',*,*,#4149,.T.);
#5827=ORIENTED_EDGE('',*,*,#4150,.F.);
#5828=ORIENTED_EDGE('',*,*,#4149,.F.);
#5829=ORIENTED_EDGE('',*,*,#4143,.F.);
#5830=ORIENTED_EDGE('',*,*,#4147,.F.);
#5831=ORIENTED_EDGE('',*,*,#4151,.F.);
#5832=ORIENTED_EDGE('',*,*,#4137,.T.);
#5833=ORIENTED_EDGE('',*,*,#4134,.T.);
#5834=ORIENTED_EDGE('',*,*,#4130,.T.);
#5835=ORIENTED_EDGE('',*,*,#4152,.F.);
#5836=ORIENTED_EDGE('',*,*,#4153,.F.);
#5837=ORIENTED_EDGE('',*,*,#4154,.T.);
#5838=ORIENTED_EDGE('',*,*,#4155,.T.);
#5839=ORIENTED_EDGE('',*,*,#4156,.F.);
#5840=ORIENTED_EDGE('',*,*,#4145,.T.);
#5841=ORIENTED_EDGE('',*,*,#4141,.T.);
#5842=ORIENTED_EDGE('',*,*,#4148,.T.);
#5843=ORIENTED_EDGE('',*,*,#4157,.F.);
#5844=ORIENTED_EDGE('',*,*,#4118,.T.);
#5845=ORIENTED_EDGE('',*,*,#4128,.T.);
#5846=ORIENTED_EDGE('',*,*,#4125,.T.);
#5847=ORIENTED_EDGE('',*,*,#4122,.T.);
#5848=ORIENTED_EDGE('',*,*,#4158,.T.);
#5849=ORIENTED_EDGE('',*,*,#4153,.T.);
#5850=ORIENTED_EDGE('',*,*,#4159,.F.);
#5851=ORIENTED_EDGE('',*,*,#4160,.F.);
#5852=ORIENTED_EDGE('',*,*,#4161,.T.);
#5853=ORIENTED_EDGE('',*,*,#4160,.T.);
#5854=ORIENTED_EDGE('',*,*,#4162,.F.);
#5855=ORIENTED_EDGE('',*,*,#4163,.F.);
#5856=ORIENTED_EDGE('',*,*,#4164,.T.);
#5857=ORIENTED_EDGE('',*,*,#4163,.T.);
#5858=ORIENTED_EDGE('',*,*,#4165,.F.);
#5859=ORIENTED_EDGE('',*,*,#4155,.F.);
#5860=ORIENTED_EDGE('',*,*,#4138,.T.);
#5861=ORIENTED_EDGE('',*,*,#4157,.T.);
#5862=ORIENTED_EDGE('',*,*,#4150,.T.);
#5863=ORIENTED_EDGE('',*,*,#4151,.T.);
#5864=ORIENTED_EDGE('',*,*,#4146,.T.);
#5865=ORIENTED_EDGE('',*,*,#4156,.T.);
#5866=ORIENTED_EDGE('',*,*,#4165,.T.);
#5867=ORIENTED_EDGE('',*,*,#4162,.T.);
#5868=ORIENTED_EDGE('',*,*,#4159,.T.);
#5869=ORIENTED_EDGE('',*,*,#4152,.T.);
#5870=ORIENTED_EDGE('',*,*,#4133,.T.);
#5871=ORIENTED_EDGE('',*,*,#4140,.T.);
#5872=ORIENTED_EDGE('',*,*,#4154,.F.);
#5873=ORIENTED_EDGE('',*,*,#4158,.F.);
#5874=ORIENTED_EDGE('',*,*,#4161,.F.);
#5875=ORIENTED_EDGE('',*,*,#4164,.F.);
#5876=ORIENTED_EDGE('',*,*,#4166,.F.);
#5877=ORIENTED_EDGE('',*,*,#4167,.T.);
#5878=ORIENTED_EDGE('',*,*,#4168,.F.);
#5879=ORIENTED_EDGE('',*,*,#4169,.F.);
#5880=ORIENTED_EDGE('',*,*,#4170,.F.);
#5881=ORIENTED_EDGE('',*,*,#4171,.T.);
#5882=ORIENTED_EDGE('',*,*,#4172,.F.);
#5883=ORIENTED_EDGE('',*,*,#4167,.F.);
#5884=ORIENTED_EDGE('',*,*,#4173,.F.);
#5885=ORIENTED_EDGE('',*,*,#4174,.F.);
#5886=ORIENTED_EDGE('',*,*,#4175,.F.);
#5887=ORIENTED_EDGE('',*,*,#4171,.F.);
#5888=ORIENTED_EDGE('',*,*,#4169,.T.);
#5889=ORIENTED_EDGE('',*,*,#4176,.T.);
#5890=ORIENTED_EDGE('',*,*,#4177,.T.);
#5891=ORIENTED_EDGE('',*,*,#4178,.F.);
#5892=ORIENTED_EDGE('',*,*,#4174,.T.);
#5893=ORIENTED_EDGE('',*,*,#4179,.F.);
#5894=ORIENTED_EDGE('',*,*,#4180,.F.);
#5895=ORIENTED_EDGE('',*,*,#4181,.T.);
#5896=ORIENTED_EDGE('',*,*,#4173,.T.);
#5897=ORIENTED_EDGE('',*,*,#4170,.T.);
#5898=ORIENTED_EDGE('',*,*,#4166,.T.);
#5899=ORIENTED_EDGE('',*,*,#4178,.T.);
#5900=ORIENTED_EDGE('',*,*,#4182,.T.);
#5901=ORIENTED_EDGE('',*,*,#4183,.T.);
#5902=ORIENTED_EDGE('',*,*,#4184,.T.);
#5903=ORIENTED_EDGE('',*,*,#4185,.T.);
#5904=ORIENTED_EDGE('',*,*,#4186,.T.);
#5905=ORIENTED_EDGE('',*,*,#4187,.T.);
#5906=ORIENTED_EDGE('',*,*,#4188,.T.);
#5907=ORIENTED_EDGE('',*,*,#4189,.T.);
#5908=ORIENTED_EDGE('',*,*,#4190,.T.);
#5909=ORIENTED_EDGE('',*,*,#4191,.T.);
#5910=ORIENTED_EDGE('',*,*,#4192,.T.);
#5911=ORIENTED_EDGE('',*,*,#4179,.T.);
#5912=ORIENTED_EDGE('',*,*,#4193,.F.);
#5913=ORIENTED_EDGE('',*,*,#4194,.T.);
#5914=ORIENTED_EDGE('',*,*,#4195,.F.);
#5915=ORIENTED_EDGE('',*,*,#4194,.F.);
#5916=ORIENTED_EDGE('',*,*,#4196,.F.);
#5917=ORIENTED_EDGE('',*,*,#4197,.T.);
#5918=ORIENTED_EDGE('',*,*,#4198,.F.);
#5919=ORIENTED_EDGE('',*,*,#4197,.F.);
#5920=ORIENTED_EDGE('',*,*,#4196,.T.);
#5921=ORIENTED_EDGE('',*,*,#4193,.T.);
#5922=ORIENTED_EDGE('',*,*,#4175,.T.);
#5923=ORIENTED_EDGE('',*,*,#4181,.F.);
#5924=ORIENTED_EDGE('',*,*,#4199,.F.);
#5925=ORIENTED_EDGE('',*,*,#4200,.T.);
#5926=ORIENTED_EDGE('',*,*,#4201,.F.);
#5927=ORIENTED_EDGE('',*,*,#4202,.T.);
#5928=ORIENTED_EDGE('',*,*,#4203,.F.);
#5929=ORIENTED_EDGE('',*,*,#4204,.F.);
#5930=ORIENTED_EDGE('',*,*,#4205,.T.);
#5931=ORIENTED_EDGE('',*,*,#4206,.T.);
#5932=ORIENTED_EDGE('',*,*,#4207,.F.);
#5933=ORIENTED_EDGE('',*,*,#4208,.F.);
#5934=ORIENTED_EDGE('',*,*,#4209,.F.);
#5935=ORIENTED_EDGE('',*,*,#4176,.F.);
#5936=ORIENTED_EDGE('',*,*,#4168,.T.);
#5937=ORIENTED_EDGE('',*,*,#4172,.T.);
#5938=ORIENTED_EDGE('',*,*,#4210,.T.);
#5939=ORIENTED_EDGE('',*,*,#4211,.T.);
#5940=ORIENTED_EDGE('',*,*,#4212,.T.);
#5941=ORIENTED_EDGE('',*,*,#4198,.T.);
#5942=ORIENTED_EDGE('',*,*,#4213,.F.);
#5943=ORIENTED_EDGE('',*,*,#4214,.T.);
#5944=ORIENTED_EDGE('',*,*,#4215,.F.);
#5945=ORIENTED_EDGE('',*,*,#4214,.F.);
#5946=ORIENTED_EDGE('',*,*,#4216,.F.);
#5947=ORIENTED_EDGE('',*,*,#4217,.T.);
#5948=ORIENTED_EDGE('',*,*,#4210,.F.);
#5949=ORIENTED_EDGE('',*,*,#4217,.F.);
#5950=ORIENTED_EDGE('',*,*,#4216,.T.);
#5951=ORIENTED_EDGE('',*,*,#4213,.T.);
#5952=ORIENTED_EDGE('',*,*,#4195,.T.);
#5953=ORIENTED_EDGE('',*,*,#4218,.F.);
#5954=ORIENTED_EDGE('',*,*,#4219,.T.);
#5955=ORIENTED_EDGE('',*,*,#4220,.F.);
#5956=ORIENTED_EDGE('',*,*,#4219,.F.);
#5957=ORIENTED_EDGE('',*,*,#4221,.F.);
#5958=ORIENTED_EDGE('',*,*,#4222,.T.);
#5959=ORIENTED_EDGE('',*,*,#4212,.F.);
#5960=ORIENTED_EDGE('',*,*,#4222,.F.);
#5961=ORIENTED_EDGE('',*,*,#4221,.T.);
#5962=ORIENTED_EDGE('',*,*,#4218,.T.);
#5963=ORIENTED_EDGE('',*,*,#4215,.T.);
#5964=ORIENTED_EDGE('',*,*,#4223,.F.);
#5965=ORIENTED_EDGE('',*,*,#4224,.T.);
#5966=ORIENTED_EDGE('',*,*,#4225,.F.);
#5967=ORIENTED_EDGE('',*,*,#4224,.F.);
#5968=ORIENTED_EDGE('',*,*,#4226,.F.);
#5969=ORIENTED_EDGE('',*,*,#4227,.T.);
#5970=ORIENTED_EDGE('',*,*,#4211,.F.);
#5971=ORIENTED_EDGE('',*,*,#4227,.F.);
#5972=ORIENTED_EDGE('',*,*,#4226,.T.);
#5973=ORIENTED_EDGE('',*,*,#4223,.T.);
#5974=ORIENTED_EDGE('',*,*,#4220,.T.);
#5975=ORIENTED_EDGE('',*,*,#4200,.F.);
#5976=ORIENTED_EDGE('',*,*,#4228,.T.);
#5977=ORIENTED_EDGE('',*,*,#4191,.F.);
#5978=ORIENTED_EDGE('',*,*,#4229,.F.);
#5979=ORIENTED_EDGE('',*,*,#4201,.T.);
#5980=ORIENTED_EDGE('',*,*,#4229,.T.);
#5981=ORIENTED_EDGE('',*,*,#4190,.F.);
#5982=ORIENTED_EDGE('',*,*,#4230,.F.);
#5983=ORIENTED_EDGE('',*,*,#4202,.F.);
#5984=ORIENTED_EDGE('',*,*,#4230,.T.);
#5985=ORIENTED_EDGE('',*,*,#4189,.F.);
#5986=ORIENTED_EDGE('',*,*,#4231,.F.);
#5987=ORIENTED_EDGE('',*,*,#4203,.T.);
#5988=ORIENTED_EDGE('',*,*,#4231,.T.);
#5989=ORIENTED_EDGE('',*,*,#4188,.F.);
#5990=ORIENTED_EDGE('',*,*,#4232,.F.);
#5991=ORIENTED_EDGE('',*,*,#4204,.T.);
#5992=ORIENTED_EDGE('',*,*,#4232,.T.);
#5993=ORIENTED_EDGE('',*,*,#4187,.F.);
#5994=ORIENTED_EDGE('',*,*,#4233,.F.);
#5995=ORIENTED_EDGE('',*,*,#4205,.F.);
#5996=ORIENTED_EDGE('',*,*,#4233,.T.);
#5997=ORIENTED_EDGE('',*,*,#4186,.F.);
#5998=ORIENTED_EDGE('',*,*,#4234,.F.);
#5999=ORIENTED_EDGE('',*,*,#4206,.F.);
#6000=ORIENTED_EDGE('',*,*,#4234,.T.);
#6001=ORIENTED_EDGE('',*,*,#4185,.F.);
#6002=ORIENTED_EDGE('',*,*,#4235,.F.);
#6003=ORIENTED_EDGE('',*,*,#4207,.T.);
#6004=ORIENTED_EDGE('',*,*,#4235,.T.);
#6005=ORIENTED_EDGE('',*,*,#4184,.F.);
#6006=ORIENTED_EDGE('',*,*,#4236,.F.);
#6007=ORIENTED_EDGE('',*,*,#4208,.T.);
#6008=ORIENTED_EDGE('',*,*,#4236,.T.);
#6009=ORIENTED_EDGE('',*,*,#4183,.F.);
#6010=ORIENTED_EDGE('',*,*,#4237,.F.);
#6011=ORIENTED_EDGE('',*,*,#4209,.T.);
#6012=ORIENTED_EDGE('',*,*,#4237,.T.);
#6013=ORIENTED_EDGE('',*,*,#4182,.F.);
#6014=ORIENTED_EDGE('',*,*,#4177,.F.);
#6015=ORIENTED_EDGE('',*,*,#4199,.T.);
#6016=ORIENTED_EDGE('',*,*,#4180,.T.);
#6017=ORIENTED_EDGE('',*,*,#4192,.F.);
#6018=ORIENTED_EDGE('',*,*,#4228,.F.);
#6019=ORIENTED_EDGE('',*,*,#4225,.T.);
#6020=ORIENTED_EDGE('',*,*,#4238,.F.);
#6021=ORIENTED_EDGE('',*,*,#4239,.T.);
#6022=ORIENTED_EDGE('',*,*,#4240,.T.);
#6023=ORIENTED_EDGE('',*,*,#4241,.F.);
#6024=ORIENTED_EDGE('',*,*,#4242,.F.);
#6025=ORIENTED_EDGE('',*,*,#4243,.T.);
#6026=ORIENTED_EDGE('',*,*,#4244,.T.);
#6027=ORIENTED_EDGE('',*,*,#4239,.F.);
#6028=ORIENTED_EDGE('',*,*,#4245,.F.);
#6029=ORIENTED_EDGE('',*,*,#4246,.T.);
#6030=ORIENTED_EDGE('',*,*,#4247,.T.);
#6031=ORIENTED_EDGE('',*,*,#4243,.F.);
#6032=ORIENTED_EDGE('',*,*,#4248,.F.);
#6033=ORIENTED_EDGE('',*,*,#4241,.T.);
#6034=ORIENTED_EDGE('',*,*,#4249,.T.);
#6035=ORIENTED_EDGE('',*,*,#4246,.F.);
#6036=ORIENTED_EDGE('',*,*,#4249,.F.);
#6037=ORIENTED_EDGE('',*,*,#4240,.F.);
#6038=ORIENTED_EDGE('',*,*,#4244,.F.);
#6039=ORIENTED_EDGE('',*,*,#4247,.F.);
#6040=ORIENTED_EDGE('',*,*,#4250,.F.);
#6041=ORIENTED_EDGE('',*,*,#4251,.T.);
#6042=ORIENTED_EDGE('',*,*,#4252,.T.);
#6043=ORIENTED_EDGE('',*,*,#4253,.F.);
#6044=ORIENTED_EDGE('',*,*,#4254,.F.);
#6045=ORIENTED_EDGE('',*,*,#4255,.T.);
#6046=ORIENTED_EDGE('',*,*,#4256,.T.);
#6047=ORIENTED_EDGE('',*,*,#4251,.F.);
#6048=ORIENTED_EDGE('',*,*,#4257,.F.);
#6049=ORIENTED_EDGE('',*,*,#4258,.F.);
#6050=ORIENTED_EDGE('',*,*,#4259,.T.);
#6051=ORIENTED_EDGE('',*,*,#4255,.F.);
#6052=ORIENTED_EDGE('',*,*,#4260,.F.);
#6053=ORIENTED_EDGE('',*,*,#4252,.F.);
#6054=ORIENTED_EDGE('',*,*,#4256,.F.);
#6055=ORIENTED_EDGE('',*,*,#4259,.F.);
#6056=ORIENTED_EDGE('',*,*,#4261,.F.);
#6057=ORIENTED_EDGE('',*,*,#4262,.T.);
#6058=ORIENTED_EDGE('',*,*,#4263,.T.);
#6059=ORIENTED_EDGE('',*,*,#4264,.F.);
#6060=ORIENTED_EDGE('',*,*,#4265,.F.);
#6061=ORIENTED_EDGE('',*,*,#4266,.F.);
#6062=ORIENTED_EDGE('',*,*,#4267,.T.);
#6063=ORIENTED_EDGE('',*,*,#4262,.F.);
#6064=ORIENTED_EDGE('',*,*,#4268,.F.);
#6065=ORIENTED_EDGE('',*,*,#4264,.T.);
#6066=ORIENTED_EDGE('',*,*,#4269,.T.);
#6067=ORIENTED_EDGE('',*,*,#4270,.F.);
#6068=ORIENTED_EDGE('',*,*,#4269,.F.);
#6069=ORIENTED_EDGE('',*,*,#4263,.F.);
#6070=ORIENTED_EDGE('',*,*,#4267,.F.);
#6071=ORIENTED_EDGE('',*,*,#4271,.F.);
#6072=ORIENTED_EDGE('',*,*,#4257,.T.);
#6073=ORIENTED_EDGE('',*,*,#4254,.T.);
#6074=ORIENTED_EDGE('',*,*,#4250,.T.);
#6075=ORIENTED_EDGE('',*,*,#4272,.F.);
#6076=ORIENTED_EDGE('',*,*,#4273,.F.);
#6077=ORIENTED_EDGE('',*,*,#4274,.T.);
#6078=ORIENTED_EDGE('',*,*,#4275,.T.);
#6079=ORIENTED_EDGE('',*,*,#4276,.F.);
#6080=ORIENTED_EDGE('',*,*,#4265,.T.);
#6081=ORIENTED_EDGE('',*,*,#4261,.T.);
#6082=ORIENTED_EDGE('',*,*,#4268,.T.);
#6083=ORIENTED_EDGE('',*,*,#4277,.F.);
#6084=ORIENTED_EDGE('',*,*,#4238,.T.);
#6085=ORIENTED_EDGE('',*,*,#4248,.T.);
#6086=ORIENTED_EDGE('',*,*,#4245,.T.);
#6087=ORIENTED_EDGE('',*,*,#4242,.T.);
#6088=ORIENTED_EDGE('',*,*,#4278,.T.);
#6089=ORIENTED_EDGE('',*,*,#4279,.T.);
#6090=ORIENTED_EDGE('',*,*,#4280,.F.);
#6091=ORIENTED_EDGE('',*,*,#4275,.F.);
#6092=ORIENTED_EDGE('',*,*,#4281,.T.);
#6093=ORIENTED_EDGE('',*,*,#4273,.T.);
#6094=ORIENTED_EDGE('',*,*,#4282,.F.);
#6095=ORIENTED_EDGE('',*,*,#4283,.F.);
#6096=ORIENTED_EDGE('',*,*,#4284,.T.);
#6097=ORIENTED_EDGE('',*,*,#4283,.T.);
#6098=ORIENTED_EDGE('',*,*,#4285,.F.);
#6099=ORIENTED_EDGE('',*,*,#4279,.F.);
#6100=ORIENTED_EDGE('',*,*,#4258,.T.);
#6101=ORIENTED_EDGE('',*,*,#4277,.T.);
#6102=ORIENTED_EDGE('',*,*,#4270,.T.);
#6103=ORIENTED_EDGE('',*,*,#4271,.T.);
#6104=ORIENTED_EDGE('',*,*,#4266,.T.);
#6105=ORIENTED_EDGE('',*,*,#4276,.T.);
#6106=ORIENTED_EDGE('',*,*,#4280,.T.);
#6107=ORIENTED_EDGE('',*,*,#4285,.T.);
#6108=ORIENTED_EDGE('',*,*,#4282,.T.);
#6109=ORIENTED_EDGE('',*,*,#4272,.T.);
#6110=ORIENTED_EDGE('',*,*,#4253,.T.);
#6111=ORIENTED_EDGE('',*,*,#4260,.T.);
#6112=ORIENTED_EDGE('',*,*,#4284,.F.);
#6113=ORIENTED_EDGE('',*,*,#4278,.F.);
#6114=ORIENTED_EDGE('',*,*,#4274,.F.);
#6115=ORIENTED_EDGE('',*,*,#4281,.F.);
#6116=ORIENTED_EDGE('',*,*,#4286,.T.);
#6117=ORIENTED_EDGE('',*,*,#4287,.T.);
#6118=ORIENTED_EDGE('',*,*,#4288,.F.);
#6119=ORIENTED_EDGE('',*,*,#4289,.F.);
#6120=ORIENTED_EDGE('',*,*,#4290,.T.);
#6121=ORIENTED_EDGE('',*,*,#4289,.T.);
#6122=ORIENTED_EDGE('',*,*,#4291,.F.);
#6123=ORIENTED_EDGE('',*,*,#4292,.F.);
#6124=ORIENTED_EDGE('',*,*,#4293,.T.);
#6125=ORIENTED_EDGE('',*,*,#4292,.T.);
#6126=ORIENTED_EDGE('',*,*,#4294,.F.);
#6127=ORIENTED_EDGE('',*,*,#4295,.F.);
#6128=ORIENTED_EDGE('',*,*,#4296,.T.);
#6129=ORIENTED_EDGE('',*,*,#4295,.T.);
#6130=ORIENTED_EDGE('',*,*,#4297,.F.);
#6131=ORIENTED_EDGE('',*,*,#4287,.F.);
#6132=ORIENTED_EDGE('',*,*,#4297,.T.);
#6133=ORIENTED_EDGE('',*,*,#4294,.T.);
#6134=ORIENTED_EDGE('',*,*,#4291,.T.);
#6135=ORIENTED_EDGE('',*,*,#4288,.T.);
#6136=ORIENTED_EDGE('',*,*,#4296,.F.);
#6137=ORIENTED_EDGE('',*,*,#4286,.F.);
#6138=ORIENTED_EDGE('',*,*,#4290,.F.);
#6139=ORIENTED_EDGE('',*,*,#4293,.F.);
#6140=ORIENTED_EDGE('',*,*,#4298,.F.);
#6141=ORIENTED_EDGE('',*,*,#4299,.F.);
#6142=ORIENTED_EDGE('',*,*,#4300,.F.);
#6143=ORIENTED_EDGE('',*,*,#4301,.T.);
#6144=ORIENTED_EDGE('',*,*,#4301,.F.);
#6145=ORIENTED_EDGE('',*,*,#4302,.T.);
#6146=ORIENTED_EDGE('',*,*,#4303,.F.);
#6147=ORIENTED_EDGE('',*,*,#4304,.F.);
#6148=ORIENTED_EDGE('',*,*,#4298,.T.);
#6149=ORIENTED_EDGE('',*,*,#4304,.T.);
#6150=ORIENTED_EDGE('',*,*,#4305,.F.);
#6151=ORIENTED_EDGE('',*,*,#4306,.F.);
#6152=ORIENTED_EDGE('',*,*,#4299,.T.);
#6153=ORIENTED_EDGE('',*,*,#4306,.T.);
#6154=ORIENTED_EDGE('',*,*,#4307,.F.);
#6155=ORIENTED_EDGE('',*,*,#4308,.F.);
#6156=ORIENTED_EDGE('',*,*,#4300,.T.);
#6157=ORIENTED_EDGE('',*,*,#4308,.T.);
#6158=ORIENTED_EDGE('',*,*,#4309,.F.);
#6159=ORIENTED_EDGE('',*,*,#4302,.F.);
#6160=ORIENTED_EDGE('',*,*,#4309,.T.);
#6161=ORIENTED_EDGE('',*,*,#4307,.T.);
#6162=ORIENTED_EDGE('',*,*,#4305,.T.);
#6163=ORIENTED_EDGE('',*,*,#4303,.T.);
#6164=PLANE('',#6890);
#6165=PLANE('',#6892);
#6166=PLANE('',#6895);
#6167=PLANE('',#6896);
#6168=PLANE('',#6897);
#6169=PLANE('',#6902);
#6170=PLANE('',#6903);
#6171=PLANE('',#6904);
#6172=PLANE('',#6905);
#6173=PLANE('',#6909);
#6174=PLANE('',#6910);
#6175=PLANE('',#6911);
#6176=PLANE('',#6912);
#6177=PLANE('',#6919);
#6178=PLANE('',#6922);
#6179=PLANE('',#6923);
#6180=PLANE('',#6924);
#6181=PLANE('',#6927);
#6182=PLANE('',#6928);
#6183=PLANE('',#6929);
#6184=PLANE('',#6930);
#6185=PLANE('',#6931);
#6186=PLANE('',#6932);
#6187=PLANE('',#6933);
#6188=PLANE('',#6935);
#6189=PLANE('',#6937);
#6190=PLANE('',#6939);
#6191=PLANE('',#6941);
#6192=PLANE('',#6942);
#6193=PLANE('',#6944);
#6194=PLANE('',#6946);
#6195=PLANE('',#6953);
#6196=PLANE('',#6954);
#6197=PLANE('',#6955);
#6198=PLANE('',#6956);
#6199=PLANE('',#6957);
#6200=PLANE('',#6958);
#6201=PLANE('',#6959);
#6202=PLANE('',#6960);
#6203=PLANE('',#6961);
#6204=PLANE('',#6962);
#6205=PLANE('',#6963);
#6206=PLANE('',#6964);
#6207=PLANE('',#6965);
#6208=PLANE('',#6966);
#6209=PLANE('',#6967);
#6210=PLANE('',#6968);
#6211=PLANE('',#6971);
#6212=PLANE('',#6979);
#6213=PLANE('',#6980);
#6214=PLANE('',#6986);
#6215=PLANE('',#6987);
#6216=PLANE('',#6993);
#6217=PLANE('',#6994);
#6218=PLANE('',#7000);
#6219=PLANE('',#7001);
#6220=PLANE('',#7002);
#6221=PLANE('',#7003);
#6222=PLANE('',#7007);
#6223=PLANE('',#7008);
#6224=PLANE('',#7009);
#6225=PLANE('',#7010);
#6226=PLANE('',#7011);
#6227=PLANE('',#7012);
#6228=PLANE('',#7013);
#6229=PLANE('',#7014);
#6230=PLANE('',#7018);
#6231=PLANE('',#7019);
#6232=PLANE('',#7020);
#6233=PLANE('',#7022);
#6234=PLANE('',#7025);
#6235=PLANE('',#7026);
#6236=PLANE('',#7027);
#6237=PLANE('',#7028);
#6238=PLANE('',#7030);
#6239=PLANE('',#7031);
#6240=PLANE('',#7033);
#6241=PLANE('',#7036);
#6242=PLANE('',#7037);
#6243=PLANE('',#7038);
#6244=PLANE('',#7039);
#6245=PLANE('',#7040);
#6246=PLANE('',#7041);
#6247=PLANE('',#7042);
#6248=PLANE('',#7043);
#6249=PLANE('',#7044);
#6250=PLANE('',#7045);
#6251=PLANE('',#7047);
#6252=PLANE('',#7048);
#6253=PLANE('',#7053);
#6254=PLANE('',#7054);
#6255=PLANE('',#7055);
#6256=PLANE('',#7056);
#6257=PLANE('',#7057);
#6258=PLANE('',#7058);
#6259=PLANE('',#7059);
#6260=PLANE('',#7060);
#6261=PLANE('',#7061);
#6262=PLANE('',#7062);
#6263=PLANE('',#7063);
#6264=PLANE('',#7064);
#6265=PLANE('',#7065);
#6266=PLANE('',#7066);
#6267=PLANE('',#7067);
#6268=PLANE('',#7068);
#6269=PLANE('',#7071);
#6270=PLANE('',#7072);
#6271=PLANE('',#7073);
#6272=PLANE('',#7074);
#6273=PLANE('',#7075);
#6274=PLANE('',#7078);
#6275=PLANE('',#7079);
#6276=PLANE('',#7080);
#6277=PLANE('',#7082);
#6278=PLANE('',#7083);
#6279=PLANE('',#7084);
#6280=PLANE('',#7085);
#6281=PLANE('',#7086);
#6282=PLANE('',#7093);
#6283=PLANE('',#7097);
#6284=PLANE('',#7101);
#6285=PLANE('',#7105);
#6286=PLANE('',#7107);
#6287=PLANE('',#7114);
#6288=PLANE('',#7118);
#6289=PLANE('',#7122);
#6290=PLANE('',#7124);
#6291=PLANE('',#7125);
#6292=PLANE('',#7128);
#6293=PLANE('',#7129);
#6294=PLANE('',#7130);
#6295=PLANE('',#7139);
#6296=PLANE('',#7140);
#6297=PLANE('',#7141);
#6298=PLANE('',#7145);
#6299=PLANE('',#7146);
#6300=PLANE('',#7151);
#6301=PLANE('',#7152);
#6302=PLANE('',#7155);
#6303=PLANE('',#7156);
#6304=PLANE('',#7160);
#6305=PLANE('',#7161);
#6306=PLANE('',#7166);
#6307=PLANE('',#7167);
#6308=PLANE('',#7169);
#6309=PLANE('',#7171);
#6310=PLANE('',#7292);
#6311=PLANE('',#7414);
#6312=PLANE('',#7420);
#6313=PLANE('',#7421);
#6314=PLANE('',#7425);
#6315=PLANE('',#7426);
#6316=PLANE('',#7430);
#6317=PLANE('',#7431);
#6318=PLANE('',#7439);
#6319=PLANE('',#7440);
#6320=PLANE('',#7443);
#6321=PLANE('',#7444);
#6322=PLANE('',#7445);
#6323=PLANE('',#7446);
#6324=PLANE('',#7447);
#6325=PLANE('',#7448);
#6326=PLANE('',#7449);
#6327=PLANE('',#7450);
#6328=PLANE('',#7451);
#6329=PLANE('',#7452);
#6330=PLANE('',#7453);
#6331=PLANE('',#7454);
#6332=PLANE('',#7455);
#6333=PLANE('',#7456);
#6334=PLANE('',#7457);
#6335=PLANE('',#7458);
#6336=PLANE('',#7459);
#6337=PLANE('',#7460);
#6338=PLANE('',#7461);
#6339=PLANE('',#7463);
#6340=PLANE('',#7464);
#6341=PLANE('',#7465);
#6342=PLANE('',#7466);
#6343=PLANE('',#7467);
#6344=PLANE('',#7468);
#6345=PLANE('',#7475);
#6346=PLANE('',#7476);
#6347=PLANE('',#7485);
#6348=PLANE('',#7486);
#6349=PLANE('',#7492);
#6350=PLANE('',#7493);
#6351=PLANE('',#7499);
#6352=PLANE('',#7500);
#6353=PLANE('',#7501);
#6354=PLANE('',#7502);
#6355=PLANE('',#7503);
#6356=PLANE('',#7504);
#6357=PLANE('',#7505);
#6358=PLANE('',#7506);
#6359=PLANE('',#7507);
#6360=PLANE('',#7508);
#6361=PLANE('',#7509);
#6362=PLANE('',#7510);
#6363=PLANE('',#7511);
#6364=PLANE('',#7512);
#6365=PLANE('',#7514);
#6366=PLANE('',#7515);
#6367=PLANE('',#7516);
#6368=PLANE('',#7517);
#6369=PLANE('',#7518);
#6370=PLANE('',#7519);
#6371=PLANE('',#7520);
#6372=PLANE('',#7521);
#6373=PLANE('',#7522);
#6374=PLANE('',#7523);
#6375=PLANE('',#7524);
#6376=PLANE('',#7525);
#6377=PLANE('',#7526);
#6378=PLANE('',#7527);
#6379=PLANE('',#7528);
#6380=PLANE('',#7529);
#6381=PLANE('',#7530);
#6382=PLANE('',#7531);
#6383=PLANE('',#7532);
#6384=PLANE('',#7534);
#6385=PLANE('',#7535);
#6386=PLANE('',#7536);
#6387=PLANE('',#7537);
#6388=PLANE('',#7538);
#6389=PLANE('',#7539);
#6390=PLANE('',#7544);
#6391=PLANE('',#7545);
#6392=PLANE('',#7546);
#6393=PLANE('',#7547);
#6394=PLANE('',#7548);
#6395=ADVANCED_FACE('',(#409),#6164,.T.);
#6396=ADVANCED_FACE('',(#410),#6165,.F.);
#6397=ADVANCED_FACE('',(#411),#272,.T.);
#6398=ADVANCED_FACE('',(#412),#6166,.T.);
#6399=ADVANCED_FACE('',(#413),#6167,.T.);
#6400=ADVANCED_FACE('',(#414,#105),#6168,.F.);
#6401=ADVANCED_FACE('',(#415),#6169,.T.);
#6402=ADVANCED_FACE('',(#416),#6170,.T.);
#6403=ADVANCED_FACE('',(#417),#6171,.T.);
#6404=ADVANCED_FACE('',(#418),#6172,.T.);
#6405=ADVANCED_FACE('',(#419),#273,.T.);
#6406=ADVANCED_FACE('',(#420,#106),#6173,.T.);
#6407=ADVANCED_FACE('',(#421),#6174,.T.);
#6408=ADVANCED_FACE('',(#422),#6175,.T.);
#6409=ADVANCED_FACE('',(#423,#107,#108,#109,#110,#111),#6176,.T.);
#6410=ADVANCED_FACE('',(#424),#274,.T.);
#6411=ADVANCED_FACE('',(#425),#6177,.T.);
#6412=ADVANCED_FACE('',(#426),#275,.T.);
#6413=ADVANCED_FACE('',(#427),#6178,.T.);
#6414=ADVANCED_FACE('',(#428),#6179,.T.);
#6415=ADVANCED_FACE('',(#429,#112),#6180,.T.);
#6416=ADVANCED_FACE('',(#430),#6181,.T.);
#6417=ADVANCED_FACE('',(#431),#6182,.T.);
#6418=ADVANCED_FACE('',(#432),#6183,.T.);
#6419=ADVANCED_FACE('',(#433),#6184,.T.);
#6420=ADVANCED_FACE('',(#434),#6185,.T.);
#6421=ADVANCED_FACE('',(#435),#6186,.T.);
#6422=ADVANCED_FACE('',(#436),#6187,.T.);
#6423=ADVANCED_FACE('',(#437),#6188,.T.);
#6424=ADVANCED_FACE('',(#438),#6189,.T.);
#6425=ADVANCED_FACE('',(#439),#6190,.T.);
#6426=ADVANCED_FACE('',(#440),#6191,.T.);
#6427=ADVANCED_FACE('',(#441),#6192,.F.);
#6428=ADVANCED_FACE('',(#442),#276,.T.);
#6429=ADVANCED_FACE('',(#443),#6193,.T.);
#6430=ADVANCED_FACE('',(#444),#277,.T.);
#6431=ADVANCED_FACE('',(#445),#6194,.T.);
#6432=ADVANCED_FACE('',(#446),#278,.F.);
#6433=ADVANCED_FACE('',(#447),#279,.F.);
#6434=ADVANCED_FACE('',(#448),#280,.F.);
#6435=ADVANCED_FACE('',(#449),#281,.F.);
#6436=ADVANCED_FACE('',(#450),#6195,.F.);
#6437=ADVANCED_FACE('',(#451),#6196,.F.);
#6438=ADVANCED_FACE('',(#452),#6197,.F.);
#6439=ADVANCED_FACE('',(#453),#6198,.F.);
#6440=ADVANCED_FACE('',(#454),#6199,.F.);
#6441=ADVANCED_FACE('',(#455),#6200,.F.);
#6442=ADVANCED_FACE('',(#456),#6201,.F.);
#6443=ADVANCED_FACE('',(#457),#6202,.F.);
#6444=ADVANCED_FACE('',(#458),#6203,.F.);
#6445=ADVANCED_FACE('',(#459),#6204,.F.);
#6446=ADVANCED_FACE('',(#460),#6205,.F.);
#6447=ADVANCED_FACE('',(#461),#6206,.F.);
#6448=ADVANCED_FACE('',(#462),#6207,.F.);
#6449=ADVANCED_FACE('',(#463),#6208,.F.);
#6450=ADVANCED_FACE('',(#464),#6209,.T.);
#6451=ADVANCED_FACE('',(#465,#113,#114),#6210,.T.);
#6452=ADVANCED_FACE('',(#466,#115,#116),#6211,.T.);
#6453=ADVANCED_FACE('',(#467),#282,.F.);
#6454=ADVANCED_FACE('',(#468),#283,.T.);
#6455=ADVANCED_FACE('',(#469,#117),#6212,.T.);
#6456=ADVANCED_FACE('',(#470),#6213,.T.);
#6457=ADVANCED_FACE('',(#471),#284,.F.);
#6458=ADVANCED_FACE('',(#472),#285,.T.);
#6459=ADVANCED_FACE('',(#473,#118),#6214,.T.);
#6460=ADVANCED_FACE('',(#474),#6215,.T.);
#6461=ADVANCED_FACE('',(#475),#286,.F.);
#6462=ADVANCED_FACE('',(#476),#287,.T.);
#6463=ADVANCED_FACE('',(#477,#119),#6216,.T.);
#6464=ADVANCED_FACE('',(#478),#6217,.T.);
#6465=ADVANCED_FACE('',(#479),#288,.F.);
#6466=ADVANCED_FACE('',(#480),#289,.T.);
#6467=ADVANCED_FACE('',(#481,#120),#6218,.T.);
#6468=ADVANCED_FACE('',(#482),#6219,.T.);
#6469=ADVANCED_FACE('',(#483),#6220,.T.);
#6470=ADVANCED_FACE('',(#484),#6221,.T.);
#6471=ADVANCED_FACE('',(#485),#290,.F.);
#6472=ADVANCED_FACE('',(#486),#6222,.F.);
#6473=ADVANCED_FACE('',(#487),#6223,.F.);
#6474=ADVANCED_FACE('',(#488),#6224,.F.);
#6475=ADVANCED_FACE('',(#489),#6225,.F.);
#6476=ADVANCED_FACE('',(#490),#6226,.F.);
#6477=ADVANCED_FACE('',(#491),#6227,.F.);
#6478=ADVANCED_FACE('',(#492,#121),#6228,.F.);
#6479=ADVANCED_FACE('',(#493),#6229,.T.);
#6480=ADVANCED_FACE('',(#494),#291,.T.);
#6481=ADVANCED_FACE('',(#495),#6230,.T.);
#6482=ADVANCED_FACE('',(#496,#122),#6231,.T.);
#6483=ADVANCED_FACE('',(#497,#123),#6232,.T.);
#6484=ADVANCED_FACE('',(#498,#124),#6233,.F.);
#6485=ADVANCED_FACE('',(#499),#292,.F.);
#6486=ADVANCED_FACE('',(#500),#6234,.T.);
#6487=ADVANCED_FACE('',(#501),#6235,.T.);
#6488=ADVANCED_FACE('',(#502),#6236,.T.);
#6489=ADVANCED_FACE('',(#503,#125),#6237,.F.);
#6490=ADVANCED_FACE('',(#504),#6238,.F.);
#6491=ADVANCED_FACE('',(#505,#126),#6239,.F.);
#6492=ADVANCED_FACE('',(#506,#127,#128,#129),#6240,.T.);
#6493=ADVANCED_FACE('',(#507),#6241,.F.);
#6494=ADVANCED_FACE('',(#508),#6242,.T.);
#6495=ADVANCED_FACE('',(#509),#6243,.T.);
#6496=ADVANCED_FACE('',(#510),#6244,.F.);
#6497=ADVANCED_FACE('',(#511),#6245,.T.);
#6498=ADVANCED_FACE('',(#512),#6246,.F.);
#6499=ADVANCED_FACE('',(#513),#6247,.T.);
#6500=ADVANCED_FACE('',(#514),#6248,.T.);
#6501=ADVANCED_FACE('',(#515),#6249,.T.);
#6502=ADVANCED_FACE('',(#516,#130),#6250,.F.);
#6503=ADVANCED_FACE('',(#517),#6251,.F.);
#6504=ADVANCED_FACE('',(#518),#6252,.T.);
#6505=ADVANCED_FACE('',(#519),#293,.F.);
#6506=ADVANCED_FACE('',(#520),#294,.F.);
#6507=ADVANCED_FACE('',(#521),#6253,.F.);
#6508=ADVANCED_FACE('',(#522),#6254,.F.);
#6509=ADVANCED_FACE('',(#523),#6255,.F.);
#6510=ADVANCED_FACE('',(#524),#6256,.F.);
#6511=ADVANCED_FACE('',(#525),#6257,.F.);
#6512=ADVANCED_FACE('',(#526),#6258,.F.);
#6513=ADVANCED_FACE('',(#527,#131),#6259,.F.);
#6514=ADVANCED_FACE('',(#528),#6260,.F.);
#6515=ADVANCED_FACE('',(#529),#6261,.F.);
#6516=ADVANCED_FACE('',(#530),#6262,.F.);
#6517=ADVANCED_FACE('',(#531),#6263,.F.);
#6518=ADVANCED_FACE('',(#532),#6264,.F.);
#6519=ADVANCED_FACE('',(#533),#6265,.F.);
#6520=ADVANCED_FACE('',(#534,#132),#6266,.F.);
#6521=ADVANCED_FACE('',(#535),#6267,.T.);
#6522=ADVANCED_FACE('',(#536,#133,#134),#6268,.T.);
#6523=ADVANCED_FACE('',(#537),#6269,.T.);
#6524=ADVANCED_FACE('',(#538),#6270,.F.);
#6525=ADVANCED_FACE('',(#539),#6271,.F.);
#6526=ADVANCED_FACE('',(#540,#135,#136),#6272,.F.);
#6527=ADVANCED_FACE('',(#541),#6273,.F.);
#6528=ADVANCED_FACE('',(#542),#295,.F.);
#6529=ADVANCED_FACE('',(#543),#296,.F.);
#6530=ADVANCED_FACE('',(#544),#6274,.T.);
#6531=ADVANCED_FACE('',(#545),#6275,.T.);
#6532=ADVANCED_FACE('',(#546),#6276,.T.);
#6533=ADVANCED_FACE('',(#547),#6277,.F.);
#6534=ADVANCED_FACE('',(#548),#6278,.F.);
#6535=ADVANCED_FACE('',(#549),#6279,.F.);
#6536=ADVANCED_FACE('',(#550),#6280,.F.);
#6537=ADVANCED_FACE('',(#551),#6281,.F.);
#6538=ADVANCED_FACE('',(#552),#297,.T.);
#6539=ADVANCED_FACE('',(#553),#6282,.T.);
#6540=ADVANCED_FACE('',(#554),#298,.T.);
#6541=ADVANCED_FACE('',(#555),#6283,.T.);
#6542=ADVANCED_FACE('',(#556),#299,.T.);
#6543=ADVANCED_FACE('',(#557),#6284,.T.);
#6544=ADVANCED_FACE('',(#558),#300,.T.);
#6545=ADVANCED_FACE('',(#559),#6285,.T.);
#6546=ADVANCED_FACE('',(#560),#6286,.T.);
#6547=ADVANCED_FACE('',(#561),#301,.T.);
#6548=ADVANCED_FACE('',(#562),#302,.T.);
#6549=ADVANCED_FACE('',(#563),#6287,.T.);
#6550=ADVANCED_FACE('',(#564),#303,.T.);
#6551=ADVANCED_FACE('',(#565),#6288,.T.);
#6552=ADVANCED_FACE('',(#566),#304,.T.);
#6553=ADVANCED_FACE('',(#567),#6289,.F.);
#6554=ADVANCED_FACE('',(#568),#305,.F.);
#6555=ADVANCED_FACE('',(#569),#6290,.F.);
#6556=ADVANCED_FACE('',(#570),#6291,.F.);
#6557=ADVANCED_FACE('',(#571),#306,.F.);
#6558=ADVANCED_FACE('',(#572),#6292,.F.);
#6559=ADVANCED_FACE('',(#573),#6293,.T.);
#6560=ADVANCED_FACE('',(#574),#6294,.T.);
#6561=ADVANCED_FACE('',(#575),#307,.T.);
#6562=ADVANCED_FACE('',(#576),#308,.T.);
#6563=ADVANCED_FACE('',(#577),#6295,.T.);
#6564=ADVANCED_FACE('',(#578),#6296,.T.);
#6565=ADVANCED_FACE('',(#579),#6297,.T.);
#6566=ADVANCED_FACE('',(#580),#309,.T.);
#6567=ADVANCED_FACE('',(#581),#6298,.F.);
#6568=ADVANCED_FACE('',(#582),#6299,.F.);
#6569=ADVANCED_FACE('',(#583),#310,.T.);
#6570=ADVANCED_FACE('',(#584),#6300,.F.);
#6571=ADVANCED_FACE('',(#585),#6301,.T.);
#6572=ADVANCED_FACE('',(#586),#311,.F.);
#6573=ADVANCED_FACE('',(#587),#6302,.T.);
#6574=ADVANCED_FACE('',(#588),#6303,.F.);
#6575=ADVANCED_FACE('',(#589),#312,.T.);
#6576=ADVANCED_FACE('',(#590),#6304,.T.);
#6577=ADVANCED_FACE('',(#591),#6305,.T.);
#6578=ADVANCED_FACE('',(#592),#313,.T.);
#6579=ADVANCED_FACE('',(#593),#6306,.T.);
#6580=ADVANCED_FACE('',(#594),#6307,.T.);
#6581=ADVANCED_FACE('',(#595),#6308,.F.);
#6582=ADVANCED_FACE('',(#596),#314,.F.);
#6583=ADVANCED_FACE('',(#597),#6309,.F.);
#6584=ADVANCED_FACE('',(#598),#315,.F.);
#6585=ADVANCED_FACE('',(#599),#316,.F.);
#6586=ADVANCED_FACE('',(#600),#317,.F.);
#6587=ADVANCED_FACE('',(#601),#318,.F.);
#6588=ADVANCED_FACE('',(#602),#319,.F.);
#6589=ADVANCED_FACE('',(#603),#320,.F.);
#6590=ADVANCED_FACE('',(#604),#321,.F.);
#6591=ADVANCED_FACE('',(#605),#322,.F.);
#6592=ADVANCED_FACE('',(#606),#323,.F.);
#6593=ADVANCED_FACE('',(#607),#324,.F.);
#6594=ADVANCED_FACE('',(#608),#325,.F.);
#6595=ADVANCED_FACE('',(#609),#326,.F.);
#6596=ADVANCED_FACE('',(#610),#327,.F.);
#6597=ADVANCED_FACE('',(#611),#328,.F.);
#6598=ADVANCED_FACE('',(#612),#329,.F.);
#6599=ADVANCED_FACE('',(#613),#330,.F.);
#6600=ADVANCED_FACE('',(#614),#331,.F.);
#6601=ADVANCED_FACE('',(#615),#332,.F.);
#6602=ADVANCED_FACE('',(#616),#333,.F.);
#6603=ADVANCED_FACE('',(#617),#334,.F.);
#6604=ADVANCED_FACE('',(#618),#335,.F.);
#6605=ADVANCED_FACE('',(#619),#336,.F.);
#6606=ADVANCED_FACE('',(#620),#337,.F.);
#6607=ADVANCED_FACE('',(#621),#338,.F.);
#6608=ADVANCED_FACE('',(#622),#339,.F.);
#6609=ADVANCED_FACE('',(#623),#340,.F.);
#6610=ADVANCED_FACE('',(#624),#341,.F.);
#6611=ADVANCED_FACE('',(#625),#342,.F.);
#6612=ADVANCED_FACE('',(#626),#343,.F.);
#6613=ADVANCED_FACE('',(#627),#344,.F.);
#6614=ADVANCED_FACE('',(#628),#345,.F.);
#6615=ADVANCED_FACE('',(#629),#346,.F.);
#6616=ADVANCED_FACE('',(#630),#347,.F.);
#6617=ADVANCED_FACE('',(#631),#348,.F.);
#6618=ADVANCED_FACE('',(#632),#349,.F.);
#6619=ADVANCED_FACE('',(#633),#350,.F.);
#6620=ADVANCED_FACE('',(#634),#351,.F.);
#6621=ADVANCED_FACE('',(#635),#352,.F.);
#6622=ADVANCED_FACE('',(#636),#353,.F.);
#6623=ADVANCED_FACE('',(#637),#354,.F.);
#6624=ADVANCED_FACE('',(#638,#137),#6310,.T.);
#6625=ADVANCED_FACE('',(#639),#355,.T.);
#6626=ADVANCED_FACE('',(#640),#356,.T.);
#6627=ADVANCED_FACE('',(#641),#357,.T.);
#6628=ADVANCED_FACE('',(#642),#358,.T.);
#6629=ADVANCED_FACE('',(#643),#359,.T.);
#6630=ADVANCED_FACE('',(#644),#360,.T.);
#6631=ADVANCED_FACE('',(#645),#361,.T.);
#6632=ADVANCED_FACE('',(#646),#362,.T.);
#6633=ADVANCED_FACE('',(#647),#363,.T.);
#6634=ADVANCED_FACE('',(#648),#364,.T.);
#6635=ADVANCED_FACE('',(#649),#365,.T.);
#6636=ADVANCED_FACE('',(#650),#366,.T.);
#6637=ADVANCED_FACE('',(#651),#367,.T.);
#6638=ADVANCED_FACE('',(#652),#368,.T.);
#6639=ADVANCED_FACE('',(#653),#369,.T.);
#6640=ADVANCED_FACE('',(#654),#370,.T.);
#6641=ADVANCED_FACE('',(#655),#371,.T.);
#6642=ADVANCED_FACE('',(#656),#372,.T.);
#6643=ADVANCED_FACE('',(#657),#373,.T.);
#6644=ADVANCED_FACE('',(#658),#374,.T.);
#6645=ADVANCED_FACE('',(#659),#375,.T.);
#6646=ADVANCED_FACE('',(#660),#376,.T.);
#6647=ADVANCED_FACE('',(#661),#377,.T.);
#6648=ADVANCED_FACE('',(#662),#378,.T.);
#6649=ADVANCED_FACE('',(#663),#379,.T.);
#6650=ADVANCED_FACE('',(#664),#380,.T.);
#6651=ADVANCED_FACE('',(#665),#381,.T.);
#6652=ADVANCED_FACE('',(#666),#382,.T.);
#6653=ADVANCED_FACE('',(#667),#383,.T.);
#6654=ADVANCED_FACE('',(#668),#384,.T.);
#6655=ADVANCED_FACE('',(#669),#385,.T.);
#6656=ADVANCED_FACE('',(#670),#386,.T.);
#6657=ADVANCED_FACE('',(#671),#387,.T.);
#6658=ADVANCED_FACE('',(#672),#388,.T.);
#6659=ADVANCED_FACE('',(#673),#389,.T.);
#6660=ADVANCED_FACE('',(#674),#390,.T.);
#6661=ADVANCED_FACE('',(#675),#391,.T.);
#6662=ADVANCED_FACE('',(#676),#392,.T.);
#6663=ADVANCED_FACE('',(#677),#393,.T.);
#6664=ADVANCED_FACE('',(#678),#394,.F.);
#6665=ADVANCED_FACE('',(#679,#138),#6311,.F.);
#6666=ADVANCED_FACE('',(#680),#395,.T.);
#6667=ADVANCED_FACE('',(#681),#396,.T.);
#6668=ADVANCED_FACE('',(#682),#6312,.T.);
#6669=ADVANCED_FACE('',(#683),#6313,.F.);
#6670=ADVANCED_FACE('',(#684),#397,.T.);
#6671=ADVANCED_FACE('',(#685),#6314,.T.);
#6672=ADVANCED_FACE('',(#686),#6315,.F.);
#6673=ADVANCED_FACE('',(#687),#398,.T.);
#6674=ADVANCED_FACE('',(#688),#6316,.T.);
#6675=ADVANCED_FACE('',(#689),#6317,.F.);
#6676=ADVANCED_FACE('',(#690),#399,.T.);
#6677=ADVANCED_FACE('',(#691),#6318,.T.);
#6678=ADVANCED_FACE('',(#692),#6319,.F.);
#6679=ADVANCED_FACE('',(#693),#6320,.F.);
#6680=ADVANCED_FACE('',(#694),#6321,.F.);
#6681=ADVANCED_FACE('',(#695),#6322,.F.);
#6682=ADVANCED_FACE('',(#696),#6323,.F.);
#6683=ADVANCED_FACE('',(#697),#6324,.F.);
#6684=ADVANCED_FACE('',(#698),#6325,.F.);
#6685=ADVANCED_FACE('',(#699),#6326,.F.);
#6686=ADVANCED_FACE('',(#700),#6327,.F.);
#6687=ADVANCED_FACE('',(#701),#6328,.F.);
#6688=ADVANCED_FACE('',(#702),#6329,.F.);
#6689=ADVANCED_FACE('',(#703),#6330,.F.);
#6690=ADVANCED_FACE('',(#704),#6331,.F.);
#6691=ADVANCED_FACE('',(#705),#6332,.F.);
#6692=ADVANCED_FACE('',(#706,#139),#6333,.T.);
#6693=ADVANCED_FACE('',(#707),#6334,.T.);
#6694=ADVANCED_FACE('',(#708),#6335,.T.);
#6695=ADVANCED_FACE('',(#709),#6336,.T.);
#6696=ADVANCED_FACE('',(#710),#6337,.T.);
#6697=ADVANCED_FACE('',(#711),#6338,.F.);
#6698=ADVANCED_FACE('',(#712),#6339,.F.);
#6699=ADVANCED_FACE('',(#713),#6340,.F.);
#6700=ADVANCED_FACE('',(#714),#6341,.F.);
#6701=ADVANCED_FACE('',(#715),#6342,.T.);
#6702=ADVANCED_FACE('',(#716),#6343,.T.);
#6703=ADVANCED_FACE('',(#717),#6344,.T.);
#6704=ADVANCED_FACE('',(#718),#400,.F.);
#6705=ADVANCED_FACE('',(#719),#401,.T.);
#6706=ADVANCED_FACE('',(#720,#140),#6345,.T.);
#6707=ADVANCED_FACE('',(#721,#141,#142,#143,#144),#6346,.F.);
#6708=ADVANCED_FACE('',(#722),#402,.F.);
#6709=ADVANCED_FACE('',(#723),#403,.T.);
#6710=ADVANCED_FACE('',(#724,#145),#6347,.T.);
#6711=ADVANCED_FACE('',(#725),#6348,.F.);
#6712=ADVANCED_FACE('',(#726),#404,.F.);
#6713=ADVANCED_FACE('',(#727),#405,.T.);
#6714=ADVANCED_FACE('',(#728,#146),#6349,.T.);
#6715=ADVANCED_FACE('',(#729),#6350,.F.);
#6716=ADVANCED_FACE('',(#730),#406,.F.);
#6717=ADVANCED_FACE('',(#731),#407,.T.);
#6718=ADVANCED_FACE('',(#732,#147),#6351,.T.);
#6719=ADVANCED_FACE('',(#733),#6352,.F.);
#6720=ADVANCED_FACE('',(#734),#6353,.T.);
#6721=ADVANCED_FACE('',(#735),#6354,.T.);
#6722=ADVANCED_FACE('',(#736),#6355,.T.);
#6723=ADVANCED_FACE('',(#737),#6356,.T.);
#6724=ADVANCED_FACE('',(#738),#6357,.T.);
#6725=ADVANCED_FACE('',(#739),#6358,.T.);
#6726=ADVANCED_FACE('',(#740),#6359,.T.);
#6727=ADVANCED_FACE('',(#741),#6360,.T.);
#6728=ADVANCED_FACE('',(#742),#6361,.T.);
#6729=ADVANCED_FACE('',(#743),#6362,.T.);
#6730=ADVANCED_FACE('',(#744),#6363,.T.);
#6731=ADVANCED_FACE('',(#745),#6364,.F.);
#6732=ADVANCED_FACE('',(#746),#6365,.F.);
#6733=ADVANCED_FACE('',(#747),#6366,.F.);
#6734=ADVANCED_FACE('',(#748),#6367,.F.);
#6735=ADVANCED_FACE('',(#749),#6368,.F.);
#6736=ADVANCED_FACE('',(#750),#6369,.F.);
#6737=ADVANCED_FACE('',(#751),#6370,.F.);
#6738=ADVANCED_FACE('',(#752),#6371,.F.);
#6739=ADVANCED_FACE('',(#753),#6372,.F.);
#6740=ADVANCED_FACE('',(#754),#6373,.F.);
#6741=ADVANCED_FACE('',(#755),#6374,.F.);
#6742=ADVANCED_FACE('',(#756),#6375,.F.);
#6743=ADVANCED_FACE('',(#757),#6376,.F.);
#6744=ADVANCED_FACE('',(#758),#6377,.F.);
#6745=ADVANCED_FACE('',(#759,#148),#6378,.T.);
#6746=ADVANCED_FACE('',(#760),#6379,.T.);
#6747=ADVANCED_FACE('',(#761),#6380,.T.);
#6748=ADVANCED_FACE('',(#762),#6381,.T.);
#6749=ADVANCED_FACE('',(#763),#6382,.T.);
#6750=ADVANCED_FACE('',(#764),#6383,.F.);
#6751=ADVANCED_FACE('',(#765),#6384,.T.);
#6752=ADVANCED_FACE('',(#766),#6385,.T.);
#6753=ADVANCED_FACE('',(#767),#6386,.T.);
#6754=ADVANCED_FACE('',(#768),#6387,.T.);
#6755=ADVANCED_FACE('',(#769),#6388,.T.);
#6756=ADVANCED_FACE('',(#770),#6389,.F.);
#6757=ADVANCED_FACE('',(#771),#408,.T.);
#6758=ADVANCED_FACE('',(#772),#6390,.T.);
#6759=ADVANCED_FACE('',(#773),#6391,.T.);
#6760=ADVANCED_FACE('',(#774),#6392,.T.);
#6761=ADVANCED_FACE('',(#775),#6393,.T.);
#6762=ADVANCED_FACE('',(#776),#6394,.T.);
#6763=CLOSED_SHELL('',(#6395,#6396,#6397,#6398,#6399,#6400,#6401,#6402,
#6403,#6404,#6405,#6406,#6407,#6408,#6409,#6410,#6411,#6412,#6413,#6414,
#6415,#6416,#6417,#6418,#6419,#6420,#6421,#6422,#6423,#6424,#6425,#6426,
#6427,#6428,#6429,#6430,#6431,#6432,#6433,#6434,#6435));
#6764=CLOSED_SHELL('',(#6436,#6437,#6438,#6439,#6440,#6441,#6442,#6443,
#6444,#6445,#6446,#6447,#6448,#6449,#6450,#6451,#6452,#6453,#6454,#6455,
#6456,#6457,#6458,#6459,#6460,#6461,#6462,#6463,#6464,#6465,#6466,#6467,
#6468,#6469,#6470,#6471,#6472,#6473,#6474,#6475,#6476,#6477,#6478,#6479,
#6480,#6481,#6482,#6483,#6484,#6485,#6486,#6487,#6488,#6489));
#6765=CLOSED_SHELL('',(#6490,#6491,#6492,#6493,#6494,#6495,#6496,#6497,
#6498,#6499,#6500,#6501,#6502,#6503,#6504,#6505,#6506,#6507,#6508,#6509,
#6510,#6511,#6512,#6513,#6514,#6515,#6516,#6517,#6518,#6519,#6520,#6521,
#6522,#6523,#6524,#6525,#6526,#6527,#6528,#6529,#6530,#6531,#6532));
#6766=CLOSED_SHELL('',(#6533,#6534,#6535,#6536,#6537,#6538,#6539,#6540,
#6541,#6542,#6543,#6544,#6545,#6546,#6547,#6548,#6549,#6550,#6551,#6552,
#6553,#6554,#6555,#6556,#6557,#6558,#6559,#6560,#6561,#6562,#6563,#6564,
#6565,#6566,#6567,#6568,#6569,#6570,#6571,#6572,#6573,#6574,#6575,#6576,
#6577,#6578,#6579,#6580,#6581,#6582,#6583));
#6767=CLOSED_SHELL('',(#6584,#6585,#6586,#6587,#6588,#6589,#6590,#6591,
#6592,#6593,#6594,#6595,#6596,#6597,#6598,#6599,#6600,#6601,#6602,#6603,
#6604,#6605,#6606,#6607,#6608,#6609,#6610,#6611,#6612,#6613,#6614,#6615,
#6616,#6617,#6618,#6619,#6620,#6621,#6622,#6623,#6624,#6625,#6626,#6627,
#6628,#6629,#6630,#6631,#6632,#6633,#6634,#6635,#6636,#6637,#6638,#6639,
#6640,#6641,#6642,#6643,#6644,#6645,#6646,#6647,#6648,#6649,#6650,#6651,
#6652,#6653,#6654,#6655,#6656,#6657,#6658,#6659,#6660,#6661,#6662,#6663,
#6664,#6665,#6666));
#6768=CLOSED_SHELL('',(#6667,#6668,#6669));
#6769=CLOSED_SHELL('',(#6670,#6671,#6672));
#6770=CLOSED_SHELL('',(#6673,#6674,#6675));
#6771=CLOSED_SHELL('',(#6676,#6677,#6678));
#6772=CLOSED_SHELL('',(#6679,#6680,#6681,#6682,#6683,#6684,#6685,#6686,
#6687,#6688,#6689,#6690,#6691,#6692,#6693,#6694,#6695,#6696,#6697));
#6773=CLOSED_SHELL('',(#6698,#6699,#6700,#6701,#6702,#6703,#6704,#6705,
#6706,#6707,#6708,#6709,#6710,#6711,#6712,#6713,#6714,#6715,#6716,#6717,
#6718,#6719,#6720,#6721,#6722,#6723,#6724,#6725,#6726,#6727,#6728,#6729,
#6730,#6731));
#6774=CLOSED_SHELL('',(#6732,#6733,#6734,#6735,#6736,#6737,#6738,#6739,
#6740,#6741,#6742,#6743,#6744,#6745,#6746,#6747,#6748,#6749,#6750));
#6775=CLOSED_SHELL('',(#6751,#6752,#6753,#6754,#6755,#6756));
#6776=CLOSED_SHELL('',(#6757,#6758,#6759,#6760,#6761,#6762));
#6777=DERIVED_UNIT_ELEMENT(#6797,1.);
#6778=DERIVED_UNIT_ELEMENT(#11526,-3.);
#6779=DERIVED_UNIT_ELEMENT(#6797,1.);
#6780=DERIVED_UNIT_ELEMENT(#11526,-3.);
#6781=DERIVED_UNIT_ELEMENT(#6797,1.);
#6782=DERIVED_UNIT_ELEMENT(#11526,-3.);
#6783=DERIVED_UNIT_ELEMENT(#6797,1.);
#6784=DERIVED_UNIT_ELEMENT(#11526,-3.);
#6785=DERIVED_UNIT_ELEMENT(#6797,1.);
#6786=DERIVED_UNIT_ELEMENT(#11526,-3.);
#6787=DERIVED_UNIT_ELEMENT(#6797,1.);
#6788=DERIVED_UNIT_ELEMENT(#11526,-3.);
#6789=DERIVED_UNIT_ELEMENT(#6797,1.);
#6790=DERIVED_UNIT_ELEMENT(#11526,-3.);
#6791=DERIVED_UNIT_ELEMENT(#6797,1.);
#6792=DERIVED_UNIT_ELEMENT(#11526,-3.);
#6793=DERIVED_UNIT_ELEMENT(#6797,1.);
#6794=DERIVED_UNIT_ELEMENT(#11526,-3.);
#6795=DERIVED_UNIT_ELEMENT(#6797,1.);
#6796=DERIVED_UNIT_ELEMENT(#11526,-3.);
#6797=(
MASS_UNIT()
NAMED_UNIT(*)
SI_UNIT(.KILO.,.GRAM.)
);
#6798=DERIVED_UNIT((#6777,#6778));
#6799=DERIVED_UNIT((#6779,#6780));
#6800=DERIVED_UNIT((#6781,#6782));
#6801=DERIVED_UNIT((#6783,#6784));
#6802=DERIVED_UNIT((#6785,#6786));
#6803=DERIVED_UNIT((#6787,#6788));
#6804=DERIVED_UNIT((#6789,#6790));
#6805=DERIVED_UNIT((#6791,#6792));
#6806=DERIVED_UNIT((#6793,#6794));
#6807=DERIVED_UNIT((#6795,#6796));
#6808=MEASURE_REPRESENTATION_ITEM('density measure',
POSITIVE_RATIO_MEASURE(7850.),#6798);
#6809=MEASURE_REPRESENTATION_ITEM('density measure',
POSITIVE_RATIO_MEASURE(7850.),#6799);
#6810=MEASURE_REPRESENTATION_ITEM('density measure',
POSITIVE_RATIO_MEASURE(7850.),#6800);
#6811=MEASURE_REPRESENTATION_ITEM('density measure',
POSITIVE_RATIO_MEASURE(1100.),#6801);
#6812=MEASURE_REPRESENTATION_ITEM('density measure',
POSITIVE_RATIO_MEASURE(7850.),#6802);
#6813=MEASURE_REPRESENTATION_ITEM('density measure',
POSITIVE_RATIO_MEASURE(7850.),#6803);
#6814=MEASURE_REPRESENTATION_ITEM('density measure',
POSITIVE_RATIO_MEASURE(7850.),#6804);
#6815=MEASURE_REPRESENTATION_ITEM('density measure',
POSITIVE_RATIO_MEASURE(7850.),#6805);
#6816=MEASURE_REPRESENTATION_ITEM('density measure',
POSITIVE_RATIO_MEASURE(7850.),#6806);
#6817=MEASURE_REPRESENTATION_ITEM('density measure',
POSITIVE_RATIO_MEASURE(7850.),#6807);
#6818=PROPERTY_DEFINITION_REPRESENTATION(#6868,#6838);
#6819=PROPERTY_DEFINITION_REPRESENTATION(#6869,#6839);
#6820=PROPERTY_DEFINITION_REPRESENTATION(#6870,#6840);
#6821=PROPERTY_DEFINITION_REPRESENTATION(#6871,#6841);
#6822=PROPERTY_DEFINITION_REPRESENTATION(#6872,#6842);
#6823=PROPERTY_DEFINITION_REPRESENTATION(#6873,#6843);
#6824=PROPERTY_DEFINITION_REPRESENTATION(#6874,#6844);
#6825=PROPERTY_DEFINITION_REPRESENTATION(#6875,#6845);
#6826=PROPERTY_DEFINITION_REPRESENTATION(#6876,#6846);
#6827=PROPERTY_DEFINITION_REPRESENTATION(#6877,#6847);
#6828=PROPERTY_DEFINITION_REPRESENTATION(#6878,#6848);
#6829=PROPERTY_DEFINITION_REPRESENTATION(#6879,#6849);
#6830=PROPERTY_DEFINITION_REPRESENTATION(#6880,#6850);
#6831=PROPERTY_DEFINITION_REPRESENTATION(#6881,#6851);
#6832=PROPERTY_DEFINITION_REPRESENTATION(#6882,#6852);
#6833=PROPERTY_DEFINITION_REPRESENTATION(#6883,#6853);
#6834=PROPERTY_DEFINITION_REPRESENTATION(#6884,#6854);
#6835=PROPERTY_DEFINITION_REPRESENTATION(#6885,#6855);
#6836=PROPERTY_DEFINITION_REPRESENTATION(#6886,#6856);
#6837=PROPERTY_DEFINITION_REPRESENTATION(#6887,#6857);
#6838=REPRESENTATION('material name',(#6858),#11512);
#6839=REPRESENTATION('density',(#6808),#11512);
#6840=REPRESENTATION('material name',(#6859),#11514);
#6841=REPRESENTATION('density',(#6809),#11514);
#6842=REPRESENTATION('material name',(#6860),#11515);
#6843=REPRESENTATION('density',(#6810),#11515);
#6844=REPRESENTATION('material name',(#6861),#11516);
#6845=REPRESENTATION('density',(#6811),#11516);
#6846=REPRESENTATION('material name',(#6862),#11517);
#6847=REPRESENTATION('density',(#6812),#11517);
#6848=REPRESENTATION('material name',(#6863),#11519);
#6849=REPRESENTATION('density',(#6813),#11519);
#6850=REPRESENTATION('material name',(#6864),#11520);
#6851=REPRESENTATION('density',(#6814),#11520);
#6852=REPRESENTATION('material name',(#6865),#11521);
#6853=REPRESENTATION('density',(#6815),#11521);
#6854=REPRESENTATION('material name',(#6866),#11522);
#6855=REPRESENTATION('density',(#6816),#11522);
#6856=REPRESENTATION('material name',(#6867),#11523);
#6857=REPRESENTATION('density',(#6817),#11523);
#6858=DESCRIPTIVE_REPRESENTATION_ITEM('Steel','Steel');
#6859=DESCRIPTIVE_REPRESENTATION_ITEM('Steel','Steel');
#6860=DESCRIPTIVE_REPRESENTATION_ITEM('Steel','Steel');
#6861=DESCRIPTIVE_REPRESENTATION_ITEM('Pl\X\E1stico PC/ABS',
'Pl\X\E1stico PC/ABS');
#6862=DESCRIPTIVE_REPRESENTATION_ITEM('Steel','Steel');
#6863=DESCRIPTIVE_REPRESENTATION_ITEM('Steel','Steel');
#6864=DESCRIPTIVE_REPRESENTATION_ITEM('Steel','Steel');
#6865=DESCRIPTIVE_REPRESENTATION_ITEM('Steel','Steel');
#6866=DESCRIPTIVE_REPRESENTATION_ITEM('Steel','Steel');
#6867=DESCRIPTIVE_REPRESENTATION_ITEM('Steel','Steel');
#6868=PROPERTY_DEFINITION('material property','material name',#11585);
#6869=PROPERTY_DEFINITION('material property','density of part',#11585);
#6870=PROPERTY_DEFINITION('material property','material name',#11587);
#6871=PROPERTY_DEFINITION('material property','density of part',#11587);
#6872=PROPERTY_DEFINITION('material property','material name',#11588);
#6873=PROPERTY_DEFINITION('material property','density of part',#11588);
#6874=PROPERTY_DEFINITION('material property','material name',#11589);
#6875=PROPERTY_DEFINITION('material property','density of part',#11589);
#6876=PROPERTY_DEFINITION('material property','material name',#11590);
#6877=PROPERTY_DEFINITION('material property','density of part',#11590);
#6878=PROPERTY_DEFINITION('material property','material name',#11592);
#6879=PROPERTY_DEFINITION('material property','density of part',#11592);
#6880=PROPERTY_DEFINITION('material property','material name',#11593);
#6881=PROPERTY_DEFINITION('material property','density of part',#11593);
#6882=PROPERTY_DEFINITION('material property','material name',#11594);
#6883=PROPERTY_DEFINITION('material property','density of part',#11594);
#6884=PROPERTY_DEFINITION('material property','material name',#11595);
#6885=PROPERTY_DEFINITION('material property','density of part',#11595);
#6886=PROPERTY_DEFINITION('material property','material name',#11596);
#6887=PROPERTY_DEFINITION('material property','density of part',#11596);
#6888=AXIS2_PLACEMENT_3D('',#9557,#7561,#7562);
#6889=AXIS2_PLACEMENT_3D('',#9558,#7563,#7564);
#6890=AXIS2_PLACEMENT_3D('',#9559,#7565,#7566);
#6891=AXIS2_PLACEMENT_3D('',#9563,#7568,#7569);
#6892=AXIS2_PLACEMENT_3D('',#9564,#7570,#7571);
#6893=AXIS2_PLACEMENT_3D('',#9570,#7575,#7576);
#6894=AXIS2_PLACEMENT_3D('',#9571,#7577,#7578);
#6895=AXIS2_PLACEMENT_3D('',#9572,#7579,#7580);
#6896=AXIS2_PLACEMENT_3D('',#9581,#7585,#7586);
#6897=AXIS2_PLACEMENT_3D('',#9587,#7590,#7591);
#6898=AXIS2_PLACEMENT_3D('',#9601,#7598,#7599);
#6899=AXIS2_PLACEMENT_3D('',#9605,#7601,#7602);
#6900=AXIS2_PLACEMENT_3D('',#9609,#7604,#7605);
#6901=AXIS2_PLACEMENT_3D('',#9613,#7607,#7608);
#6902=AXIS2_PLACEMENT_3D('',#9615,#7610,#7611);
#6903=AXIS2_PLACEMENT_3D('',#9621,#7615,#7616);
#6904=AXIS2_PLACEMENT_3D('',#9625,#7619,#7620);
#6905=AXIS2_PLACEMENT_3D('',#9629,#7623,#7624);
#6906=AXIS2_PLACEMENT_3D('',#9633,#7627,#7628);
#6907=AXIS2_PLACEMENT_3D('',#9635,#7629,#7630);
#6908=AXIS2_PLACEMENT_3D('',#9638,#7632,#7633);
#6909=AXIS2_PLACEMENT_3D('',#9639,#7634,#7635);
#6910=AXIS2_PLACEMENT_3D('',#9640,#7636,#7637);
#6911=AXIS2_PLACEMENT_3D('',#9642,#7639,#7640);
#6912=AXIS2_PLACEMENT_3D('',#9644,#7642,#7643);
#6913=AXIS2_PLACEMENT_3D('',#9646,#7644,#7645);
#6914=AXIS2_PLACEMENT_3D('',#9648,#7646,#7647);
#6915=AXIS2_PLACEMENT_3D('',#9650,#7648,#7649);
#6916=AXIS2_PLACEMENT_3D('',#9652,#7650,#7651);
#6917=AXIS2_PLACEMENT_3D('',#9653,#7652,#7653);
#6918=AXIS2_PLACEMENT_3D('',#9657,#7655,#7656);
#6919=AXIS2_PLACEMENT_3D('',#9659,#7658,#7659);
#6920=AXIS2_PLACEMENT_3D('',#9663,#7662,#7663);
#6921=AXIS2_PLACEMENT_3D('',#9666,#7665,#7666);
#6922=AXIS2_PLACEMENT_3D('',#9667,#7667,#7668);
#6923=AXIS2_PLACEMENT_3D('',#9671,#7671,#7672);
#6924=AXIS2_PLACEMENT_3D('',#9680,#7677,#7678);
#6925=AXIS2_PLACEMENT_3D('',#9695,#7686,#7687);
#6926=AXIS2_PLACEMENT_3D('',#9699,#7689,#7690);
#6927=AXIS2_PLACEMENT_3D('',#9701,#7692,#7693);
#6928=AXIS2_PLACEMENT_3D('',#9705,#7696,#7697);
#6929=AXIS2_PLACEMENT_3D('',#9709,#7700,#7701);
#6930=AXIS2_PLACEMENT_3D('',#9715,#7705,#7706);
#6931=AXIS2_PLACEMENT_3D('',#9719,#7709,#7710);
#6932=AXIS2_PLACEMENT_3D('',#9723,#7713,#7714);
#6933=AXIS2_PLACEMENT_3D('',#9725,#7716,#7717);
#6934=AXIS2_PLACEMENT_3D('',#9727,#7718,#7719);
#6935=AXIS2_PLACEMENT_3D('',#9728,#7720,#7721);
#6936=AXIS2_PLACEMENT_3D('',#9730,#7722,#7723);
#6937=AXIS2_PLACEMENT_3D('',#9731,#7724,#7725);
#6938=AXIS2_PLACEMENT_3D('',#9733,#7726,#7727);
#6939=AXIS2_PLACEMENT_3D('',#9734,#7728,#7729);
#6940=AXIS2_PLACEMENT_3D('',#9736,#7730,#7731);
#6941=AXIS2_PLACEMENT_3D('',#9737,#7732,#7733);
#6942=AXIS2_PLACEMENT_3D('',#9739,#7735,#7736);
#6943=AXIS2_PLACEMENT_3D('',#9740,#7737,#7738);
#6944=AXIS2_PLACEMENT_3D('',#9742,#7740,#7741);
#6945=AXIS2_PLACEMENT_3D('',#9744,#7743,#7744);
#6946=AXIS2_PLACEMENT_3D('',#9746,#7746,#7747);
#6947=AXIS2_PLACEMENT_3D('',#9747,#7748,#7749);
#6948=AXIS2_PLACEMENT_3D('',#9749,#7751,#7752);
#6949=AXIS2_PLACEMENT_3D('',#9751,#7754,#7755);
#6950=AXIS2_PLACEMENT_3D('',#9753,#7757,#7758);
#6951=AXIS2_PLACEMENT_3D('',#9755,#7760,#7761);
#6952=AXIS2_PLACEMENT_3D('',#9756,#7762,#7763);
#6953=AXIS2_PLACEMENT_3D('',#9757,#7764,#7765);
#6954=AXIS2_PLACEMENT_3D('',#9766,#7770,#7771);
#6955=AXIS2_PLACEMENT_3D('',#9772,#7775,#7776);
#6956=AXIS2_PLACEMENT_3D('',#9781,#7781,#7782);
#6957=AXIS2_PLACEMENT_3D('',#9787,#7786,#7787);
#6958=AXIS2_PLACEMENT_3D('',#9793,#7791,#7792);
#6959=AXIS2_PLACEMENT_3D('',#9799,#7796,#7797);
#6960=AXIS2_PLACEMENT_3D('',#9802,#7800,#7801);
#6961=AXIS2_PLACEMENT_3D('',#9811,#7806,#7807);
#6962=AXIS2_PLACEMENT_3D('',#9817,#7811,#7812);
#6963=AXIS2_PLACEMENT_3D('',#9823,#7816,#7817);
#6964=AXIS2_PLACEMENT_3D('',#9829,#7821,#7822);
#6965=AXIS2_PLACEMENT_3D('',#9835,#7826,#7827);
#6966=AXIS2_PLACEMENT_3D('',#9841,#7831,#7832);
#6967=AXIS2_PLACEMENT_3D('',#9847,#7836,#7837);
#6968=AXIS2_PLACEMENT_3D('',#9858,#7844,#7845);
#6969=AXIS2_PLACEMENT_3D('',#9863,#7848,#7849);
#6970=AXIS2_PLACEMENT_3D('',#9865,#7850,#7851);
#6971=AXIS2_PLACEMENT_3D('',#9866,#7852,#7853);
#6972=AXIS2_PLACEMENT_3D('',#9871,#7856,#7857);
#6973=AXIS2_PLACEMENT_3D('',#9873,#7858,#7859);
#6974=AXIS2_PLACEMENT_3D('',#9874,#7860,#7861);
#6975=AXIS2_PLACEMENT_3D('',#9876,#7862,#7863);
#6976=AXIS2_PLACEMENT_3D('',#9879,#7865,#7866);
#6977=AXIS2_PLACEMENT_3D('',#9880,#7867,#7868);
#6978=AXIS2_PLACEMENT_3D('',#9882,#7869,#7870);
#6979=AXIS2_PLACEMENT_3D('',#9884,#7872,#7873);
#6980=AXIS2_PLACEMENT_3D('',#9885,#7874,#7875);
#6981=AXIS2_PLACEMENT_3D('',#9887,#7877,#7878);
#6982=AXIS2_PLACEMENT_3D('',#9889,#7879,#7880);
#6983=AXIS2_PLACEMENT_3D('',#9892,#7882,#7883);
#6984=AXIS2_PLACEMENT_3D('',#9893,#7884,#7885);
#6985=AXIS2_PLACEMENT_3D('',#9895,#7886,#7887);
#6986=AXIS2_PLACEMENT_3D('',#9897,#7889,#7890);
#6987=AXIS2_PLACEMENT_3D('',#9898,#7891,#7892);
#6988=AXIS2_PLACEMENT_3D('',#9899,#7893,#7894);
#6989=AXIS2_PLACEMENT_3D('',#9901,#7895,#7896);
#6990=AXIS2_PLACEMENT_3D('',#9904,#7898,#7899);
#6991=AXIS2_PLACEMENT_3D('',#9905,#7900,#7901);
#6992=AXIS2_PLACEMENT_3D('',#9907,#7902,#7903);
#6993=AXIS2_PLACEMENT_3D('',#9909,#7905,#7906);
#6994=AXIS2_PLACEMENT_3D('',#9910,#7907,#7908);
#6995=AXIS2_PLACEMENT_3D('',#9911,#7909,#7910);
#6996=AXIS2_PLACEMENT_3D('',#9913,#7911,#7912);
#6997=AXIS2_PLACEMENT_3D('',#9916,#7914,#7915);
#6998=AXIS2_PLACEMENT_3D('',#9917,#7916,#7917);
#6999=AXIS2_PLACEMENT_3D('',#9919,#7918,#7919);
#7000=AXIS2_PLACEMENT_3D('',#9921,#7921,#7922);
#7001=AXIS2_PLACEMENT_3D('',#9922,#7923,#7924);
#7002=AXIS2_PLACEMENT_3D('',#9923,#7925,#7926);
#7003=AXIS2_PLACEMENT_3D('',#9924,#7927,#7928);
#7004=AXIS2_PLACEMENT_3D('',#9930,#7932,#7933);
#7005=AXIS2_PLACEMENT_3D('',#9932,#7934,#7935);
#7006=AXIS2_PLACEMENT_3D('',#9935,#7937,#7938);
#7007=AXIS2_PLACEMENT_3D('',#9936,#7939,#7940);
#7008=AXIS2_PLACEMENT_3D('',#9945,#7945,#7946);
#7009=AXIS2_PLACEMENT_3D('',#9951,#7950,#7951);
#7010=AXIS2_PLACEMENT_3D('',#9957,#7955,#7956);
#7011=AXIS2_PLACEMENT_3D('',#9963,#7960,#7961);
#7012=AXIS2_PLACEMENT_3D('',#9969,#7965,#7966);
#7013=AXIS2_PLACEMENT_3D('',#9972,#7969,#7970);
#7014=AXIS2_PLACEMENT_3D('',#9973,#7971,#7972);
#7015=AXIS2_PLACEMENT_3D('',#9982,#7977,#7978);
#7016=AXIS2_PLACEMENT_3D('',#9984,#7979,#7980);
#7017=AXIS2_PLACEMENT_3D('',#9986,#7981,#7982);
#7018=AXIS2_PLACEMENT_3D('',#9988,#7984,#7985);
#7019=AXIS2_PLACEMENT_3D('',#9994,#7989,#7990);
#7020=AXIS2_PLACEMENT_3D('',#9997,#7993,#7994);
#7021=AXIS2_PLACEMENT_3D('',#10000,#7995,#7996);
#7022=AXIS2_PLACEMENT_3D('',#10002,#7998,#7999);
#7023=AXIS2_PLACEMENT_3D('',#10008,#8003,#8004);
#7024=AXIS2_PLACEMENT_3D('',#10009,#8005,#8006);
#7025=AXIS2_PLACEMENT_3D('',#10010,#8007,#8008);
#7026=AXIS2_PLACEMENT_3D('',#10011,#8009,#8010);
#7027=AXIS2_PLACEMENT_3D('',#10013,#8012,#8013);
#7028=AXIS2_PLACEMENT_3D('',#10015,#8015,#8016);
#7029=AXIS2_PLACEMENT_3D('',#10016,#8017,#8018);
#7030=AXIS2_PLACEMENT_3D('',#10017,#8019,#8020);
#7031=AXIS2_PLACEMENT_3D('',#10026,#8025,#8026);
#7032=AXIS2_PLACEMENT_3D('',#10033,#8030,#8031);
#7033=AXIS2_PLACEMENT_3D('',#10034,#8032,#8033);
#7034=AXIS2_PLACEMENT_3D('',#10071,#8052,#8053);
#7035=AXIS2_PLACEMENT_3D('',#10073,#8054,#8055);
#7036=AXIS2_PLACEMENT_3D('',#10074,#8056,#8057);
#7037=AXIS2_PLACEMENT_3D('',#10080,#8061,#8062);
#7038=AXIS2_PLACEMENT_3D('',#10094,#8070,#8071);
#7039=AXIS2_PLACEMENT_3D('',#10096,#8073,#8074);
#7040=AXIS2_PLACEMENT_3D('',#10099,#8077,#8078);
#7041=AXIS2_PLACEMENT_3D('',#10101,#8080,#8081);
#7042=AXIS2_PLACEMENT_3D('',#10105,#8084,#8085);
#7043=AXIS2_PLACEMENT_3D('',#10115,#8091,#8092);
#7044=AXIS2_PLACEMENT_3D('',#10117,#8094,#8095);
#7045=AXIS2_PLACEMENT_3D('',#10119,#8097,#8098);
#7046=AXIS2_PLACEMENT_3D('',#10121,#8099,#8100);
#7047=AXIS2_PLACEMENT_3D('',#10122,#8101,#8102);
#7048=AXIS2_PLACEMENT_3D('',#10128,#8106,#8107);
#7049=AXIS2_PLACEMENT_3D('',#10134,#8111,#8112);
#7050=AXIS2_PLACEMENT_3D('',#10136,#8113,#8114);
#7051=AXIS2_PLACEMENT_3D('',#10138,#8116,#8117);
#7052=AXIS2_PLACEMENT_3D('',#10140,#8118,#8119);
#7053=AXIS2_PLACEMENT_3D('',#10142,#8121,#8122);
#7054=AXIS2_PLACEMENT_3D('',#10151,#8127,#8128);
#7055=AXIS2_PLACEMENT_3D('',#10157,#8132,#8133);
#7056=AXIS2_PLACEMENT_3D('',#10163,#8137,#8138);
#7057=AXIS2_PLACEMENT_3D('',#10169,#8142,#8143);
#7058=AXIS2_PLACEMENT_3D('',#10175,#8147,#8148);
#7059=AXIS2_PLACEMENT_3D('',#10178,#8151,#8152);
#7060=AXIS2_PLACEMENT_3D('',#10179,#8153,#8154);
#7061=AXIS2_PLACEMENT_3D('',#10188,#8159,#8160);
#7062=AXIS2_PLACEMENT_3D('',#10194,#8164,#8165);
#7063=AXIS2_PLACEMENT_3D('',#10200,#8169,#8170);
#7064=AXIS2_PLACEMENT_3D('',#10206,#8174,#8175);
#7065=AXIS2_PLACEMENT_3D('',#10212,#8179,#8180);
#7066=AXIS2_PLACEMENT_3D('',#10215,#8183,#8184);
#7067=AXIS2_PLACEMENT_3D('',#10216,#8185,#8186);
#7068=AXIS2_PLACEMENT_3D('',#10218,#8188,#8189);
#7069=AXIS2_PLACEMENT_3D('',#10236,#8198,#8199);
#7070=AXIS2_PLACEMENT_3D('',#10238,#8200,#8201);
#7071=AXIS2_PLACEMENT_3D('',#10239,#8202,#8203);
#7072=AXIS2_PLACEMENT_3D('',#10241,#8205,#8206);
#7073=AXIS2_PLACEMENT_3D('',#10244,#8209,#8210);
#7074=AXIS2_PLACEMENT_3D('',#10246,#8212,#8213);
#7075=AXIS2_PLACEMENT_3D('',#10250,#8217,#8218);
#7076=AXIS2_PLACEMENT_3D('',#10251,#8219,#8220);
#7077=AXIS2_PLACEMENT_3D('',#10253,#8222,#8223);
#7078=AXIS2_PLACEMENT_3D('',#10255,#8225,#8226);
#7079=AXIS2_PLACEMENT_3D('',#10257,#8228,#8229);
#7080=AXIS2_PLACEMENT_3D('',#10259,#8231,#8232);
#7081=AXIS2_PLACEMENT_3D('',#10260,#8233,#8234);
#7082=AXIS2_PLACEMENT_3D('',#10261,#8235,#8236);
#7083=AXIS2_PLACEMENT_3D('',#10270,#8241,#8242);
#7084=AXIS2_PLACEMENT_3D('',#10276,#8246,#8247);
#7085=AXIS2_PLACEMENT_3D('',#10282,#8251,#8252);
#7086=AXIS2_PLACEMENT_3D('',#10284,#8254,#8255);
#7087=AXIS2_PLACEMENT_3D('',#10288,#8257,#8258);
#7088=AXIS2_PLACEMENT_3D('',#10294,#8261,#8262);
#7089=AXIS2_PLACEMENT_3D('',#10300,#8265,#8266);
#7090=AXIS2_PLACEMENT_3D('',#10306,#8269,#8270);
#7091=AXIS2_PLACEMENT_3D('',#10310,#8273,#8274);
#7092=AXIS2_PLACEMENT_3D('',#10314,#8276,#8277);
#7093=AXIS2_PLACEMENT_3D('',#10316,#8279,#8280);
#7094=AXIS2_PLACEMENT_3D('',#10342,#8294,#8295);
#7095=AXIS2_PLACEMENT_3D('',#10344,#8296,#8297);
#7096=AXIS2_PLACEMENT_3D('',#10346,#8298,#8299);
#7097=AXIS2_PLACEMENT_3D('',#10348,#8301,#8302);
#7098=AXIS2_PLACEMENT_3D('',#10356,#8307,#8308);
#7099=AXIS2_PLACEMENT_3D('',#10359,#8309,#8310);
#7100=AXIS2_PLACEMENT_3D('',#10363,#8312,#8313);
#7101=AXIS2_PLACEMENT_3D('',#10365,#8315,#8316);
#7102=AXIS2_PLACEMENT_3D('',#10370,#8320,#8321);
#7103=AXIS2_PLACEMENT_3D('',#10372,#8322,#8323);
#7104=AXIS2_PLACEMENT_3D('',#10374,#8324,#8325);
#7105=AXIS2_PLACEMENT_3D('',#10376,#8327,#8328);
#7106=AXIS2_PLACEMENT_3D('',#10379,#8330,#8331);
#7107=AXIS2_PLACEMENT_3D('',#10380,#8332,#8333);
#7108=AXIS2_PLACEMENT_3D('',#10400,#8345,#8346);
#7109=AXIS2_PLACEMENT_3D('',#10402,#8347,#8348);
#7110=AXIS2_PLACEMENT_3D('',#10405,#8350,#8351);
#7111=AXIS2_PLACEMENT_3D('',#10406,#8352,#8353);
#7112=AXIS2_PLACEMENT_3D('',#10408,#8354,#8355);
#7113=AXIS2_PLACEMENT_3D('',#10410,#8356,#8357);
#7114=AXIS2_PLACEMENT_3D('',#10412,#8359,#8360);
#7115=AXIS2_PLACEMENT_3D('',#10415,#8363,#8364);
#7116=AXIS2_PLACEMENT_3D('',#10417,#8365,#8366);
#7117=AXIS2_PLACEMENT_3D('',#10419,#8367,#8368);
#7118=AXIS2_PLACEMENT_3D('',#10421,#8370,#8371);
#7119=AXIS2_PLACEMENT_3D('',#10427,#8374,#8375);
#7120=AXIS2_PLACEMENT_3D('',#10429,#8377,#8378);
#7121=AXIS2_PLACEMENT_3D('',#10432,#8380,#8381);
#7122=AXIS2_PLACEMENT_3D('',#10433,#8382,#8383);
#7123=AXIS2_PLACEMENT_3D('',#10436,#8386,#8387);
#7124=AXIS2_PLACEMENT_3D('',#10438,#8389,#8390);
#7125=AXIS2_PLACEMENT_3D('',#10439,#8391,#8392);
#7126=AXIS2_PLACEMENT_3D('',#10443,#8395,#8396);
#7127=AXIS2_PLACEMENT_3D('',#10446,#8398,#8399);
#7128=AXIS2_PLACEMENT_3D('',#10447,#8400,#8401);
#7129=AXIS2_PLACEMENT_3D('',#10449,#8403,#8404);
#7130=AXIS2_PLACEMENT_3D('',#10450,#8405,#8406);
#7131=AXIS2_PLACEMENT_3D('',#10452,#8408,#8409);
#7132=AXIS2_PLACEMENT_3D('',#10455,#8410,#8411);
#7133=AXIS2_PLACEMENT_3D('',#10459,#8413,#8414);
#7134=AXIS2_PLACEMENT_3D('',#10461,#8416,#8417);
#7135=AXIS2_PLACEMENT_3D('',#10462,#8418,#8419);
#7136=AXIS2_PLACEMENT_3D('',#10463,#8420,#8421);
#7137=AXIS2_PLACEMENT_3D('',#10464,#8422,#8423);
#7138=AXIS2_PLACEMENT_3D('',#10465,#8424,#8425);
#7139=AXIS2_PLACEMENT_3D('',#10466,#8426,#8427);
#7140=AXIS2_PLACEMENT_3D('',#10467,#8428,#8429);
#7141=AXIS2_PLACEMENT_3D('',#10468,#8430,#8431);
#7142=AXIS2_PLACEMENT_3D('',#10469,#8432,#8433);
#7143=AXIS2_PLACEMENT_3D('',#10471,#8434,#8435);
#7144=AXIS2_PLACEMENT_3D('',#10473,#8436,#8437);
#7145=AXIS2_PLACEMENT_3D('',#10475,#8439,#8440);
#7146=AXIS2_PLACEMENT_3D('',#10481,#8444,#8445);
#7147=AXIS2_PLACEMENT_3D('',#10483,#8446,#8447);
#7148=AXIS2_PLACEMENT_3D('',#10489,#8450,#8451);
#7149=AXIS2_PLACEMENT_3D('',#10491,#8453,#8454);
#7150=AXIS2_PLACEMENT_3D('',#10493,#8455,#8456);
#7151=AXIS2_PLACEMENT_3D('',#10495,#8458,#8459);
#7152=AXIS2_PLACEMENT_3D('',#10499,#8462,#8463);
#7153=AXIS2_PLACEMENT_3D('',#10503,#8466,#8467);
#7154=AXIS2_PLACEMENT_3D('',#10505,#8468,#8469);
#7155=AXIS2_PLACEMENT_3D('',#10507,#8471,#8472);
#7156=AXIS2_PLACEMENT_3D('',#10509,#8474,#8475);
#7157=AXIS2_PLACEMENT_3D('',#10510,#8476,#8477);
#7158=AXIS2_PLACEMENT_3D('',#10512,#8478,#8479);
#7159=AXIS2_PLACEMENT_3D('',#10515,#8481,#8482);
#7160=AXIS2_PLACEMENT_3D('',#10516,#8483,#8484);
#7161=AXIS2_PLACEMENT_3D('',#10522,#8488,#8489);
#7162=AXIS2_PLACEMENT_3D('',#10524,#8490,#8491);
#7163=AXIS2_PLACEMENT_3D('',#10530,#8494,#8495);
#7164=AXIS2_PLACEMENT_3D('',#10532,#8497,#8498);
#7165=AXIS2_PLACEMENT_3D('',#10534,#8499,#8500);
#7166=AXIS2_PLACEMENT_3D('',#10536,#8502,#8503);
#7167=AXIS2_PLACEMENT_3D('',#10540,#8506,#8507);
#7168=AXIS2_PLACEMENT_3D('',#10544,#8509,#8510);
#7169=AXIS2_PLACEMENT_3D('',#10546,#8512,#8513);
#7170=AXIS2_PLACEMENT_3D('',#10548,#8515,#8516);
#7171=AXIS2_PLACEMENT_3D('',#10550,#8518,#8519);
#7172=AXIS2_PLACEMENT_3D('',#10551,#8520,#8521);
#7173=AXIS2_PLACEMENT_3D('',#10553,#8522,#8523);
#7174=AXIS2_PLACEMENT_3D('',#10556,#8525,#8526);
#7175=AXIS2_PLACEMENT_3D('',#10557,#8527,#8528);
#7176=AXIS2_PLACEMENT_3D('',#10560,#8529,#8530);
#7177=AXIS2_PLACEMENT_3D('',#10564,#8532,#8533);
#7178=AXIS2_PLACEMENT_3D('',#10566,#8535,#8536);
#7179=AXIS2_PLACEMENT_3D('',#10569,#8537,#8538);
#7180=AXIS2_PLACEMENT_3D('',#10573,#8540,#8541);
#7181=AXIS2_PLACEMENT_3D('',#10575,#8543,#8544);
#7182=AXIS2_PLACEMENT_3D('',#10578,#8545,#8546);
#7183=AXIS2_PLACEMENT_3D('',#10582,#8548,#8549);
#7184=AXIS2_PLACEMENT_3D('',#10584,#8551,#8552);
#7185=AXIS2_PLACEMENT_3D('',#10587,#8553,#8554);
#7186=AXIS2_PLACEMENT_3D('',#10591,#8556,#8557);
#7187=AXIS2_PLACEMENT_3D('',#10593,#8559,#8560);
#7188=AXIS2_PLACEMENT_3D('',#10596,#8561,#8562);
#7189=AXIS2_PLACEMENT_3D('',#10600,#8564,#8565);
#7190=AXIS2_PLACEMENT_3D('',#10602,#8567,#8568);
#7191=AXIS2_PLACEMENT_3D('',#10605,#8569,#8570);
#7192=AXIS2_PLACEMENT_3D('',#10609,#8572,#8573);
#7193=AXIS2_PLACEMENT_3D('',#10611,#8575,#8576);
#7194=AXIS2_PLACEMENT_3D('',#10614,#8577,#8578);
#7195=AXIS2_PLACEMENT_3D('',#10618,#8580,#8581);
#7196=AXIS2_PLACEMENT_3D('',#10620,#8583,#8584);
#7197=AXIS2_PLACEMENT_3D('',#10623,#8585,#8586);
#7198=AXIS2_PLACEMENT_3D('',#10627,#8588,#8589);
#7199=AXIS2_PLACEMENT_3D('',#10629,#8591,#8592);
#7200=AXIS2_PLACEMENT_3D('',#10632,#8593,#8594);
#7201=AXIS2_PLACEMENT_3D('',#10636,#8596,#8597);
#7202=AXIS2_PLACEMENT_3D('',#10638,#8599,#8600);
#7203=AXIS2_PLACEMENT_3D('',#10641,#8601,#8602);
#7204=AXIS2_PLACEMENT_3D('',#10645,#8604,#8605);
#7205=AXIS2_PLACEMENT_3D('',#10647,#8607,#8608);
#7206=AXIS2_PLACEMENT_3D('',#10650,#8609,#8610);
#7207=AXIS2_PLACEMENT_3D('',#10654,#8612,#8613);
#7208=AXIS2_PLACEMENT_3D('',#10656,#8615,#8616);
#7209=AXIS2_PLACEMENT_3D('',#10659,#8617,#8618);
#7210=AXIS2_PLACEMENT_3D('',#10663,#8620,#8621);
#7211=AXIS2_PLACEMENT_3D('',#10665,#8623,#8624);
#7212=AXIS2_PLACEMENT_3D('',#10668,#8625,#8626);
#7213=AXIS2_PLACEMENT_3D('',#10672,#8628,#8629);
#7214=AXIS2_PLACEMENT_3D('',#10674,#8631,#8632);
#7215=AXIS2_PLACEMENT_3D('',#10677,#8633,#8634);
#7216=AXIS2_PLACEMENT_3D('',#10681,#8636,#8637);
#7217=AXIS2_PLACEMENT_3D('',#10683,#8639,#8640);
#7218=AXIS2_PLACEMENT_3D('',#10686,#8641,#8642);
#7219=AXIS2_PLACEMENT_3D('',#10690,#8644,#8645);
#7220=AXIS2_PLACEMENT_3D('',#10692,#8647,#8648);
#7221=AXIS2_PLACEMENT_3D('',#10695,#8649,#8650);
#7222=AXIS2_PLACEMENT_3D('',#10699,#8652,#8653);
#7223=AXIS2_PLACEMENT_3D('',#10701,#8655,#8656);
#7224=AXIS2_PLACEMENT_3D('',#10704,#8657,#8658);
#7225=AXIS2_PLACEMENT_3D('',#10708,#8660,#8661);
#7226=AXIS2_PLACEMENT_3D('',#10710,#8663,#8664);
#7227=AXIS2_PLACEMENT_3D('',#10713,#8665,#8666);
#7228=AXIS2_PLACEMENT_3D('',#10717,#8668,#8669);
#7229=AXIS2_PLACEMENT_3D('',#10719,#8671,#8672);
#7230=AXIS2_PLACEMENT_3D('',#10722,#8673,#8674);
#7231=AXIS2_PLACEMENT_3D('',#10726,#8676,#8677);
#7232=AXIS2_PLACEMENT_3D('',#10728,#8679,#8680);
#7233=AXIS2_PLACEMENT_3D('',#10731,#8681,#8682);
#7234=AXIS2_PLACEMENT_3D('',#10735,#8684,#8685);
#7235=AXIS2_PLACEMENT_3D('',#10737,#8687,#8688);
#7236=AXIS2_PLACEMENT_3D('',#10740,#8689,#8690);
#7237=AXIS2_PLACEMENT_3D('',#10744,#8692,#8693);
#7238=AXIS2_PLACEMENT_3D('',#10746,#8695,#8696);
#7239=AXIS2_PLACEMENT_3D('',#10749,#8697,#8698);
#7240=AXIS2_PLACEMENT_3D('',#10753,#8700,#8701);
#7241=AXIS2_PLACEMENT_3D('',#10755,#8703,#8704);
#7242=AXIS2_PLACEMENT_3D('',#10758,#8705,#8706);
#7243=AXIS2_PLACEMENT_3D('',#10762,#8708,#8709);
#7244=AXIS2_PLACEMENT_3D('',#10764,#8711,#8712);
#7245=AXIS2_PLACEMENT_3D('',#10767,#8713,#8714);
#7246=AXIS2_PLACEMENT_3D('',#10771,#8716,#8717);
#7247=AXIS2_PLACEMENT_3D('',#10773,#8719,#8720);
#7248=AXIS2_PLACEMENT_3D('',#10776,#8721,#8722);
#7249=AXIS2_PLACEMENT_3D('',#10780,#8724,#8725);
#7250=AXIS2_PLACEMENT_3D('',#10782,#8727,#8728);
#7251=AXIS2_PLACEMENT_3D('',#10785,#8729,#8730);
#7252=AXIS2_PLACEMENT_3D('',#10789,#8732,#8733);
#7253=AXIS2_PLACEMENT_3D('',#10791,#8735,#8736);
#7254=AXIS2_PLACEMENT_3D('',#10794,#8737,#8738);
#7255=AXIS2_PLACEMENT_3D('',#10798,#8740,#8741);
#7256=AXIS2_PLACEMENT_3D('',#10800,#8743,#8744);
#7257=AXIS2_PLACEMENT_3D('',#10803,#8745,#8746);
#7258=AXIS2_PLACEMENT_3D('',#10807,#8748,#8749);
#7259=AXIS2_PLACEMENT_3D('',#10809,#8751,#8752);
#7260=AXIS2_PLACEMENT_3D('',#10812,#8753,#8754);
#7261=AXIS2_PLACEMENT_3D('',#10816,#8756,#8757);
#7262=AXIS2_PLACEMENT_3D('',#10818,#8759,#8760);
#7263=AXIS2_PLACEMENT_3D('',#10821,#8761,#8762);
#7264=AXIS2_PLACEMENT_3D('',#10825,#8764,#8765);
#7265=AXIS2_PLACEMENT_3D('',#10827,#8767,#8768);
#7266=AXIS2_PLACEMENT_3D('',#10830,#8769,#8770);
#7267=AXIS2_PLACEMENT_3D('',#10834,#8772,#8773);
#7268=AXIS2_PLACEMENT_3D('',#10836,#8775,#8776);
#7269=AXIS2_PLACEMENT_3D('',#10839,#8777,#8778);
#7270=AXIS2_PLACEMENT_3D('',#10843,#8780,#8781);
#7271=AXIS2_PLACEMENT_3D('',#10845,#8783,#8784);
#7272=AXIS2_PLACEMENT_3D('',#10848,#8785,#8786);
#7273=AXIS2_PLACEMENT_3D('',#10852,#8788,#8789);
#7274=AXIS2_PLACEMENT_3D('',#10854,#8791,#8792);
#7275=AXIS2_PLACEMENT_3D('',#10857,#8793,#8794);
#7276=AXIS2_PLACEMENT_3D('',#10861,#8796,#8797);
#7277=AXIS2_PLACEMENT_3D('',#10863,#8799,#8800);
#7278=AXIS2_PLACEMENT_3D('',#10866,#8801,#8802);
#7279=AXIS2_PLACEMENT_3D('',#10870,#8804,#8805);
#7280=AXIS2_PLACEMENT_3D('',#10872,#8807,#8808);
#7281=AXIS2_PLACEMENT_3D('',#10875,#8809,#8810);
#7282=AXIS2_PLACEMENT_3D('',#10879,#8812,#8813);
#7283=AXIS2_PLACEMENT_3D('',#10881,#8815,#8816);
#7284=AXIS2_PLACEMENT_3D('',#10884,#8817,#8818);
#7285=AXIS2_PLACEMENT_3D('',#10888,#8820,#8821);
#7286=AXIS2_PLACEMENT_3D('',#10890,#8823,#8824);
#7287=AXIS2_PLACEMENT_3D('',#10893,#8825,#8826);
#7288=AXIS2_PLACEMENT_3D('',#10897,#8828,#8829);
#7289=AXIS2_PLACEMENT_3D('',#10899,#8831,#8832);
#7290=AXIS2_PLACEMENT_3D('',#10902,#8833,#8834);
#7291=AXIS2_PLACEMENT_3D('',#10906,#8836,#8837);
#7292=AXIS2_PLACEMENT_3D('',#10908,#8839,#8840);
#7293=AXIS2_PLACEMENT_3D('',#10910,#8841,#8842);
#7294=AXIS2_PLACEMENT_3D('',#10912,#8843,#8844);
#7295=AXIS2_PLACEMENT_3D('',#10913,#8845,#8846);
#7296=AXIS2_PLACEMENT_3D('',#10914,#8847,#8848);
#7297=AXIS2_PLACEMENT_3D('',#10915,#8849,#8850);
#7298=AXIS2_PLACEMENT_3D('',#10916,#8851,#8852);
#7299=AXIS2_PLACEMENT_3D('',#10917,#8853,#8854);
#7300=AXIS2_PLACEMENT_3D('',#10918,#8855,#8856);
#7301=AXIS2_PLACEMENT_3D('',#10919,#8857,#8858);
#7302=AXIS2_PLACEMENT_3D('',#10920,#8859,#8860);
#7303=AXIS2_PLACEMENT_3D('',#10921,#8861,#8862);
#7304=AXIS2_PLACEMENT_3D('',#10922,#8863,#8864);
#7305=AXIS2_PLACEMENT_3D('',#10923,#8865,#8866);
#7306=AXIS2_PLACEMENT_3D('',#10924,#8867,#8868);
#7307=AXIS2_PLACEMENT_3D('',#10925,#8869,#8870);
#7308=AXIS2_PLACEMENT_3D('',#10926,#8871,#8872);
#7309=AXIS2_PLACEMENT_3D('',#10927,#8873,#8874);
#7310=AXIS2_PLACEMENT_3D('',#10928,#8875,#8876);
#7311=AXIS2_PLACEMENT_3D('',#10929,#8877,#8878);
#7312=AXIS2_PLACEMENT_3D('',#10930,#8879,#8880);
#7313=AXIS2_PLACEMENT_3D('',#10931,#8881,#8882);
#7314=AXIS2_PLACEMENT_3D('',#10932,#8883,#8884);
#7315=AXIS2_PLACEMENT_3D('',#10933,#8885,#8886);
#7316=AXIS2_PLACEMENT_3D('',#10934,#8887,#8888);
#7317=AXIS2_PLACEMENT_3D('',#10935,#8889,#8890);
#7318=AXIS2_PLACEMENT_3D('',#10936,#8891,#8892);
#7319=AXIS2_PLACEMENT_3D('',#10937,#8893,#8894);
#7320=AXIS2_PLACEMENT_3D('',#10938,#8895,#8896);
#7321=AXIS2_PLACEMENT_3D('',#10939,#8897,#8898);
#7322=AXIS2_PLACEMENT_3D('',#10940,#8899,#8900);
#7323=AXIS2_PLACEMENT_3D('',#10941,#8901,#8902);
#7324=AXIS2_PLACEMENT_3D('',#10942,#8903,#8904);
#7325=AXIS2_PLACEMENT_3D('',#10943,#8905,#8906);
#7326=AXIS2_PLACEMENT_3D('',#10944,#8907,#8908);
#7327=AXIS2_PLACEMENT_3D('',#10945,#8909,#8910);
#7328=AXIS2_PLACEMENT_3D('',#10946,#8911,#8912);
#7329=AXIS2_PLACEMENT_3D('',#10947,#8913,#8914);
#7330=AXIS2_PLACEMENT_3D('',#10948,#8915,#8916);
#7331=AXIS2_PLACEMENT_3D('',#10949,#8917,#8918);
#7332=AXIS2_PLACEMENT_3D('',#10950,#8919,#8920);
#7333=AXIS2_PLACEMENT_3D('',#10951,#8921,#8922);
#7334=AXIS2_PLACEMENT_3D('',#10952,#8923,#8924);
#7335=AXIS2_PLACEMENT_3D('',#10954,#8925,#8926);
#7336=AXIS2_PLACEMENT_3D('',#10956,#8928,#8929);
#7337=AXIS2_PLACEMENT_3D('',#10959,#8931,#8932);
#7338=AXIS2_PLACEMENT_3D('',#10960,#8933,#8934);
#7339=AXIS2_PLACEMENT_3D('',#10961,#8935,#8936);
#7340=AXIS2_PLACEMENT_3D('',#10962,#8937,#8938);
#7341=AXIS2_PLACEMENT_3D('',#10963,#8939,#8940);
#7342=AXIS2_PLACEMENT_3D('',#10964,#8941,#8942);
#7343=AXIS2_PLACEMENT_3D('',#10965,#8943,#8944);
#7344=AXIS2_PLACEMENT_3D('',#10966,#8945,#8946);
#7345=AXIS2_PLACEMENT_3D('',#10967,#8947,#8948);
#7346=AXIS2_PLACEMENT_3D('',#10968,#8949,#8950);
#7347=AXIS2_PLACEMENT_3D('',#10969,#8951,#8952);
#7348=AXIS2_PLACEMENT_3D('',#10970,#8953,#8954);
#7349=AXIS2_PLACEMENT_3D('',#10971,#8955,#8956);
#7350=AXIS2_PLACEMENT_3D('',#10972,#8957,#8958);
#7351=AXIS2_PLACEMENT_3D('',#10973,#8959,#8960);
#7352=AXIS2_PLACEMENT_3D('',#10974,#8961,#8962);
#7353=AXIS2_PLACEMENT_3D('',#10975,#8963,#8964);
#7354=AXIS2_PLACEMENT_3D('',#10976,#8965,#8966);
#7355=AXIS2_PLACEMENT_3D('',#10977,#8967,#8968);
#7356=AXIS2_PLACEMENT_3D('',#10978,#8969,#8970);
#7357=AXIS2_PLACEMENT_3D('',#10979,#8971,#8972);
#7358=AXIS2_PLACEMENT_3D('',#10980,#8973,#8974);
#7359=AXIS2_PLACEMENT_3D('',#10981,#8975,#8976);
#7360=AXIS2_PLACEMENT_3D('',#10982,#8977,#8978);
#7361=AXIS2_PLACEMENT_3D('',#10983,#8979,#8980);
#7362=AXIS2_PLACEMENT_3D('',#10984,#8981,#8982);
#7363=AXIS2_PLACEMENT_3D('',#10985,#8983,#8984);
#7364=AXIS2_PLACEMENT_3D('',#10986,#8985,#8986);
#7365=AXIS2_PLACEMENT_3D('',#10987,#8987,#8988);
#7366=AXIS2_PLACEMENT_3D('',#10988,#8989,#8990);
#7367=AXIS2_PLACEMENT_3D('',#10989,#8991,#8992);
#7368=AXIS2_PLACEMENT_3D('',#10990,#8993,#8994);
#7369=AXIS2_PLACEMENT_3D('',#10991,#8995,#8996);
#7370=AXIS2_PLACEMENT_3D('',#10992,#8997,#8998);
#7371=AXIS2_PLACEMENT_3D('',#10993,#8999,#9000);
#7372=AXIS2_PLACEMENT_3D('',#10994,#9001,#9002);
#7373=AXIS2_PLACEMENT_3D('',#10995,#9003,#9004);
#7374=AXIS2_PLACEMENT_3D('',#10996,#9005,#9006);
#7375=AXIS2_PLACEMENT_3D('',#10997,#9007,#9008);
#7376=AXIS2_PLACEMENT_3D('',#10998,#9009,#9010);
#7377=AXIS2_PLACEMENT_3D('',#10999,#9011,#9012);
#7378=AXIS2_PLACEMENT_3D('',#11000,#9013,#9014);
#7379=AXIS2_PLACEMENT_3D('',#11001,#9015,#9016);
#7380=AXIS2_PLACEMENT_3D('',#11002,#9017,#9018);
#7381=AXIS2_PLACEMENT_3D('',#11003,#9019,#9020);
#7382=AXIS2_PLACEMENT_3D('',#11004,#9021,#9022);
#7383=AXIS2_PLACEMENT_3D('',#11005,#9023,#9024);
#7384=AXIS2_PLACEMENT_3D('',#11006,#9025,#9026);
#7385=AXIS2_PLACEMENT_3D('',#11007,#9027,#9028);
#7386=AXIS2_PLACEMENT_3D('',#11008,#9029,#9030);
#7387=AXIS2_PLACEMENT_3D('',#11009,#9031,#9032);
#7388=AXIS2_PLACEMENT_3D('',#11010,#9033,#9034);
#7389=AXIS2_PLACEMENT_3D('',#11011,#9035,#9036);
#7390=AXIS2_PLACEMENT_3D('',#11012,#9037,#9038);
#7391=AXIS2_PLACEMENT_3D('',#11013,#9039,#9040);
#7392=AXIS2_PLACEMENT_3D('',#11014,#9041,#9042);
#7393=AXIS2_PLACEMENT_3D('',#11015,#9043,#9044);
#7394=AXIS2_PLACEMENT_3D('',#11016,#9045,#9046);
#7395=AXIS2_PLACEMENT_3D('',#11017,#9047,#9048);
#7396=AXIS2_PLACEMENT_3D('',#11018,#9049,#9050);
#7397=AXIS2_PLACEMENT_3D('',#11019,#9051,#9052);
#7398=AXIS2_PLACEMENT_3D('',#11020,#9053,#9054);
#7399=AXIS2_PLACEMENT_3D('',#11021,#9055,#9056);
#7400=AXIS2_PLACEMENT_3D('',#11022,#9057,#9058);
#7401=AXIS2_PLACEMENT_3D('',#11023,#9059,#9060);
#7402=AXIS2_PLACEMENT_3D('',#11024,#9061,#9062);
#7403=AXIS2_PLACEMENT_3D('',#11025,#9063,#9064);
#7404=AXIS2_PLACEMENT_3D('',#11026,#9065,#9066);
#7405=AXIS2_PLACEMENT_3D('',#11027,#9067,#9068);
#7406=AXIS2_PLACEMENT_3D('',#11028,#9069,#9070);
#7407=AXIS2_PLACEMENT_3D('',#11029,#9071,#9072);
#7408=AXIS2_PLACEMENT_3D('',#11030,#9073,#9074);
#7409=AXIS2_PLACEMENT_3D('',#11031,#9075,#9076);
#7410=AXIS2_PLACEMENT_3D('',#11032,#9077,#9078);
#7411=AXIS2_PLACEMENT_3D('',#11033,#9079,#9080);
#7412=AXIS2_PLACEMENT_3D('',#11034,#9081,#9082);
#7413=AXIS2_PLACEMENT_3D('',#11035,#9083,#9084);
#7414=AXIS2_PLACEMENT_3D('',#11036,#9085,#9086);
#7415=AXIS2_PLACEMENT_3D('',#11037,#9087,#9088);
#7416=AXIS2_PLACEMENT_3D('',#11038,#9089,#9090);
#7417=AXIS2_PLACEMENT_3D('',#11039,#9091,#9092);
#7418=AXIS2_PLACEMENT_3D('',#11041,#9093,#9094);
#7419=AXIS2_PLACEMENT_3D('',#11044,#9096,#9097);
#7420=AXIS2_PLACEMENT_3D('',#11045,#9098,#9099);
#7421=AXIS2_PLACEMENT_3D('',#11046,#9100,#9101);
#7422=AXIS2_PLACEMENT_3D('',#11047,#9102,#9103);
#7423=AXIS2_PLACEMENT_3D('',#11049,#9104,#9105);
#7424=AXIS2_PLACEMENT_3D('',#11052,#9107,#9108);
#7425=AXIS2_PLACEMENT_3D('',#11053,#9109,#9110);
#7426=AXIS2_PLACEMENT_3D('',#11054,#9111,#9112);
#7427=AXIS2_PLACEMENT_3D('',#11055,#9113,#9114);
#7428=AXIS2_PLACEMENT_3D('',#11057,#9115,#9116);
#7429=AXIS2_PLACEMENT_3D('',#11060,#9118,#9119);
#7430=AXIS2_PLACEMENT_3D('',#11061,#9120,#9121);
#7431=AXIS2_PLACEMENT_3D('',#11062,#9122,#9123);
#7432=AXIS2_PLACEMENT_3D('',#11063,#9124,#9125);
#7433=AXIS2_PLACEMENT_3D('',#11064,#9126,#9127);
#7434=AXIS2_PLACEMENT_3D('',#11065,#9128,#9129);
#7435=AXIS2_PLACEMENT_3D('',#11066,#9130,#9131);
#7436=AXIS2_PLACEMENT_3D('',#11067,#9132,#9133);
#7437=AXIS2_PLACEMENT_3D('',#11069,#9134,#9135);
#7438=AXIS2_PLACEMENT_3D('',#11072,#9137,#9138);
#7439=AXIS2_PLACEMENT_3D('',#11073,#9139,#9140);
#7440=AXIS2_PLACEMENT_3D('',#11074,#9141,#9142);
#7441=AXIS2_PLACEMENT_3D('',#11075,#9143,#9144);
#7442=AXIS2_PLACEMENT_3D('',#11076,#9145,#9146);
#7443=AXIS2_PLACEMENT_3D('',#11077,#9147,#9148);
#7444=AXIS2_PLACEMENT_3D('',#11086,#9153,#9154);
#7445=AXIS2_PLACEMENT_3D('',#11092,#9158,#9159);
#7446=AXIS2_PLACEMENT_3D('',#11098,#9163,#9164);
#7447=AXIS2_PLACEMENT_3D('',#11101,#9167,#9168);
#7448=AXIS2_PLACEMENT_3D('',#11102,#9169,#9170);
#7449=AXIS2_PLACEMENT_3D('',#11111,#9175,#9176);
#7450=AXIS2_PLACEMENT_3D('',#11117,#9180,#9181);
#7451=AXIS2_PLACEMENT_3D('',#11123,#9185,#9186);
#7452=AXIS2_PLACEMENT_3D('',#11125,#9188,#9189);
#7453=AXIS2_PLACEMENT_3D('',#11134,#9194,#9195);
#7454=AXIS2_PLACEMENT_3D('',#11140,#9199,#9200);
#7455=AXIS2_PLACEMENT_3D('',#11146,#9204,#9205);
#7456=AXIS2_PLACEMENT_3D('',#11148,#9207,#9208);
#7457=AXIS2_PLACEMENT_3D('',#11159,#9215,#9216);
#7458=AXIS2_PLACEMENT_3D('',#11165,#9220,#9221);
#7459=AXIS2_PLACEMENT_3D('',#11171,#9225,#9226);
#7460=AXIS2_PLACEMENT_3D('',#11174,#9229,#9230);
#7461=AXIS2_PLACEMENT_3D('',#11175,#9231,#9232);
#7462=AXIS2_PLACEMENT_3D('',#11176,#9233,#9234);
#7463=AXIS2_PLACEMENT_3D('',#11177,#9235,#9236);
#7464=AXIS2_PLACEMENT_3D('',#11186,#9241,#9242);
#7465=AXIS2_PLACEMENT_3D('',#11192,#9246,#9247);
#7466=AXIS2_PLACEMENT_3D('',#11198,#9251,#9252);
#7467=AXIS2_PLACEMENT_3D('',#11204,#9256,#9257);
#7468=AXIS2_PLACEMENT_3D('',#11210,#9261,#9262);
#7469=AXIS2_PLACEMENT_3D('',#11232,#9274,#9275);
#7470=AXIS2_PLACEMENT_3D('',#11234,#9276,#9277);
#7471=AXIS2_PLACEMENT_3D('',#11237,#9279,#9280);
#7472=AXIS2_PLACEMENT_3D('',#11238,#9281,#9282);
#7473=AXIS2_PLACEMENT_3D('',#11240,#9283,#9284);
#7474=AXIS2_PLACEMENT_3D('',#11243,#9286,#9287);
#7475=AXIS2_PLACEMENT_3D('',#11244,#9288,#9289);
#7476=AXIS2_PLACEMENT_3D('',#11245,#9290,#9291);
#7477=AXIS2_PLACEMENT_3D('',#11268,#9303,#9304);
#7478=AXIS2_PLACEMENT_3D('',#11270,#9305,#9306);
#7479=AXIS2_PLACEMENT_3D('',#11272,#9307,#9308);
#7480=AXIS2_PLACEMENT_3D('',#11273,#9309,#9310);
#7481=AXIS2_PLACEMENT_3D('',#11275,#9311,#9312);
#7482=AXIS2_PLACEMENT_3D('',#11278,#9314,#9315);
#7483=AXIS2_PLACEMENT_3D('',#11279,#9316,#9317);
#7484=AXIS2_PLACEMENT_3D('',#11281,#9318,#9319);
#7485=AXIS2_PLACEMENT_3D('',#11283,#9321,#9322);
#7486=AXIS2_PLACEMENT_3D('',#11284,#9323,#9324);
#7487=AXIS2_PLACEMENT_3D('',#11285,#9325,#9326);
#7488=AXIS2_PLACEMENT_3D('',#11287,#9327,#9328);
#7489=AXIS2_PLACEMENT_3D('',#11290,#9330,#9331);
#7490=AXIS2_PLACEMENT_3D('',#11291,#9332,#9333);
#7491=AXIS2_PLACEMENT_3D('',#11293,#9334,#9335);
#7492=AXIS2_PLACEMENT_3D('',#11295,#9337,#9338);
#7493=AXIS2_PLACEMENT_3D('',#11296,#9339,#9340);
#7494=AXIS2_PLACEMENT_3D('',#11297,#9341,#9342);
#7495=AXIS2_PLACEMENT_3D('',#11299,#9343,#9344);
#7496=AXIS2_PLACEMENT_3D('',#11302,#9346,#9347);
#7497=AXIS2_PLACEMENT_3D('',#11303,#9348,#9349);
#7498=AXIS2_PLACEMENT_3D('',#11305,#9350,#9351);
#7499=AXIS2_PLACEMENT_3D('',#11307,#9353,#9354);
#7500=AXIS2_PLACEMENT_3D('',#11308,#9355,#9356);
#7501=AXIS2_PLACEMENT_3D('',#11309,#9357,#9358);
#7502=AXIS2_PLACEMENT_3D('',#11312,#9361,#9362);
#7503=AXIS2_PLACEMENT_3D('',#11314,#9364,#9365);
#7504=AXIS2_PLACEMENT_3D('',#11316,#9367,#9368);
#7505=AXIS2_PLACEMENT_3D('',#11318,#9370,#9371);
#7506=AXIS2_PLACEMENT_3D('',#11320,#9373,#9374);
#7507=AXIS2_PLACEMENT_3D('',#11322,#9376,#9377);
#7508=AXIS2_PLACEMENT_3D('',#11324,#9379,#9380);
#7509=AXIS2_PLACEMENT_3D('',#11326,#9382,#9383);
#7510=AXIS2_PLACEMENT_3D('',#11328,#9385,#9386);
#7511=AXIS2_PLACEMENT_3D('',#11329,#9387,#9388);
#7512=AXIS2_PLACEMENT_3D('',#11330,#9389,#9390);
#7513=AXIS2_PLACEMENT_3D('',#11331,#9391,#9392);
#7514=AXIS2_PLACEMENT_3D('',#11332,#9393,#9394);
#7515=AXIS2_PLACEMENT_3D('',#11341,#9399,#9400);
#7516=AXIS2_PLACEMENT_3D('',#11347,#9404,#9405);
#7517=AXIS2_PLACEMENT_3D('',#11353,#9409,#9410);
#7518=AXIS2_PLACEMENT_3D('',#11356,#9413,#9414);
#7519=AXIS2_PLACEMENT_3D('',#11357,#9415,#9416);
#7520=AXIS2_PLACEMENT_3D('',#11366,#9421,#9422);
#7521=AXIS2_PLACEMENT_3D('',#11372,#9426,#9427);
#7522=AXIS2_PLACEMENT_3D('',#11378,#9431,#9432);
#7523=AXIS2_PLACEMENT_3D('',#11380,#9434,#9435);
#7524=AXIS2_PLACEMENT_3D('',#11389,#9440,#9441);
#7525=AXIS2_PLACEMENT_3D('',#11395,#9445,#9446);
#7526=AXIS2_PLACEMENT_3D('',#11401,#9450,#9451);
#7527=AXIS2_PLACEMENT_3D('',#11403,#9453,#9454);
#7528=AXIS2_PLACEMENT_3D('',#11414,#9461,#9462);
#7529=AXIS2_PLACEMENT_3D('',#11420,#9466,#9467);
#7530=AXIS2_PLACEMENT_3D('',#11426,#9471,#9472);
#7531=AXIS2_PLACEMENT_3D('',#11429,#9475,#9476);
#7532=AXIS2_PLACEMENT_3D('',#11430,#9477,#9478);
#7533=AXIS2_PLACEMENT_3D('',#11431,#9479,#9480);
#7534=AXIS2_PLACEMENT_3D('',#11432,#9481,#9482);
#7535=AXIS2_PLACEMENT_3D('',#11441,#9487,#9488);
#7536=AXIS2_PLACEMENT_3D('',#11447,#9492,#9493);
#7537=AXIS2_PLACEMENT_3D('',#11453,#9497,#9498);
#7538=AXIS2_PLACEMENT_3D('',#11456,#9501,#9502);
#7539=AXIS2_PLACEMENT_3D('',#11457,#9503,#9504);
#7540=AXIS2_PLACEMENT_3D('',#11458,#9505,#9506);
#7541=AXIS2_PLACEMENT_3D('',#11459,#9507,#9508);
#7542=AXIS2_PLACEMENT_3D('',#11462,#9509,#9510);
#7543=AXIS2_PLACEMENT_3D('',#11466,#9512,#9513);
#7544=AXIS2_PLACEMENT_3D('',#11468,#9515,#9516);
#7545=AXIS2_PLACEMENT_3D('',#11474,#9520,#9521);
#7546=AXIS2_PLACEMENT_3D('',#11478,#9524,#9525);
#7547=AXIS2_PLACEMENT_3D('',#11482,#9528,#9529);
#7548=AXIS2_PLACEMENT_3D('',#11484,#9531,#9532);
#7549=AXIS2_PLACEMENT_3D('',#11485,#9533,#9534);
#7550=AXIS2_PLACEMENT_3D('',#11486,#9535,#9536);
#7551=AXIS2_PLACEMENT_3D('',#11487,#9537,#9538);
#7552=AXIS2_PLACEMENT_3D('',#11488,#9539,#9540);
#7553=AXIS2_PLACEMENT_3D('',#11489,#9541,#9542);
#7554=AXIS2_PLACEMENT_3D('',#11490,#9543,#9544);
#7555=AXIS2_PLACEMENT_3D('',#11491,#9545,#9546);
#7556=AXIS2_PLACEMENT_3D('',#11492,#9547,#9548);
#7557=AXIS2_PLACEMENT_3D('',#11493,#9549,#9550);
#7558=AXIS2_PLACEMENT_3D('',#11494,#9551,#9552);
#7559=AXIS2_PLACEMENT_3D('',#11495,#9553,#9554);
#7560=AXIS2_PLACEMENT_3D('',#11496,#9555,#9556);
#7561=DIRECTION('axis',(0.,0.,1.));
#7562=DIRECTION('refdir',(1.,0.,0.));
#7563=DIRECTION('axis',(0.,0.,1.));
#7564=DIRECTION('refdir',(1.,0.,0.));
#7565=DIRECTION('center_axis',(0.,0.,1.));
#7566=DIRECTION('ref_axis',(1.,0.,0.));
#7567=DIRECTION('',(1.,0.,0.));
#7568=DIRECTION('center_axis',(0.,0.,1.));
#7569=DIRECTION('ref_axis',(1.,0.,0.));
#7570=DIRECTION('center_axis',(0.,1.,0.));
#7571=DIRECTION('ref_axis',(1.,0.,0.));
#7572=DIRECTION('',(0.,0.,1.));
#7573=DIRECTION('',(1.,0.,0.));
#7574=DIRECTION('',(0.,0.,-1.));
#7575=DIRECTION('center_axis',(0.,0.,1.));
#7576=DIRECTION('ref_axis',(6.12323399573677E-17,1.,0.));
#7577=DIRECTION('center_axis',(0.,0.,-1.));
#7578=DIRECTION('ref_axis',(1.,0.,0.));
#7579=DIRECTION('center_axis',(0.707106781186547,-0.707106781186548,0.));
#7580=DIRECTION('ref_axis',(0.,0.,-1.));
#7581=DIRECTION('',(0.707106781186548,0.707106781186547,0.));
#7582=DIRECTION('',(0.,0.,1.));
#7583=DIRECTION('',(-0.707106781186548,-0.707106781186547,0.));
#7584=DIRECTION('',(0.,0.,-1.));
#7585=DIRECTION('center_axis',(1.,0.,0.));
#7586=DIRECTION('ref_axis',(0.,-1.,0.));
#7587=DIRECTION('',(0.,-1.,0.));
#7588=DIRECTION('',(0.,0.,-1.));
#7589=DIRECTION('',(0.,1.,0.));
#7590=DIRECTION('center_axis',(0.,0.,1.));
#7591=DIRECTION('ref_axis',(1.,0.,0.));
#7592=DIRECTION('',(-1.,0.,0.));
#7593=DIRECTION('',(0.707106781186547,-0.707106781186548,0.));
#7594=DIRECTION('',(6.97854472621527E-16,1.,0.));
#7595=DIRECTION('',(-0.707106781186548,-0.707106781186547,0.));
#7596=DIRECTION('',(1.,0.,0.));
#7597=DIRECTION('',(-0.707106781186547,0.707106781186547,0.));
#7598=DIRECTION('center_axis',(0.,0.,1.));
#7599=DIRECTION('ref_axis',(1.,0.,0.));
#7600=DIRECTION('',(0.,1.,0.));
#7601=DIRECTION('center_axis',(0.,0.,1.));
#7602=DIRECTION('ref_axis',(0.,1.,0.));
#7603=DIRECTION('',(-1.,0.,0.));
#7604=DIRECTION('center_axis',(0.,0.,1.));
#7605=DIRECTION('ref_axis',(-1.,0.,0.));
#7606=DIRECTION('',(0.,-1.,0.));
#7607=DIRECTION('center_axis',(0.,0.,1.));
#7608=DIRECTION('ref_axis',(0.,-1.,0.));
#7609=DIRECTION('',(1.,-9.69627095742495E-17,0.));
#7610=DIRECTION('center_axis',(-0.707106781186548,-0.707106781186547,0.));
#7611=DIRECTION('ref_axis',(0.,0.,1.));
#7612=DIRECTION('',(0.,0.,1.));
#7613=DIRECTION('',(-0.707106781186547,0.707106781186548,0.));
#7614=DIRECTION('',(0.,0.,-1.));
#7615=DIRECTION('center_axis',(-1.,6.97854472621527E-16,0.));
#7616=DIRECTION('ref_axis',(6.97854472621527E-16,1.,0.));
#7617=DIRECTION('',(-6.97854472621527E-16,-1.,0.));
#7618=DIRECTION('',(0.,0.,1.));
#7619=DIRECTION('center_axis',(-0.707106781186547,0.707106781186548,0.));
#7620=DIRECTION('ref_axis',(0.,0.,1.));
#7621=DIRECTION('',(0.707106781186548,0.707106781186547,0.));
#7622=DIRECTION('',(0.,0.,-1.));
#7623=DIRECTION('center_axis',(0.707106781186548,0.707106781186548,0.));
#7624=DIRECTION('ref_axis',(0.,0.,-1.));
#7625=DIRECTION('',(0.,0.,1.));
#7626=DIRECTION('',(0.707106781186547,-0.707106781186547,0.));
#7627=DIRECTION('center_axis',(0.,0.,1.));
#7628=DIRECTION('ref_axis',(1.,0.,0.));
#7629=DIRECTION('center_axis',(0.,0.,1.));
#7630=DIRECTION('ref_axis',(1.,0.,0.));
#7631=DIRECTION('',(0.,0.,-1.));
#7632=DIRECTION('center_axis',(0.,0.,-1.));
#7633=DIRECTION('ref_axis',(1.,0.,0.));
#7634=DIRECTION('center_axis',(0.,0.,1.));
#7635=DIRECTION('ref_axis',(1.,0.,0.));
#7636=DIRECTION('center_axis',(0.,1.,0.));
#7637=DIRECTION('ref_axis',(1.,0.,0.));
#7638=DIRECTION('',(-1.,0.,0.));
#7639=DIRECTION('center_axis',(0.,-1.,0.));
#7640=DIRECTION('ref_axis',(-1.,0.,0.));
#7641=DIRECTION('',(1.,0.,0.));
#7642=DIRECTION('center_axis',(0.,0.,1.));
#7643=DIRECTION('ref_axis',(1.,0.,0.));
#7644=DIRECTION('center_axis',(0.,0.,-1.));
#7645=DIRECTION('ref_axis',(1.,0.,0.));
#7646=DIRECTION('center_axis',(0.,0.,-1.));
#7647=DIRECTION('ref_axis',(1.,0.,0.));
#7648=DIRECTION('center_axis',(0.,0.,-1.));
#7649=DIRECTION('ref_axis',(1.,0.,0.));
#7650=DIRECTION('center_axis',(0.,0.,-1.));
#7651=DIRECTION('ref_axis',(1.,0.,0.));
#7652=DIRECTION('center_axis',(0.,0.,-1.));
#7653=DIRECTION('ref_axis',(-1.,0.,0.));
#7654=DIRECTION('',(0.,0.,-1.));
#7655=DIRECTION('center_axis',(0.,0.,-1.));
#7656=DIRECTION('ref_axis',(-1.,0.,0.));
#7657=DIRECTION('',(0.,0.,-1.));
#7658=DIRECTION('center_axis',(0.,1.,0.));
#7659=DIRECTION('ref_axis',(1.,0.,0.));
#7660=DIRECTION('',(0.,0.,-1.));
#7661=DIRECTION('',(1.,0.,0.));
#7662=DIRECTION('center_axis',(0.,0.,-1.));
#7663=DIRECTION('ref_axis',(0.,1.,0.));
#7664=DIRECTION('',(0.,0.,-1.));
#7665=DIRECTION('center_axis',(0.,0.,-1.));
#7666=DIRECTION('ref_axis',(0.,1.,0.));
#7667=DIRECTION('center_axis',(1.,0.,0.));
#7668=DIRECTION('ref_axis',(0.,-1.,0.));
#7669=DIRECTION('',(0.,0.,-1.));
#7670=DIRECTION('',(0.,-1.,0.));
#7671=DIRECTION('center_axis',(-0.707106781186548,-0.707106781186548,0.));
#7672=DIRECTION('ref_axis',(0.,0.,1.));
#7673=DIRECTION('',(-0.707106781186547,0.707106781186547,0.));
#7674=DIRECTION('',(0.,0.,-1.));
#7675=DIRECTION('',(0.707106781186547,-0.707106781186547,0.));
#7676=DIRECTION('',(0.,0.,1.));
#7677=DIRECTION('center_axis',(0.,0.,1.));
#7678=DIRECTION('ref_axis',(1.,0.,0.));
#7679=DIRECTION('',(1.,0.,0.));
#7680=DIRECTION('',(-0.707106781186547,-0.707106781186547,0.));
#7681=DIRECTION('',(-6.34413156928661E-17,1.,0.));
#7682=DIRECTION('',(0.707106781186547,-0.707106781186547,0.));
#7683=DIRECTION('',(-1.,0.,0.));
#7684=DIRECTION('',(0.707106781186547,0.707106781186547,0.));
#7685=DIRECTION('',(0.,-1.,0.));
#7686=DIRECTION('center_axis',(0.,0.,-1.));
#7687=DIRECTION('ref_axis',(1.,0.,0.));
#7688=DIRECTION('',(-1.,9.69627095742495E-17,0.));
#7689=DIRECTION('center_axis',(0.,0.,-1.));
#7690=DIRECTION('ref_axis',(0.,-1.,0.));
#7691=DIRECTION('',(0.,1.,0.));
#7692=DIRECTION('center_axis',(0.,-1.,0.));
#7693=DIRECTION('ref_axis',(1.,0.,0.));
#7694=DIRECTION('',(-1.,0.,0.));
#7695=DIRECTION('',(0.,0.,-1.));
#7696=DIRECTION('center_axis',(0.707106781186548,-0.707106781186548,0.));
#7697=DIRECTION('ref_axis',(0.,0.,-1.));
#7698=DIRECTION('',(0.707106781186547,0.707106781186547,0.));
#7699=DIRECTION('',(0.,0.,1.));
#7700=DIRECTION('center_axis',(-0.707106781186548,0.707106781186548,0.));
#7701=DIRECTION('ref_axis',(0.,0.,1.));
#7702=DIRECTION('',(0.,0.,-1.));
#7703=DIRECTION('',(-0.707106781186547,-0.707106781186547,0.));
#7704=DIRECTION('',(0.,0.,1.));
#7705=DIRECTION('center_axis',(0.,1.,0.));
#7706=DIRECTION('ref_axis',(-1.,0.,0.));
#7707=DIRECTION('',(0.,0.,1.));
#7708=DIRECTION('',(1.,0.,0.));
#7709=DIRECTION('center_axis',(0.707106781186548,0.707106781186548,0.));
#7710=DIRECTION('ref_axis',(0.,0.,-1.));
#7711=DIRECTION('',(0.,0.,-1.));
#7712=DIRECTION('',(-0.707106781186547,0.707106781186547,0.));
#7713=DIRECTION('center_axis',(1.,6.34413156928661E-17,0.));
#7714=DIRECTION('ref_axis',(-6.34413156928661E-17,1.,0.));
#7715=DIRECTION('',(6.34413156928661E-17,-1.,0.));
#7716=DIRECTION('center_axis',(0.,0.,1.));
#7717=DIRECTION('ref_axis',(1.,0.,0.));
#7718=DIRECTION('center_axis',(0.,0.,1.));
#7719=DIRECTION('ref_axis',(-1.,0.,0.));
#7720=DIRECTION('center_axis',(0.,0.,1.));
#7721=DIRECTION('ref_axis',(1.,0.,0.));
#7722=DIRECTION('center_axis',(0.,0.,1.));
#7723=DIRECTION('ref_axis',(-1.,0.,0.));
#7724=DIRECTION('center_axis',(0.,0.,1.));
#7725=DIRECTION('ref_axis',(1.,0.,0.));
#7726=DIRECTION('center_axis',(0.,0.,1.));
#7727=DIRECTION('ref_axis',(-1.,0.,0.));
#7728=DIRECTION('center_axis',(0.,0.,1.));
#7729=DIRECTION('ref_axis',(1.,0.,0.));
#7730=DIRECTION('center_axis',(0.,0.,1.));
#7731=DIRECTION('ref_axis',(-1.,0.,0.));
#7732=DIRECTION('center_axis',(-1.,0.,0.));
#7733=DIRECTION('ref_axis',(0.,-1.,0.));
#7734=DIRECTION('',(0.,1.,0.));
#7735=DIRECTION('center_axis',(0.,0.,1.));
#7736=DIRECTION('ref_axis',(1.,0.,0.));
#7737=DIRECTION('center_axis',(0.,0.,-1.));
#7738=DIRECTION('ref_axis',(1.,0.,0.));
#7739=DIRECTION('',(0.,0.,-1.));
#7740=DIRECTION('center_axis',(-1.,0.,0.));
#7741=DIRECTION('ref_axis',(0.,1.,0.));
#7742=DIRECTION('',(0.,0.,-1.));
#7743=DIRECTION('center_axis',(0.,0.,-1.));
#7744=DIRECTION('ref_axis',(0.,-1.,0.));
#7745=DIRECTION('',(0.,0.,-1.));
#7746=DIRECTION('center_axis',(-9.69627095742495E-17,-1.,0.));
#7747=DIRECTION('ref_axis',(-1.,9.69627095742495E-17,0.));
#7748=DIRECTION('center_axis',(0.,0.,-1.));
#7749=DIRECTION('ref_axis',(1.,0.,0.));
#7750=DIRECTION('',(0.,0.,-1.));
#7751=DIRECTION('center_axis',(0.,0.,-1.));
#7752=DIRECTION('ref_axis',(1.,0.,0.));
#7753=DIRECTION('',(0.,0.,-1.));
#7754=DIRECTION('center_axis',(0.,0.,-1.));
#7755=DIRECTION('ref_axis',(1.,0.,0.));
#7756=DIRECTION('',(0.,0.,-1.));
#7757=DIRECTION('center_axis',(0.,0.,-1.));
#7758=DIRECTION('ref_axis',(1.,0.,0.));
#7759=DIRECTION('',(0.,0.,-1.));
#7760=DIRECTION('axis',(0.,0.,1.));
#7761=DIRECTION('refdir',(1.,0.,0.));
#7762=DIRECTION('axis',(0.,0.,1.));
#7763=DIRECTION('refdir',(1.,0.,0.));
#7764=DIRECTION('center_axis',(0.,0.,1.));
#7765=DIRECTION('ref_axis',(0.,-1.,0.));
#7766=DIRECTION('',(0.,-1.,0.));
#7767=DIRECTION('',(1.,0.,0.));
#7768=DIRECTION('',(0.,1.,0.));
#7769=DIRECTION('',(1.,0.,0.));
#7770=DIRECTION('center_axis',(0.,-1.,0.));
#7771=DIRECTION('ref_axis',(0.,0.,-1.));
#7772=DIRECTION('',(0.,0.,-1.));
#7773=DIRECTION('',(-1.,0.,0.));
#7774=DIRECTION('',(0.,0.,1.));
#7775=DIRECTION('center_axis',(0.,1.,0.));
#7776=DIRECTION('ref_axis',(0.,0.,1.));
#7777=DIRECTION('',(0.,0.,1.));
#7778=DIRECTION('',(1.,0.,0.));
#7779=DIRECTION('',(0.,0.,-1.));
#7780=DIRECTION('',(1.,0.,0.));
#7781=DIRECTION('center_axis',(0.,0.,1.));
#7782=DIRECTION('ref_axis',(0.,-1.,0.));
#7783=DIRECTION('',(0.,-1.,0.));
#7784=DIRECTION('',(1.,0.,0.));
#7785=DIRECTION('',(0.,1.,0.));
#7786=DIRECTION('center_axis',(0.,1.,0.));
#7787=DIRECTION('ref_axis',(0.,0.,1.));
#7788=DIRECTION('',(0.,0.,1.));
#7789=DIRECTION('',(1.,0.,0.));
#7790=DIRECTION('',(0.,0.,-1.));
#7791=DIRECTION('center_axis',(0.,0.,-1.));
#7792=DIRECTION('ref_axis',(0.,1.,0.));
#7793=DIRECTION('',(0.,1.,0.));
#7794=DIRECTION('',(1.,0.,0.));
#7795=DIRECTION('',(0.,-1.,0.));
#7796=DIRECTION('center_axis',(0.,-1.,0.));
#7797=DIRECTION('ref_axis',(0.,0.,-1.));
#7798=DIRECTION('',(0.,0.,-1.));
#7799=DIRECTION('',(0.,0.,1.));
#7800=DIRECTION('center_axis',(0.,0.,1.));
#7801=DIRECTION('ref_axis',(0.,-1.,0.));
#7802=DIRECTION('',(0.,-1.,0.));
#7803=DIRECTION('',(1.,0.,0.));
#7804=DIRECTION('',(0.,1.,0.));
#7805=DIRECTION('',(1.,0.,0.));
#7806=DIRECTION('center_axis',(0.,1.,0.));
#7807=DIRECTION('ref_axis',(0.,0.,1.));
#7808=DIRECTION('',(0.,0.,1.));
#7809=DIRECTION('',(1.,0.,0.));
#7810=DIRECTION('',(0.,0.,-1.));
#7811=DIRECTION('center_axis',(0.,-6.27244646680879E-17,-1.));
#7812=DIRECTION('ref_axis',(0.,1.,-6.27244646680879E-17));
#7813=DIRECTION('',(0.,1.,-6.27244646680879E-17));
#7814=DIRECTION('',(1.,0.,0.));
#7815=DIRECTION('',(0.,-1.,6.27244646680879E-17));
#7816=DIRECTION('center_axis',(0.,-1.,0.));
#7817=DIRECTION('ref_axis',(0.,0.,-1.));
#7818=DIRECTION('',(0.,0.,-1.));
#7819=DIRECTION('',(1.,0.,0.));
#7820=DIRECTION('',(0.,0.,1.));
#7821=DIRECTION('center_axis',(0.,0.,1.));
#7822=DIRECTION('ref_axis',(0.,-1.,0.));
#7823=DIRECTION('',(0.,-1.,0.));
#7824=DIRECTION('',(1.,0.,0.));
#7825=DIRECTION('',(0.,1.,0.));
#7826=DIRECTION('center_axis',(0.,-1.,0.));
#7827=DIRECTION('ref_axis',(0.,0.,-1.));
#7828=DIRECTION('',(0.,0.,-1.));
#7829=DIRECTION('',(-1.,0.,0.));
#7830=DIRECTION('',(0.,0.,1.));
#7831=DIRECTION('center_axis',(0.,1.,0.));
#7832=DIRECTION('ref_axis',(0.,0.,1.));
#7833=DIRECTION('',(0.,0.,1.));
#7834=DIRECTION('',(0.,0.,-1.));
#7835=DIRECTION('',(1.,0.,0.));
#7836=DIRECTION('center_axis',(1.,0.,0.));
#7837=DIRECTION('ref_axis',(0.,1.,0.));
#7838=DIRECTION('',(0.,1.,0.));
#7839=DIRECTION('',(0.,0.,1.));
#7840=DIRECTION('',(0.,1.,0.));
#7841=DIRECTION('',(0.,0.,1.));
#7842=DIRECTION('',(0.,1.,0.));
#7843=DIRECTION('',(0.,1.,0.));
#7844=DIRECTION('center_axis',(0.,0.,1.));
#7845=DIRECTION('ref_axis',(1.,0.,0.));
#7846=DIRECTION('',(-1.,0.,0.));
#7847=DIRECTION('',(0.,-1.,0.));
#7848=DIRECTION('center_axis',(0.,0.,-1.));
#7849=DIRECTION('ref_axis',(-1.,0.,0.));
#7850=DIRECTION('center_axis',(0.,0.,-1.));
#7851=DIRECTION('ref_axis',(-1.,0.,0.));
#7852=DIRECTION('center_axis',(0.,0.,1.));
#7853=DIRECTION('ref_axis',(1.,0.,0.));
#7854=DIRECTION('',(0.,-1.,0.));
#7855=DIRECTION('',(1.,0.,0.));
#7856=DIRECTION('center_axis',(0.,0.,-1.));
#7857=DIRECTION('ref_axis',(-1.,0.,0.));
#7858=DIRECTION('center_axis',(0.,0.,-1.));
#7859=DIRECTION('ref_axis',(-1.,0.,0.));
#7860=DIRECTION('center_axis',(0.,0.,1.));
#7861=DIRECTION('ref_axis',(-1.,0.,0.));
#7862=DIRECTION('center_axis',(0.,0.,-1.));
#7863=DIRECTION('ref_axis',(-1.,0.,0.));
#7864=DIRECTION('',(0.,0.,-1.));
#7865=DIRECTION('center_axis',(0.,0.,1.));
#7866=DIRECTION('ref_axis',(-1.,0.,0.));
#7867=DIRECTION('center_axis',(0.,0.,1.));
#7868=DIRECTION('ref_axis',(-1.,0.,0.));
#7869=DIRECTION('center_axis',(0.,0.,1.));
#7870=DIRECTION('ref_axis',(-1.,0.,0.));
#7871=DIRECTION('',(0.,0.,-1.));
#7872=DIRECTION('center_axis',(0.,0.,1.));
#7873=DIRECTION('ref_axis',(-1.,0.,0.));
#7874=DIRECTION('center_axis',(0.,0.,1.));
#7875=DIRECTION('ref_axis',(1.,0.,0.));
#7876=DIRECTION('',(0.,-1.,0.));
#7877=DIRECTION('center_axis',(0.,0.,1.));
#7878=DIRECTION('ref_axis',(-1.,0.,0.));
#7879=DIRECTION('center_axis',(0.,0.,-1.));
#7880=DIRECTION('ref_axis',(-1.,0.,0.));
#7881=DIRECTION('',(0.,0.,-1.));
#7882=DIRECTION('center_axis',(0.,0.,1.));
#7883=DIRECTION('ref_axis',(-1.,0.,0.));
#7884=DIRECTION('center_axis',(0.,0.,1.));
#7885=DIRECTION('ref_axis',(-1.,0.,0.));
#7886=DIRECTION('center_axis',(0.,0.,1.));
#7887=DIRECTION('ref_axis',(-1.,0.,0.));
#7888=DIRECTION('',(0.,0.,-1.));
#7889=DIRECTION('center_axis',(0.,0.,1.));
#7890=DIRECTION('ref_axis',(-1.,0.,0.));
#7891=DIRECTION('center_axis',(0.,0.,1.));
#7892=DIRECTION('ref_axis',(1.,0.,0.));
#7893=DIRECTION('center_axis',(0.,0.,1.));
#7894=DIRECTION('ref_axis',(-1.,0.,0.));
#7895=DIRECTION('center_axis',(0.,0.,-1.));
#7896=DIRECTION('ref_axis',(-1.,0.,0.));
#7897=DIRECTION('',(0.,0.,-1.));
#7898=DIRECTION('center_axis',(0.,0.,1.));
#7899=DIRECTION('ref_axis',(-1.,0.,0.));
#7900=DIRECTION('center_axis',(0.,0.,1.));
#7901=DIRECTION('ref_axis',(-1.,0.,0.));
#7902=DIRECTION('center_axis',(0.,0.,1.));
#7903=DIRECTION('ref_axis',(-1.,0.,0.));
#7904=DIRECTION('',(0.,0.,-1.));
#7905=DIRECTION('center_axis',(0.,0.,1.));
#7906=DIRECTION('ref_axis',(-1.,0.,0.));
#7907=DIRECTION('center_axis',(0.,0.,1.));
#7908=DIRECTION('ref_axis',(1.,0.,0.));
#7909=DIRECTION('center_axis',(0.,0.,1.));
#7910=DIRECTION('ref_axis',(-1.,0.,0.));
#7911=DIRECTION('center_axis',(0.,0.,-1.));
#7912=DIRECTION('ref_axis',(-1.,0.,0.));
#7913=DIRECTION('',(0.,0.,-1.));
#7914=DIRECTION('center_axis',(0.,0.,1.));
#7915=DIRECTION('ref_axis',(-1.,0.,0.));
#7916=DIRECTION('center_axis',(0.,0.,1.));
#7917=DIRECTION('ref_axis',(-1.,0.,0.));
#7918=DIRECTION('center_axis',(0.,0.,1.));
#7919=DIRECTION('ref_axis',(-1.,0.,0.));
#7920=DIRECTION('',(0.,0.,-1.));
#7921=DIRECTION('center_axis',(0.,0.,1.));
#7922=DIRECTION('ref_axis',(-1.,0.,0.));
#7923=DIRECTION('center_axis',(0.,0.,1.));
#7924=DIRECTION('ref_axis',(1.,0.,0.));
#7925=DIRECTION('center_axis',(0.,0.,1.));
#7926=DIRECTION('ref_axis',(1.,0.,0.));
#7927=DIRECTION('center_axis',(-1.,0.,0.));
#7928=DIRECTION('ref_axis',(0.,-1.,0.));
#7929=DIRECTION('',(0.,0.,1.));
#7930=DIRECTION('',(0.,-1.,0.));
#7931=DIRECTION('',(0.,0.,1.));
#7932=DIRECTION('center_axis',(1.,0.,0.));
#7933=DIRECTION('ref_axis',(0.,-1.,0.));
#7934=DIRECTION('center_axis',(1.,0.,0.));
#7935=DIRECTION('ref_axis',(0.,-1.,0.));
#7936=DIRECTION('',(1.,0.,0.));
#7937=DIRECTION('center_axis',(-1.,0.,0.));
#7938=DIRECTION('ref_axis',(0.,-1.,0.));
#7939=DIRECTION('center_axis',(0.,-0.861269931914563,-0.508147719054099));
#7940=DIRECTION('ref_axis',(0.,0.508147719054099,-0.861269931914563));
#7941=DIRECTION('',(0.,0.508147719054099,-0.861269931914563));
#7942=DIRECTION('',(1.,0.,0.));
#7943=DIRECTION('',(0.,0.508147719054099,-0.861269931914563));
#7944=DIRECTION('',(1.,0.,0.));
#7945=DIRECTION('center_axis',(0.,-0.870703799533249,0.491807781026656));
#7946=DIRECTION('ref_axis',(0.,-0.491807781026656,-0.870703799533249));
#7947=DIRECTION('',(0.,-0.491807781026656,-0.870703799533249));
#7948=DIRECTION('',(1.,0.,0.));
#7949=DIRECTION('',(0.,-0.491807781026656,-0.870703799533249));
#7950=DIRECTION('center_axis',(0.,-0.00943386761868578,0.999955500080755));
#7951=DIRECTION('ref_axis',(0.,-0.999955500080755,-0.00943386761868578));
#7952=DIRECTION('',(0.,-0.999955500080755,-0.00943386761868578));
#7953=DIRECTION('',(1.,0.,0.));
#7954=DIRECTION('',(0.,-0.999955500080755,-0.00943386761868578));
#7955=DIRECTION('center_axis',(0.,0.861269931914563,0.508147719054099));
#7956=DIRECTION('ref_axis',(0.,-0.508147719054099,0.861269931914563));
#7957=DIRECTION('',(0.,-0.508147719054099,0.861269931914563));
#7958=DIRECTION('',(1.,0.,0.));
#7959=DIRECTION('',(0.,-0.508147719054099,0.861269931914563));
#7960=DIRECTION('center_axis',(0.,0.870703799533249,-0.491807781026656));
#7961=DIRECTION('ref_axis',(0.,0.491807781026656,0.870703799533249));
#7962=DIRECTION('',(0.,0.491807781026656,0.870703799533249));
#7963=DIRECTION('',(1.,0.,0.));
#7964=DIRECTION('',(0.,0.491807781026656,0.870703799533249));
#7965=DIRECTION('center_axis',(0.,0.00943386761868578,-0.999955500080755));
#7966=DIRECTION('ref_axis',(0.,0.999955500080755,0.00943386761868578));
#7967=DIRECTION('',(0.,0.999955500080755,0.00943386761868578));
#7968=DIRECTION('',(0.,0.999955500080755,0.00943386761868578));
#7969=DIRECTION('center_axis',(1.,0.,0.));
#7970=DIRECTION('ref_axis',(0.,0.,-1.));
#7971=DIRECTION('center_axis',(0.,-1.,0.));
#7972=DIRECTION('ref_axis',(-1.,0.,0.));
#7973=DIRECTION('',(1.,0.,0.));
#7974=DIRECTION('',(0.,0.,-1.));
#7975=DIRECTION('',(-1.,0.,0.));
#7976=DIRECTION('',(0.,0.,-1.));
#7977=DIRECTION('center_axis',(0.,0.,-1.));
#7978=DIRECTION('ref_axis',(0.,1.,0.));
#7979=DIRECTION('center_axis',(0.,0.,1.));
#7980=DIRECTION('ref_axis',(0.,1.,0.));
#7981=DIRECTION('center_axis',(0.,0.,-1.));
#7982=DIRECTION('ref_axis',(0.,1.,0.));
#7983=DIRECTION('',(0.,0.,-1.));
#7984=DIRECTION('center_axis',(0.,1.,0.));
#7985=DIRECTION('ref_axis',(1.,0.,0.));
#7986=DIRECTION('',(-1.,0.,0.));
#7987=DIRECTION('',(1.,0.,0.));
#7988=DIRECTION('',(0.,0.,-1.));
#7989=DIRECTION('center_axis',(-1.,0.,0.));
#7990=DIRECTION('ref_axis',(0.,1.,0.));
#7991=DIRECTION('',(0.,-1.,0.));
#7992=DIRECTION('',(0.,1.,0.));
#7993=DIRECTION('center_axis',(0.,0.,-1.));
#7994=DIRECTION('ref_axis',(1.,0.,0.));
#7995=DIRECTION('center_axis',(0.,0.,1.));
#7996=DIRECTION('ref_axis',(-0.807692307692308,0.589604219875226,0.));
#7997=DIRECTION('',(0.,-1.,0.));
#7998=DIRECTION('center_axis',(-1.,0.,0.));
#7999=DIRECTION('ref_axis',(0.,-1.,0.));
#8000=DIRECTION('',(0.,0.,1.));
#8001=DIRECTION('',(0.,-1.,0.));
#8002=DIRECTION('',(0.,0.,-1.));
#8003=DIRECTION('center_axis',(0.,0.,1.));
#8004=DIRECTION('ref_axis',(1.,1.06752213906265E-16,0.));
#8005=DIRECTION('center_axis',(0.,0.,1.));
#8006=DIRECTION('ref_axis',(-0.807692307692308,0.589604219875226,0.));
#8007=DIRECTION('center_axis',(0.,0.,-1.));
#8008=DIRECTION('ref_axis',(1.,0.,0.));
#8009=DIRECTION('center_axis',(0.,1.,0.));
#8010=DIRECTION('ref_axis',(-1.,0.,0.));
#8011=DIRECTION('',(-1.,0.,0.));
#8012=DIRECTION('center_axis',(0.,-1.,0.));
#8013=DIRECTION('ref_axis',(1.,0.,0.));
#8014=DIRECTION('',(1.,0.,0.));
#8015=DIRECTION('center_axis',(0.,0.,1.));
#8016=DIRECTION('ref_axis',(1.,0.,0.));
#8017=DIRECTION('axis',(0.,0.,1.));
#8018=DIRECTION('refdir',(1.,0.,0.));
#8019=DIRECTION('center_axis',(0.,1.,0.));
#8020=DIRECTION('ref_axis',(0.,0.,1.));
#8021=DIRECTION('',(0.,0.,1.));
#8022=DIRECTION('',(-1.,0.,0.));
#8023=DIRECTION('',(0.,0.,-1.));
#8024=DIRECTION('',(1.,0.,0.));
#8025=DIRECTION('center_axis',(0.,0.,1.));
#8026=DIRECTION('ref_axis',(1.,0.,0.));
#8027=DIRECTION('',(0.,-1.,0.));
#8028=DIRECTION('',(1.,0.,0.));
#8029=DIRECTION('',(0.,1.,0.));
#8030=DIRECTION('center_axis',(0.,0.,1.));
#8031=DIRECTION('ref_axis',(-1.,0.,0.));
#8032=DIRECTION('center_axis',(-1.,1.6291854514454E-33,0.));
#8033=DIRECTION('ref_axis',(-1.6291854514454E-33,-1.,0.));
#8034=DIRECTION('',(0.,-1.,0.));
#8035=DIRECTION('',(0.,0.,1.));
#8036=DIRECTION('',(-1.6291854514454E-33,-1.,0.));
#8037=DIRECTION('',(0.,0.,-1.));
#8038=DIRECTION('',(0.,1.,0.));
#8039=DIRECTION('',(0.,0.,-1.));
#8040=DIRECTION('',(0.,-1.,0.));
#8041=DIRECTION('',(0.,0.,1.));
#8042=DIRECTION('',(0.,-1.,0.));
#8043=DIRECTION('',(0.,0.,1.));
#8044=DIRECTION('',(-1.6291854514454E-33,-1.,0.));
#8045=DIRECTION('',(0.,0.,-1.));
#8046=DIRECTION('',(0.,1.,0.));
#8047=DIRECTION('',(0.,0.,-1.));
#8048=DIRECTION('',(-1.6291854514454E-33,-1.,0.));
#8049=DIRECTION('',(0.,0.,-1.));
#8050=DIRECTION('',(1.6291854514454E-33,1.,0.));
#8051=DIRECTION('',(0.,0.,1.));
#8052=DIRECTION('center_axis',(1.,-1.6291854514454E-33,0.));
#8053=DIRECTION('ref_axis',(0.,1.,0.));
#8054=DIRECTION('center_axis',(1.,-1.6291854514454E-33,0.));
#8055=DIRECTION('ref_axis',(0.,1.,0.));
#8056=DIRECTION('center_axis',(0.,-1.,0.));
#8057=DIRECTION('ref_axis',(0.,0.,-1.));
#8058=DIRECTION('',(0.,0.,1.));
#8059=DIRECTION('',(1.,0.,0.));
#8060=DIRECTION('',(-1.,0.,0.));
#8061=DIRECTION('center_axis',(1.,0.,0.));
#8062=DIRECTION('ref_axis',(0.,0.,-1.));
#8063=DIRECTION('',(0.,1.,0.));
#8064=DIRECTION('',(0.,0.,-1.));
#8065=DIRECTION('',(0.,-1.,0.));
#8066=DIRECTION('',(0.,0.,-1.));
#8067=DIRECTION('',(0.,-1.,0.));
#8068=DIRECTION('',(0.,0.,-1.));
#8069=DIRECTION('',(0.,1.,0.));
#8070=DIRECTION('center_axis',(0.,0.,1.));
#8071=DIRECTION('ref_axis',(1.,0.,0.));
#8072=DIRECTION('',(-1.,0.,0.));
#8073=DIRECTION('center_axis',(0.,1.,0.));
#8074=DIRECTION('ref_axis',(0.,0.,1.));
#8075=DIRECTION('',(-1.,0.,0.));
#8076=DIRECTION('',(1.,0.,0.));
#8077=DIRECTION('center_axis',(0.,0.,1.));
#8078=DIRECTION('ref_axis',(-1.,0.,0.));
#8079=DIRECTION('',(1.,0.,0.));
#8080=DIRECTION('center_axis',(0.,-1.,0.));
#8081=DIRECTION('ref_axis',(0.,0.,-1.));
#8082=DIRECTION('',(0.,0.,1.));
#8083=DIRECTION('',(-1.,0.,0.));
#8084=DIRECTION('center_axis',(1.,0.,0.));
#8085=DIRECTION('ref_axis',(0.,0.,-1.));
#8086=DIRECTION('',(0.,1.,0.));
#8087=DIRECTION('',(0.,0.,-1.));
#8088=DIRECTION('',(0.,-1.,0.));
#8089=DIRECTION('',(0.,0.,-1.));
#8090=DIRECTION('',(0.,-1.,0.));
#8091=DIRECTION('center_axis',(0.,0.,1.));
#8092=DIRECTION('ref_axis',(1.,0.,0.));
#8093=DIRECTION('',(-1.,0.,0.));
#8094=DIRECTION('center_axis',(0.,0.,1.));
#8095=DIRECTION('ref_axis',(-1.,0.,0.));
#8096=DIRECTION('',(1.,0.,0.));
#8097=DIRECTION('center_axis',(0.,0.,1.));
#8098=DIRECTION('ref_axis',(1.,0.,0.));
#8099=DIRECTION('center_axis',(0.,0.,1.));
#8100=DIRECTION('ref_axis',(-1.,0.,0.));
#8101=DIRECTION('center_axis',(0.,0.,1.));
#8102=DIRECTION('ref_axis',(0.,1.,0.));
#8103=DIRECTION('',(0.,1.,0.));
#8104=DIRECTION('',(-1.,0.,0.));
#8105=DIRECTION('',(-1.,0.,0.));
#8106=DIRECTION('center_axis',(1.,0.,0.));
#8107=DIRECTION('ref_axis',(0.,1.,0.));
#8108=DIRECTION('',(0.,0.,1.));
#8109=DIRECTION('',(0.,-1.,0.));
#8110=DIRECTION('',(0.,0.,-1.));
#8111=DIRECTION('center_axis',(0.,0.,-1.));
#8112=DIRECTION('ref_axis',(-1.,0.,0.));
#8113=DIRECTION('center_axis',(0.,0.,-1.));
#8114=DIRECTION('ref_axis',(-1.,0.,0.));
#8115=DIRECTION('',(0.,0.,-1.));
#8116=DIRECTION('center_axis',(0.,0.,-1.));
#8117=DIRECTION('ref_axis',(-1.,0.,0.));
#8118=DIRECTION('center_axis',(0.,0.,-1.));
#8119=DIRECTION('ref_axis',(-1.,0.,0.));
#8120=DIRECTION('',(0.,0.,-1.));
#8121=DIRECTION('center_axis',(-0.5,-0.866025403784439,0.));
#8122=DIRECTION('ref_axis',(-0.866025403784439,0.5,0.));
#8123=DIRECTION('',(-0.866025403784439,0.5,0.));
#8124=DIRECTION('',(0.,0.,-1.));
#8125=DIRECTION('',(-0.866025403784439,0.5,0.));
#8126=DIRECTION('',(0.,0.,-1.));
#8127=DIRECTION('center_axis',(0.5,-0.866025403784439,0.));
#8128=DIRECTION('ref_axis',(-0.866025403784439,-0.5,0.));
#8129=DIRECTION('',(-0.866025403784439,-0.5,0.));
#8130=DIRECTION('',(0.,0.,-1.));
#8131=DIRECTION('',(-0.866025403784439,-0.5,0.));
#8132=DIRECTION('center_axis',(1.,0.,0.));
#8133=DIRECTION('ref_axis',(0.,-1.,0.));
#8134=DIRECTION('',(0.,-1.,0.));
#8135=DIRECTION('',(0.,0.,-1.));
#8136=DIRECTION('',(0.,-1.,0.));
#8137=DIRECTION('center_axis',(0.500000000000001,0.866025403784438,0.));
#8138=DIRECTION('ref_axis',(0.866025403784438,-0.500000000000001,0.));
#8139=DIRECTION('',(0.866025403784438,-0.500000000000001,0.));
#8140=DIRECTION('',(0.,0.,-1.));
#8141=DIRECTION('',(0.866025403784438,-0.500000000000001,0.));
#8142=DIRECTION('center_axis',(-0.499999999999999,0.866025403784439,0.));
#8143=DIRECTION('ref_axis',(0.866025403784439,0.499999999999999,0.));
#8144=DIRECTION('',(0.866025403784439,0.499999999999999,0.));
#8145=DIRECTION('',(0.,0.,-1.));
#8146=DIRECTION('',(0.866025403784439,0.499999999999999,0.));
#8147=DIRECTION('center_axis',(-1.,3.33847688608257E-16,0.));
#8148=DIRECTION('ref_axis',(3.33847688608257E-16,1.,0.));
#8149=DIRECTION('',(3.33847688608257E-16,1.,0.));
#8150=DIRECTION('',(3.33847688608257E-16,1.,0.));
#8151=DIRECTION('center_axis',(0.,0.,-1.));
#8152=DIRECTION('ref_axis',(-1.,0.,0.));
#8153=DIRECTION('center_axis',(-0.5,-0.866025403784439,0.));
#8154=DIRECTION('ref_axis',(-0.866025403784439,0.5,0.));
#8155=DIRECTION('',(-0.866025403784439,0.5,0.));
#8156=DIRECTION('',(0.,0.,-1.));
#8157=DIRECTION('',(-0.866025403784439,0.5,0.));
#8158=DIRECTION('',(0.,0.,-1.));
#8159=DIRECTION('center_axis',(0.5,-0.866025403784439,0.));
#8160=DIRECTION('ref_axis',(-0.866025403784439,-0.5,0.));
#8161=DIRECTION('',(-0.866025403784439,-0.5,0.));
#8162=DIRECTION('',(0.,0.,-1.));
#8163=DIRECTION('',(-0.866025403784439,-0.5,0.));
#8164=DIRECTION('center_axis',(1.,0.,0.));
#8165=DIRECTION('ref_axis',(0.,-1.,0.));
#8166=DIRECTION('',(0.,-1.,0.));
#8167=DIRECTION('',(0.,0.,-1.));
#8168=DIRECTION('',(0.,-1.,0.));
#8169=DIRECTION('center_axis',(0.5,0.866025403784439,0.));
#8170=DIRECTION('ref_axis',(0.866025403784439,-0.5,0.));
#8171=DIRECTION('',(0.866025403784439,-0.5,0.));
#8172=DIRECTION('',(0.,0.,-1.));
#8173=DIRECTION('',(0.866025403784439,-0.5,0.));
#8174=DIRECTION('center_axis',(-0.5,0.866025403784439,0.));
#8175=DIRECTION('ref_axis',(0.866025403784439,0.5,0.));
#8176=DIRECTION('',(0.866025403784439,0.5,0.));
#8177=DIRECTION('',(0.,0.,-1.));
#8178=DIRECTION('',(0.866025403784439,0.5,0.));
#8179=DIRECTION('center_axis',(-1.,3.34428293284098E-16,0.));
#8180=DIRECTION('ref_axis',(3.34428293284098E-16,1.,0.));
#8181=DIRECTION('',(3.34428293284098E-16,1.,0.));
#8182=DIRECTION('',(3.34428293284098E-16,1.,0.));
#8183=DIRECTION('center_axis',(0.,0.,-1.));
#8184=DIRECTION('ref_axis',(-1.,0.,0.));
#8185=DIRECTION('center_axis',(0.,-1.,0.));
#8186=DIRECTION('ref_axis',(0.,0.,-1.));
#8187=DIRECTION('',(1.,0.,0.));
#8188=DIRECTION('center_axis',(1.,0.,0.));
#8189=DIRECTION('ref_axis',(0.,1.,0.));
#8190=DIRECTION('',(0.,1.,0.));
#8191=DIRECTION('',(0.,0.,1.));
#8192=DIRECTION('',(0.,1.,0.));
#8193=DIRECTION('',(0.,0.,1.));
#8194=DIRECTION('',(0.,1.,0.));
#8195=DIRECTION('',(0.,0.,1.));
#8196=DIRECTION('',(0.,1.,0.));
#8197=DIRECTION('',(0.,0.,-1.));
#8198=DIRECTION('center_axis',(-1.,0.,0.));
#8199=DIRECTION('ref_axis',(0.,1.,0.));
#8200=DIRECTION('center_axis',(-1.,0.,0.));
#8201=DIRECTION('ref_axis',(0.,1.,0.));
#8202=DIRECTION('center_axis',(0.,1.,0.));
#8203=DIRECTION('ref_axis',(0.,0.,1.));
#8204=DIRECTION('',(1.,0.,0.));
#8205=DIRECTION('center_axis',(0.,0.,1.));
#8206=DIRECTION('ref_axis',(0.,1.,0.));
#8207=DIRECTION('',(-1.,0.,0.));
#8208=DIRECTION('',(-1.,0.,0.));
#8209=DIRECTION('center_axis',(0.,-1.,0.));
#8210=DIRECTION('ref_axis',(0.,0.,1.));
#8211=DIRECTION('',(-1.,0.,0.));
#8212=DIRECTION('center_axis',(0.,0.,-1.));
#8213=DIRECTION('ref_axis',(0.,-1.,0.));
#8214=DIRECTION('',(-1.,0.,0.));
#8215=DIRECTION('',(1.,0.,0.));
#8216=DIRECTION('',(1.,0.,0.));
#8217=DIRECTION('center_axis',(0.,1.,0.));
#8218=DIRECTION('ref_axis',(0.,0.,-1.));
#8219=DIRECTION('center_axis',(-1.,0.,0.));
#8220=DIRECTION('ref_axis',(0.,1.,0.));
#8221=DIRECTION('',(-1.,0.,0.));
#8222=DIRECTION('center_axis',(-1.,0.,0.));
#8223=DIRECTION('ref_axis',(0.,1.,0.));
#8224=DIRECTION('',(-1.,0.,0.));
#8225=DIRECTION('center_axis',(0.,1.,0.));
#8226=DIRECTION('ref_axis',(-1.,0.,0.));
#8227=DIRECTION('',(-1.,0.,0.));
#8228=DIRECTION('center_axis',(0.,-1.,0.));
#8229=DIRECTION('ref_axis',(1.,0.,0.));
#8230=DIRECTION('',(1.,0.,0.));
#8231=DIRECTION('center_axis',(0.,0.,1.));
#8232=DIRECTION('ref_axis',(1.,0.,0.));
#8233=DIRECTION('axis',(0.,0.,1.));
#8234=DIRECTION('refdir',(1.,0.,0.));
#8235=DIRECTION('center_axis',(1.,0.,7.40148683083437E-16));
#8236=DIRECTION('ref_axis',(7.40148683083437E-16,0.,-1.));
#8237=DIRECTION('',(7.40148683083437E-16,0.,-1.));
#8238=DIRECTION('',(0.,1.,0.));
#8239=DIRECTION('',(7.40148683083437E-16,0.,-1.));
#8240=DIRECTION('',(0.,1.,0.));
#8241=DIRECTION('center_axis',(0.,0.,1.));
#8242=DIRECTION('ref_axis',(1.,0.,0.));
#8243=DIRECTION('',(1.,0.,0.));
#8244=DIRECTION('',(0.,1.,0.));
#8245=DIRECTION('',(1.,0.,0.));
#8246=DIRECTION('center_axis',(-1.,0.,1.85037170770859E-16));
#8247=DIRECTION('ref_axis',(1.85037170770859E-16,0.,1.));
#8248=DIRECTION('',(1.85037170770859E-16,0.,1.));
#8249=DIRECTION('',(0.,-1.,0.));
#8250=DIRECTION('',(1.85037170770859E-16,0.,1.));
#8251=DIRECTION('center_axis',(0.,1.,0.));
#8252=DIRECTION('ref_axis',(0.,0.,1.));
#8253=DIRECTION('',(-1.,0.,0.));
#8254=DIRECTION('center_axis',(0.,1.,0.));
#8255=DIRECTION('ref_axis',(0.,0.,1.));
#8256=DIRECTION('',(-1.,0.,0.));
#8257=DIRECTION('center_axis',(0.,1.,0.));
#8258=DIRECTION('ref_axis',(0.707106781186548,0.,-0.707106781186548));
#8259=DIRECTION('',(0.,0.,-1.));
#8260=DIRECTION('',(-1.,0.,0.));
#8261=DIRECTION('center_axis',(0.,1.,0.));
#8262=DIRECTION('ref_axis',(-1.,0.,-2.22044604925031E-15));
#8263=DIRECTION('',(0.,0.,1.));
#8264=DIRECTION('',(1.,0.,0.));
#8265=DIRECTION('center_axis',(0.,1.,0.));
#8266=DIRECTION('ref_axis',(-0.707106781186548,0.,0.707106781186548));
#8267=DIRECTION('',(0.,0.,1.));
#8268=DIRECTION('',(1.,0.,0.));
#8269=DIRECTION('center_axis',(0.,1.,0.));
#8270=DIRECTION('ref_axis',(1.,0.,2.22044604925031E-15));
#8271=DIRECTION('',(0.,0.,-1.));
#8272=DIRECTION('',(-1.,0.,0.));
#8273=DIRECTION('center_axis',(0.,1.,0.));
#8274=DIRECTION('ref_axis',(0.707106781186548,0.,-0.707106781186548));
#8275=DIRECTION('',(0.,1.,0.));
#8276=DIRECTION('center_axis',(0.,1.,0.));
#8277=DIRECTION('ref_axis',(0.707106781186548,0.,-0.707106781186548));
#8278=DIRECTION('',(0.,-1.,0.));
#8279=DIRECTION('center_axis',(1.,0.,0.));
#8280=DIRECTION('ref_axis',(0.,0.,-1.));
#8281=DIRECTION('',(0.,0.,-1.));
#8282=DIRECTION('',(0.,-1.,0.));
#8283=DIRECTION('',(0.,0.,-1.));
#8284=DIRECTION('',(0.,-1.,0.));
#8285=DIRECTION('',(0.,0.,-1.));
#8286=DIRECTION('',(0.,0.,-1.));
#8287=DIRECTION('',(0.,1.,0.));
#8288=DIRECTION('',(0.,0.,1.));
#8289=DIRECTION('',(0.,1.,0.));
#8290=DIRECTION('',(0.,0.,1.));
#8291=DIRECTION('',(0.,1.,0.));
#8292=DIRECTION('',(0.,0.,-1.));
#8293=DIRECTION('',(0.,-1.,0.));
#8294=DIRECTION('center_axis',(0.,1.,0.));
#8295=DIRECTION('ref_axis',(0.707106781186548,0.,-0.707106781186548));
#8296=DIRECTION('center_axis',(0.,-1.,0.));
#8297=DIRECTION('ref_axis',(0.707106781186548,0.,-0.707106781186548));
#8298=DIRECTION('center_axis',(0.,-1.,0.));
#8299=DIRECTION('ref_axis',(0.707106781186548,0.,-0.707106781186548));
#8300=DIRECTION('',(0.,1.,0.));
#8301=DIRECTION('center_axis',(0.,0.,-1.));
#8302=DIRECTION('ref_axis',(-1.,0.,0.));
#8303=DIRECTION('',(-1.,0.,0.));
#8304=DIRECTION('',(0.,-1.,0.));
#8305=DIRECTION('',(-1.,0.,0.));
#8306=DIRECTION('',(-1.,0.,0.));
#8307=DIRECTION('center_axis',(0.,1.,0.));
#8308=DIRECTION('ref_axis',(-0.707106781186548,0.,-0.707106781186548));
#8309=DIRECTION('center_axis',(0.,1.,0.));
#8310=DIRECTION('ref_axis',(-0.707106781186548,0.,-0.707106781186548));
#8311=DIRECTION('',(0.,1.,0.));
#8312=DIRECTION('center_axis',(0.,1.,0.));
#8313=DIRECTION('ref_axis',(-0.707106781186548,0.,-0.707106781186548));
#8314=DIRECTION('',(0.,-1.,0.));
#8315=DIRECTION('center_axis',(0.,0.,-1.));
#8316=DIRECTION('ref_axis',(-1.,0.,0.));
#8317=DIRECTION('',(0.,1.,0.));
#8318=DIRECTION('',(-1.,0.,0.));
#8319=DIRECTION('',(1.,0.,0.));
#8320=DIRECTION('center_axis',(0.,1.,0.));
#8321=DIRECTION('ref_axis',(-0.707106781186548,0.,-0.707106781186548));
#8322=DIRECTION('center_axis',(0.,-1.,0.));
#8323=DIRECTION('ref_axis',(-0.707106781186548,0.,-0.707106781186548));
#8324=DIRECTION('center_axis',(0.,-1.,0.));
#8325=DIRECTION('ref_axis',(-0.707106781186548,0.,-0.707106781186548));
#8326=DIRECTION('',(0.,1.,0.));
#8327=DIRECTION('center_axis',(0.,1.,0.));
#8328=DIRECTION('ref_axis',(0.,0.,1.));
#8329=DIRECTION('',(0.,0.,1.));
#8330=DIRECTION('center_axis',(0.,-1.,0.));
#8331=DIRECTION('ref_axis',(1.,0.,0.));
#8332=DIRECTION('center_axis',(-1.,0.,0.));
#8333=DIRECTION('ref_axis',(0.,0.,1.));
#8334=DIRECTION('',(0.,0.,1.));
#8335=DIRECTION('',(0.,-1.,0.));
#8336=DIRECTION('',(0.,-1.,0.));
#8337=DIRECTION('',(0.,0.,1.));
#8338=DIRECTION('',(0.,-1.,0.));
#8339=DIRECTION('',(0.,0.,1.));
#8340=DIRECTION('',(0.,-1.,0.));
#8341=DIRECTION('',(0.,0.,1.));
#8342=DIRECTION('',(0.,0.,-1.));
#8343=DIRECTION('',(0.,1.,0.));
#8344=DIRECTION('',(0.,0.,-1.));
#8345=DIRECTION('center_axis',(0.,1.,0.));
#8346=DIRECTION('ref_axis',(0.707106781186548,0.,0.707106781186548));
#8347=DIRECTION('center_axis',(0.,-1.,0.));
#8348=DIRECTION('ref_axis',(0.707106781186548,0.,0.707106781186548));
#8349=DIRECTION('',(0.,-1.,0.));
#8350=DIRECTION('center_axis',(0.,-1.,0.));
#8351=DIRECTION('ref_axis',(0.707106781186548,0.,0.707106781186548));
#8352=DIRECTION('center_axis',(0.,1.,0.));
#8353=DIRECTION('ref_axis',(-0.707106781186548,0.,0.707106781186548));
#8354=DIRECTION('center_axis',(0.,-1.,0.));
#8355=DIRECTION('ref_axis',(-0.707106781186548,0.,0.707106781186548));
#8356=DIRECTION('center_axis',(0.,-1.,0.));
#8357=DIRECTION('ref_axis',(-0.707106781186548,0.,0.707106781186548));
#8358=DIRECTION('',(0.,1.,0.));
#8359=DIRECTION('center_axis',(0.,0.,1.));
#8360=DIRECTION('ref_axis',(1.,0.,0.));
#8361=DIRECTION('',(1.,0.,0.));
#8362=DIRECTION('',(1.,0.,0.));
#8363=DIRECTION('center_axis',(0.,1.,0.));
#8364=DIRECTION('ref_axis',(0.707106781186548,0.,0.707106781186548));
#8365=DIRECTION('center_axis',(0.,1.,0.));
#8366=DIRECTION('ref_axis',(0.707106781186548,0.,0.707106781186548));
#8367=DIRECTION('center_axis',(0.,1.,0.));
#8368=DIRECTION('ref_axis',(0.707106781186548,0.,0.707106781186548));
#8369=DIRECTION('',(0.,-1.,0.));
#8370=DIRECTION('center_axis',(0.,-1.,0.));
#8371=DIRECTION('ref_axis',(0.,0.,-1.));
#8372=DIRECTION('',(1.,0.,0.));
#8373=DIRECTION('',(0.,0.,1.));
#8374=DIRECTION('center_axis',(0.,1.,0.));
#8375=DIRECTION('ref_axis',(-1.,0.,-2.22044604925031E-15));
#8376=DIRECTION('',(-1.,0.,0.));
#8377=DIRECTION('center_axis',(0.,1.,0.));
#8378=DIRECTION('ref_axis',(-0.707106781186548,0.,0.707106781186548));
#8379=DIRECTION('',(0.,1.,0.));
#8380=DIRECTION('center_axis',(0.,1.,0.));
#8381=DIRECTION('ref_axis',(-0.707106781186548,0.,0.707106781186548));
#8382=DIRECTION('center_axis',(-1.,0.,0.));
#8383=DIRECTION('ref_axis',(0.,0.,1.));
#8384=DIRECTION('',(0.,1.,0.));
#8385=DIRECTION('',(0.,1.,0.));
#8386=DIRECTION('center_axis',(0.,1.,0.));
#8387=DIRECTION('ref_axis',(-1.,0.,-2.22044604925031E-15));
#8388=DIRECTION('',(0.,1.,0.));
#8389=DIRECTION('center_axis',(0.,0.,-1.));
#8390=DIRECTION('ref_axis',(-1.,0.,0.));
#8391=DIRECTION('center_axis',(1.,0.,0.));
#8392=DIRECTION('ref_axis',(0.,0.,-1.));
#8393=DIRECTION('',(0.,1.,0.));
#8394=DIRECTION('',(0.,0.,-1.));
#8395=DIRECTION('center_axis',(0.,1.,0.));
#8396=DIRECTION('ref_axis',(1.,0.,2.22044604925031E-15));
#8397=DIRECTION('',(0.,1.,0.));
#8398=DIRECTION('center_axis',(0.,1.,0.));
#8399=DIRECTION('ref_axis',(1.,0.,2.22044604925031E-15));
#8400=DIRECTION('center_axis',(0.,0.,1.));
#8401=DIRECTION('ref_axis',(1.,0.,0.));
#8402=DIRECTION('',(1.,0.,0.));
#8403=DIRECTION('center_axis',(0.,-1.,0.));
#8404=DIRECTION('ref_axis',(0.,0.,-1.));
#8405=DIRECTION('center_axis',(0.,0.,1.));
#8406=DIRECTION('ref_axis',(1.,0.,0.));
#8407=DIRECTION('',(-1.,0.,0.));
#8408=DIRECTION('center_axis',(0.,1.,0.));
#8409=DIRECTION('ref_axis',(-1.83697019872103E-16,0.,1.));
#8410=DIRECTION('center_axis',(0.,-1.,0.));
#8411=DIRECTION('ref_axis',(1.,0.,0.));
#8412=DIRECTION('',(0.,1.,0.));
#8413=DIRECTION('center_axis',(0.,1.,0.));
#8414=DIRECTION('ref_axis',(1.,0.,0.));
#8415=DIRECTION('',(0.,1.,0.));
#8416=DIRECTION('center_axis',(0.,1.,0.));
#8417=DIRECTION('ref_axis',(-3.82856869892695E-16,0.,-1.));
#8418=DIRECTION('center_axis',(0.,-1.,0.));
#8419=DIRECTION('ref_axis',(1.,0.,0.));
#8420=DIRECTION('center_axis',(0.,-1.,0.));
#8421=DIRECTION('ref_axis',(1.,0.,0.));
#8422=DIRECTION('center_axis',(0.,-1.,0.));
#8423=DIRECTION('ref_axis',(1.,0.,0.));
#8424=DIRECTION('center_axis',(0.,1.,0.));
#8425=DIRECTION('ref_axis',(1.,0.,0.));
#8426=DIRECTION('center_axis',(0.,1.,0.));
#8427=DIRECTION('ref_axis',(0.,0.,1.));
#8428=DIRECTION('center_axis',(0.,1.,0.));
#8429=DIRECTION('ref_axis',(0.,0.,1.));
#8430=DIRECTION('center_axis',(0.,1.,0.));
#8431=DIRECTION('ref_axis',(0.,0.,1.));
#8432=DIRECTION('center_axis',(0.,-1.,0.));
#8433=DIRECTION('ref_axis',(-0.707106781186549,0.,-0.707106781186546));
#8434=DIRECTION('center_axis',(0.,1.,0.));
#8435=DIRECTION('ref_axis',(-0.707106781186549,0.,-0.707106781186546));
#8436=DIRECTION('center_axis',(0.,-1.,0.));
#8437=DIRECTION('ref_axis',(-0.707106781186549,0.,-0.707106781186546));
#8438=DIRECTION('',(0.,-1.,0.));
#8439=DIRECTION('center_axis',(0.,0.,1.));
#8440=DIRECTION('ref_axis',(1.,0.,0.));
#8441=DIRECTION('',(-1.,0.,0.));
#8442=DIRECTION('',(0.,-1.,0.));
#8443=DIRECTION('',(1.,0.,0.));
#8444=DIRECTION('center_axis',(0.,-1.,0.));
#8445=DIRECTION('ref_axis',(-1.,0.,0.));
#8446=DIRECTION('center_axis',(0.,-1.,0.));
#8447=DIRECTION('ref_axis',(0.707106781186549,0.,-0.707106781186546));
#8448=DIRECTION('',(-1.,0.,0.));
#8449=DIRECTION('',(-7.93016446160827E-16,0.,1.));
#8450=DIRECTION('center_axis',(0.,-1.,0.));
#8451=DIRECTION('ref_axis',(0.599999999999999,0.,-0.800000000000001));
#8452=DIRECTION('',(0.,0.,-1.));
#8453=DIRECTION('center_axis',(0.,1.,0.));
#8454=DIRECTION('ref_axis',(0.707106781186549,0.,-0.707106781186546));
#8455=DIRECTION('center_axis',(0.,1.,0.));
#8456=DIRECTION('ref_axis',(0.707106781186549,0.,-0.707106781186546));
#8457=DIRECTION('',(0.,1.,0.));
#8458=DIRECTION('center_axis',(0.,0.,1.));
#8459=DIRECTION('ref_axis',(1.,0.,0.));
#8460=DIRECTION('',(1.,0.,0.));
#8461=DIRECTION('',(0.,1.,0.));
#8462=DIRECTION('center_axis',(-1.,0.,-7.93016446160827E-16));
#8463=DIRECTION('ref_axis',(7.93016446160827E-16,0.,-1.));
#8464=DIRECTION('',(7.93016446160827E-16,0.,-1.));
#8465=DIRECTION('',(0.,-1.,0.));
#8466=DIRECTION('center_axis',(0.,1.,0.));
#8467=DIRECTION('ref_axis',(2.77555756156289E-16,0.,1.));
#8468=DIRECTION('center_axis',(0.,1.,0.));
#8469=DIRECTION('ref_axis',(0.599999999999999,0.,-0.800000000000001));
#8470=DIRECTION('',(0.,-1.,0.));
#8471=DIRECTION('center_axis',(1.,0.,0.));
#8472=DIRECTION('ref_axis',(0.,0.,1.));
#8473=DIRECTION('',(0.,0.,1.));
#8474=DIRECTION('center_axis',(0.,1.,0.));
#8475=DIRECTION('ref_axis',(1.,0.,0.));
#8476=DIRECTION('center_axis',(0.,-1.,0.));
#8477=DIRECTION('ref_axis',(-0.707106781186549,0.,0.707106781186546));
#8478=DIRECTION('center_axis',(0.,1.,0.));
#8479=DIRECTION('ref_axis',(-0.707106781186549,0.,0.707106781186546));
#8480=DIRECTION('',(0.,1.,0.));
#8481=DIRECTION('center_axis',(0.,-1.,0.));
#8482=DIRECTION('ref_axis',(-0.707106781186549,0.,0.707106781186546));
#8483=DIRECTION('center_axis',(0.,0.,1.));
#8484=DIRECTION('ref_axis',(1.,0.,0.));
#8485=DIRECTION('',(1.,0.,0.));
#8486=DIRECTION('',(0.,1.,0.));
#8487=DIRECTION('',(-1.,0.,0.));
#8488=DIRECTION('center_axis',(0.,-1.,0.));
#8489=DIRECTION('ref_axis',(1.,0.,0.));
#8490=DIRECTION('center_axis',(0.,1.,0.));
#8491=DIRECTION('ref_axis',(0.707106781186549,0.,0.707106781186546));
#8492=DIRECTION('',(1.,0.,0.));
#8493=DIRECTION('',(-7.93016446160827E-16,0.,-1.));
#8494=DIRECTION('center_axis',(0.,1.,0.));
#8495=DIRECTION('ref_axis',(0.599999999999999,0.,0.800000000000001));
#8496=DIRECTION('',(0.,0.,1.));
#8497=DIRECTION('center_axis',(0.,1.,0.));
#8498=DIRECTION('ref_axis',(0.707106781186549,0.,0.707106781186546));
#8499=DIRECTION('center_axis',(0.,-1.,0.));
#8500=DIRECTION('ref_axis',(0.707106781186549,0.,0.707106781186546));
#8501=DIRECTION('',(0.,-1.,0.));
#8502=DIRECTION('center_axis',(0.,0.,1.));
#8503=DIRECTION('ref_axis',(1.,0.,0.));
#8504=DIRECTION('',(-1.,0.,0.));
#8505=DIRECTION('',(0.,-1.,0.));
#8506=DIRECTION('center_axis',(0.,1.,0.));
#8507=DIRECTION('ref_axis',(-1.,0.,0.));
#8508=DIRECTION('',(0.,0.,-1.));
#8509=DIRECTION('center_axis',(0.,-1.,0.));
#8510=DIRECTION('ref_axis',(0.599999999999999,0.,0.800000000000001));
#8511=DIRECTION('',(7.93016446160827E-16,0.,1.));
#8512=DIRECTION('center_axis',(1.,0.,-7.93016446160827E-16));
#8513=DIRECTION('ref_axis',(7.93016446160827E-16,0.,1.));
#8514=DIRECTION('',(0.,-1.,0.));
#8515=DIRECTION('center_axis',(0.,-1.,0.));
#8516=DIRECTION('ref_axis',(2.77555756156289E-16,0.,-1.));
#8517=DIRECTION('',(0.,-1.,0.));
#8518=DIRECTION('center_axis',(-1.,0.,0.));
#8519=DIRECTION('ref_axis',(0.,0.,-1.));
#8520=DIRECTION('center_axis',(0.,-1.,0.));
#8521=DIRECTION('ref_axis',(1.,0.,0.));
#8522=DIRECTION('center_axis',(0.,-1.,0.));
#8523=DIRECTION('ref_axis',(1.,0.,0.));
#8524=DIRECTION('',(0.,-1.,0.));
#8525=DIRECTION('center_axis',(0.,1.,0.));
#8526=DIRECTION('ref_axis',(1.,0.,0.));
#8527=DIRECTION('center_axis',(0.,-1.,0.));
#8528=DIRECTION('ref_axis',(0.987688340595138,0.,0.156434465040231));
#8529=DIRECTION('center_axis',(0.,1.,0.));
#8530=DIRECTION('ref_axis',(0.987688340595138,0.,0.156434465040231));
#8531=DIRECTION('',(0.,-1.,0.));
#8532=DIRECTION('center_axis',(0.,-1.,0.));
#8533=DIRECTION('ref_axis',(0.987688340595138,0.,0.156434465040231));
#8534=DIRECTION('',(0.,1.,0.));
#8535=DIRECTION('center_axis',(0.,-1.,0.));
#8536=DIRECTION('ref_axis',(0.951056516295153,0.,0.309016994374948));
#8537=DIRECTION('center_axis',(0.,1.,0.));
#8538=DIRECTION('ref_axis',(0.951056516295153,0.,0.309016994374948));
#8539=DIRECTION('',(0.,-1.,0.));
#8540=DIRECTION('center_axis',(0.,-1.,0.));
#8541=DIRECTION('ref_axis',(0.951056516295153,0.,0.309016994374948));
#8542=DIRECTION('',(0.,1.,0.));
#8543=DIRECTION('center_axis',(0.,-1.,0.));
#8544=DIRECTION('ref_axis',(0.891006524188368,0.,0.453990499739547));
#8545=DIRECTION('center_axis',(0.,1.,0.));
#8546=DIRECTION('ref_axis',(0.891006524188368,0.,0.453990499739547));
#8547=DIRECTION('',(0.,-1.,0.));
#8548=DIRECTION('center_axis',(0.,-1.,0.));
#8549=DIRECTION('ref_axis',(0.891006524188368,0.,0.453990499739547));
#8550=DIRECTION('',(0.,1.,0.));
#8551=DIRECTION('center_axis',(0.,-1.,0.));
#8552=DIRECTION('ref_axis',(0.809016994374947,0.,0.587785252292473));
#8553=DIRECTION('center_axis',(0.,1.,0.));
#8554=DIRECTION('ref_axis',(0.809016994374947,0.,0.587785252292473));
#8555=DIRECTION('',(0.,-1.,0.));
#8556=DIRECTION('center_axis',(0.,-1.,0.));
#8557=DIRECTION('ref_axis',(0.809016994374947,0.,0.587785252292473));
#8558=DIRECTION('',(0.,1.,0.));
#8559=DIRECTION('center_axis',(0.,-1.,0.));
#8560=DIRECTION('ref_axis',(0.707106781186547,0.,0.707106781186548));
#8561=DIRECTION('center_axis',(0.,1.,0.));
#8562=DIRECTION('ref_axis',(0.707106781186547,0.,0.707106781186548));
#8563=DIRECTION('',(0.,-1.,0.));
#8564=DIRECTION('center_axis',(0.,-1.,0.));
#8565=DIRECTION('ref_axis',(0.707106781186547,0.,0.707106781186548));
#8566=DIRECTION('',(0.,1.,0.));
#8567=DIRECTION('center_axis',(0.,-1.,0.));
#8568=DIRECTION('ref_axis',(0.587785252292473,0.,0.809016994374948));
#8569=DIRECTION('center_axis',(0.,1.,0.));
#8570=DIRECTION('ref_axis',(0.587785252292473,0.,0.809016994374948));
#8571=DIRECTION('',(0.,-1.,0.));
#8572=DIRECTION('center_axis',(0.,-1.,0.));
#8573=DIRECTION('ref_axis',(0.587785252292473,0.,0.809016994374948));
#8574=DIRECTION('',(0.,1.,0.));
#8575=DIRECTION('center_axis',(0.,-1.,0.));
#8576=DIRECTION('ref_axis',(0.453990499739547,0.,0.891006524188368));
#8577=DIRECTION('center_axis',(0.,1.,0.));
#8578=DIRECTION('ref_axis',(0.453990499739547,0.,0.891006524188368));
#8579=DIRECTION('',(0.,-1.,0.));
#8580=DIRECTION('center_axis',(0.,-1.,0.));
#8581=DIRECTION('ref_axis',(0.453990499739547,0.,0.891006524188368));
#8582=DIRECTION('',(0.,1.,0.));
#8583=DIRECTION('center_axis',(0.,-1.,0.));
#8584=DIRECTION('ref_axis',(0.309016994374947,0.,0.951056516295154));
#8585=DIRECTION('center_axis',(0.,1.,0.));
#8586=DIRECTION('ref_axis',(0.309016994374947,0.,0.951056516295154));
#8587=DIRECTION('',(0.,-1.,0.));
#8588=DIRECTION('center_axis',(0.,-1.,0.));
#8589=DIRECTION('ref_axis',(0.309016994374947,0.,0.951056516295154));
#8590=DIRECTION('',(0.,1.,0.));
#8591=DIRECTION('center_axis',(0.,-1.,0.));
#8592=DIRECTION('ref_axis',(0.156434465040231,0.,0.987688340595138));
#8593=DIRECTION('center_axis',(0.,1.,0.));
#8594=DIRECTION('ref_axis',(0.156434465040231,0.,0.987688340595138));
#8595=DIRECTION('',(0.,-1.,0.));
#8596=DIRECTION('center_axis',(0.,-1.,0.));
#8597=DIRECTION('ref_axis',(0.156434465040231,0.,0.987688340595138));
#8598=DIRECTION('',(0.,1.,0.));
#8599=DIRECTION('center_axis',(0.,-1.,0.));
#8600=DIRECTION('ref_axis',(-1.95156391047391E-16,0.,1.));
#8601=DIRECTION('center_axis',(0.,1.,0.));
#8602=DIRECTION('ref_axis',(-1.95156391047391E-16,0.,1.));
#8603=DIRECTION('',(0.,-1.,0.));
#8604=DIRECTION('center_axis',(0.,-1.,0.));
#8605=DIRECTION('ref_axis',(-1.95156391047391E-16,0.,1.));
#8606=DIRECTION('',(0.,1.,0.));
#8607=DIRECTION('center_axis',(0.,-1.,0.));
#8608=DIRECTION('ref_axis',(-0.156434465040231,0.,0.987688340595138));
#8609=DIRECTION('center_axis',(0.,1.,0.));
#8610=DIRECTION('ref_axis',(-0.156434465040231,0.,0.987688340595138));
#8611=DIRECTION('',(0.,-1.,0.));
#8612=DIRECTION('center_axis',(0.,-1.,0.));
#8613=DIRECTION('ref_axis',(-0.156434465040231,0.,0.987688340595138));
#8614=DIRECTION('',(0.,1.,0.));
#8615=DIRECTION('center_axis',(0.,-1.,0.));
#8616=DIRECTION('ref_axis',(-0.309016994374948,0.,0.951056516295153));
#8617=DIRECTION('center_axis',(0.,1.,0.));
#8618=DIRECTION('ref_axis',(-0.309016994374948,0.,0.951056516295153));
#8619=DIRECTION('',(0.,-1.,0.));
#8620=DIRECTION('center_axis',(0.,-1.,0.));
#8621=DIRECTION('ref_axis',(-0.309016994374948,0.,0.951056516295153));
#8622=DIRECTION('',(0.,1.,0.));
#8623=DIRECTION('center_axis',(0.,-1.,0.));
#8624=DIRECTION('ref_axis',(-0.453990499739547,0.,0.891006524188368));
#8625=DIRECTION('center_axis',(0.,1.,0.));
#8626=DIRECTION('ref_axis',(-0.453990499739547,0.,0.891006524188368));
#8627=DIRECTION('',(0.,-1.,0.));
#8628=DIRECTION('center_axis',(0.,-1.,0.));
#8629=DIRECTION('ref_axis',(-0.453990499739547,0.,0.891006524188368));
#8630=DIRECTION('',(0.,1.,0.));
#8631=DIRECTION('center_axis',(0.,-1.,0.));
#8632=DIRECTION('ref_axis',(-0.587785252292473,0.,0.809016994374947));
#8633=DIRECTION('center_axis',(0.,1.,0.));
#8634=DIRECTION('ref_axis',(-0.587785252292473,0.,0.809016994374947));
#8635=DIRECTION('',(0.,-1.,0.));
#8636=DIRECTION('center_axis',(0.,-1.,0.));
#8637=DIRECTION('ref_axis',(-0.587785252292473,0.,0.809016994374947));
#8638=DIRECTION('',(0.,1.,0.));
#8639=DIRECTION('center_axis',(0.,-1.,0.));
#8640=DIRECTION('ref_axis',(-0.707106781186548,0.,0.707106781186547));
#8641=DIRECTION('center_axis',(0.,1.,0.));
#8642=DIRECTION('ref_axis',(-0.707106781186548,0.,0.707106781186547));
#8643=DIRECTION('',(0.,-1.,0.));
#8644=DIRECTION('center_axis',(0.,-1.,0.));
#8645=DIRECTION('ref_axis',(-0.707106781186548,0.,0.707106781186547));
#8646=DIRECTION('',(0.,1.,0.));
#8647=DIRECTION('center_axis',(0.,-1.,0.));
#8648=DIRECTION('ref_axis',(-0.809016994374947,0.,0.587785252292473));
#8649=DIRECTION('center_axis',(0.,1.,0.));
#8650=DIRECTION('ref_axis',(-0.809016994374947,0.,0.587785252292473));
#8651=DIRECTION('',(0.,-1.,0.));
#8652=DIRECTION('center_axis',(0.,-1.,0.));
#8653=DIRECTION('ref_axis',(-0.809016994374947,0.,0.587785252292473));
#8654=DIRECTION('',(0.,1.,0.));
#8655=DIRECTION('center_axis',(0.,-1.,0.));
#8656=DIRECTION('ref_axis',(-0.891006524188368,0.,0.453990499739547));
#8657=DIRECTION('center_axis',(0.,1.,0.));
#8658=DIRECTION('ref_axis',(-0.891006524188368,0.,0.453990499739547));
#8659=DIRECTION('',(0.,-1.,0.));
#8660=DIRECTION('center_axis',(0.,-1.,0.));
#8661=DIRECTION('ref_axis',(-0.891006524188368,0.,0.453990499739547));
#8662=DIRECTION('',(0.,1.,0.));
#8663=DIRECTION('center_axis',(0.,-1.,0.));
#8664=DIRECTION('ref_axis',(-0.951056516295154,0.,0.309016994374947));
#8665=DIRECTION('center_axis',(0.,1.,0.));
#8666=DIRECTION('ref_axis',(-0.951056516295154,0.,0.309016994374947));
#8667=DIRECTION('',(0.,-1.,0.));
#8668=DIRECTION('center_axis',(0.,-1.,0.));
#8669=DIRECTION('ref_axis',(-0.951056516295154,0.,0.309016994374947));
#8670=DIRECTION('',(0.,1.,0.));
#8671=DIRECTION('center_axis',(0.,-1.,0.));
#8672=DIRECTION('ref_axis',(-0.987688340595138,0.,0.156434465040231));
#8673=DIRECTION('center_axis',(0.,1.,0.));
#8674=DIRECTION('ref_axis',(-0.987688340595138,0.,0.156434465040231));
#8675=DIRECTION('',(0.,-1.,0.));
#8676=DIRECTION('center_axis',(0.,-1.,0.));
#8677=DIRECTION('ref_axis',(-0.987688340595138,0.,0.156434465040231));
#8678=DIRECTION('',(0.,1.,0.));
#8679=DIRECTION('center_axis',(0.,-1.,0.));
#8680=DIRECTION('ref_axis',(-1.,0.,-1.0842021724855E-16));
#8681=DIRECTION('center_axis',(0.,1.,0.));
#8682=DIRECTION('ref_axis',(-1.,0.,-1.0842021724855E-16));
#8683=DIRECTION('',(0.,-1.,0.));
#8684=DIRECTION('center_axis',(0.,-1.,0.));
#8685=DIRECTION('ref_axis',(-1.,0.,-1.0842021724855E-16));
#8686=DIRECTION('',(0.,1.,0.));
#8687=DIRECTION('center_axis',(0.,-1.,0.));
#8688=DIRECTION('ref_axis',(-0.987688340595138,0.,-0.156434465040231));
#8689=DIRECTION('center_axis',(0.,1.,0.));
#8690=DIRECTION('ref_axis',(-0.987688340595138,0.,-0.156434465040231));
#8691=DIRECTION('',(0.,-1.,0.));
#8692=DIRECTION('center_axis',(0.,-1.,0.));
#8693=DIRECTION('ref_axis',(-0.987688340595138,0.,-0.156434465040231));
#8694=DIRECTION('',(0.,1.,0.));
#8695=DIRECTION('center_axis',(0.,-1.,0.));
#8696=DIRECTION('ref_axis',(-0.951056516295153,0.,-0.309016994374948));
#8697=DIRECTION('center_axis',(0.,1.,0.));
#8698=DIRECTION('ref_axis',(-0.951056516295153,0.,-0.309016994374948));
#8699=DIRECTION('',(0.,-1.,0.));
#8700=DIRECTION('center_axis',(0.,-1.,0.));
#8701=DIRECTION('ref_axis',(-0.951056516295153,0.,-0.309016994374948));
#8702=DIRECTION('',(0.,1.,0.));
#8703=DIRECTION('center_axis',(0.,-1.,0.));
#8704=DIRECTION('ref_axis',(-0.891006524188368,0.,-0.453990499739547));
#8705=DIRECTION('center_axis',(0.,1.,0.));
#8706=DIRECTION('ref_axis',(-0.891006524188368,0.,-0.453990499739547));
#8707=DIRECTION('',(0.,-1.,0.));
#8708=DIRECTION('center_axis',(0.,-1.,0.));
#8709=DIRECTION('ref_axis',(-0.891006524188368,0.,-0.453990499739547));
#8710=DIRECTION('',(0.,1.,0.));
#8711=DIRECTION('center_axis',(0.,-1.,0.));
#8712=DIRECTION('ref_axis',(-0.809016994374947,0.,-0.587785252292473));
#8713=DIRECTION('center_axis',(0.,1.,0.));
#8714=DIRECTION('ref_axis',(-0.809016994374947,0.,-0.587785252292473));
#8715=DIRECTION('',(0.,-1.,0.));
#8716=DIRECTION('center_axis',(0.,-1.,0.));
#8717=DIRECTION('ref_axis',(-0.809016994374947,0.,-0.587785252292473));
#8718=DIRECTION('',(0.,1.,0.));
#8719=DIRECTION('center_axis',(0.,-1.,0.));
#8720=DIRECTION('ref_axis',(-0.707106781186548,0.,-0.707106781186548));
#8721=DIRECTION('center_axis',(0.,1.,0.));
#8722=DIRECTION('ref_axis',(-0.707106781186548,0.,-0.707106781186548));
#8723=DIRECTION('',(0.,-1.,0.));
#8724=DIRECTION('center_axis',(0.,-1.,0.));
#8725=DIRECTION('ref_axis',(-0.707106781186548,0.,-0.707106781186548));
#8726=DIRECTION('',(0.,1.,0.));
#8727=DIRECTION('center_axis',(0.,-1.,0.));
#8728=DIRECTION('ref_axis',(-0.587785252292473,0.,-0.809016994374947));
#8729=DIRECTION('center_axis',(0.,1.,0.));
#8730=DIRECTION('ref_axis',(-0.587785252292473,0.,-0.809016994374947));
#8731=DIRECTION('',(0.,-1.,0.));
#8732=DIRECTION('center_axis',(0.,-1.,0.));
#8733=DIRECTION('ref_axis',(-0.587785252292473,0.,-0.809016994374947));
#8734=DIRECTION('',(0.,1.,0.));
#8735=DIRECTION('center_axis',(0.,-1.,0.));
#8736=DIRECTION('ref_axis',(-0.453990499739547,0.,-0.891006524188368));
#8737=DIRECTION('center_axis',(0.,1.,0.));
#8738=DIRECTION('ref_axis',(-0.453990499739547,0.,-0.891006524188368));
#8739=DIRECTION('',(0.,-1.,0.));
#8740=DIRECTION('center_axis',(0.,-1.,0.));
#8741=DIRECTION('ref_axis',(-0.453990499739547,0.,-0.891006524188368));
#8742=DIRECTION('',(0.,1.,0.));
#8743=DIRECTION('center_axis',(0.,-1.,0.));
#8744=DIRECTION('ref_axis',(-0.309016994374947,0.,-0.951056516295154));
#8745=DIRECTION('center_axis',(0.,1.,0.));
#8746=DIRECTION('ref_axis',(-0.309016994374947,0.,-0.951056516295154));
#8747=DIRECTION('',(0.,-1.,0.));
#8748=DIRECTION('center_axis',(0.,-1.,0.));
#8749=DIRECTION('ref_axis',(-0.309016994374947,0.,-0.951056516295154));
#8750=DIRECTION('',(0.,1.,0.));
#8751=DIRECTION('center_axis',(0.,-1.,0.));
#8752=DIRECTION('ref_axis',(-0.156434465040231,0.,-0.987688340595138));
#8753=DIRECTION('center_axis',(0.,1.,0.));
#8754=DIRECTION('ref_axis',(-0.156434465040231,0.,-0.987688340595138));
#8755=DIRECTION('',(0.,-1.,0.));
#8756=DIRECTION('center_axis',(0.,-1.,0.));
#8757=DIRECTION('ref_axis',(-0.156434465040231,0.,-0.987688340595138));
#8758=DIRECTION('',(0.,1.,0.));
#8759=DIRECTION('center_axis',(0.,-1.,0.));
#8760=DIRECTION('ref_axis',(4.33680868994201E-17,0.,-1.));
#8761=DIRECTION('center_axis',(0.,1.,0.));
#8762=DIRECTION('ref_axis',(4.33680868994201E-17,0.,-1.));
#8763=DIRECTION('',(0.,-1.,0.));
#8764=DIRECTION('center_axis',(0.,-1.,0.));
#8765=DIRECTION('ref_axis',(4.33680868994201E-17,0.,-1.));
#8766=DIRECTION('',(0.,1.,0.));
#8767=DIRECTION('center_axis',(0.,-1.,0.));
#8768=DIRECTION('ref_axis',(0.156434465040231,0.,-0.987688340595138));
#8769=DIRECTION('center_axis',(0.,1.,0.));
#8770=DIRECTION('ref_axis',(0.156434465040231,0.,-0.987688340595138));
#8771=DIRECTION('',(0.,-1.,0.));
#8772=DIRECTION('center_axis',(0.,-1.,0.));
#8773=DIRECTION('ref_axis',(0.156434465040231,0.,-0.987688340595138));
#8774=DIRECTION('',(0.,1.,0.));
#8775=DIRECTION('center_axis',(0.,-1.,0.));
#8776=DIRECTION('ref_axis',(0.309016994374948,0.,-0.951056516295153));
#8777=DIRECTION('center_axis',(0.,1.,0.));
#8778=DIRECTION('ref_axis',(0.309016994374948,0.,-0.951056516295153));
#8779=DIRECTION('',(0.,-1.,0.));
#8780=DIRECTION('center_axis',(0.,-1.,0.));
#8781=DIRECTION('ref_axis',(0.309016994374948,0.,-0.951056516295153));
#8782=DIRECTION('',(0.,1.,0.));
#8783=DIRECTION('center_axis',(0.,-1.,0.));
#8784=DIRECTION('ref_axis',(0.453990499739547,0.,-0.891006524188368));
#8785=DIRECTION('center_axis',(0.,1.,0.));
#8786=DIRECTION('ref_axis',(0.453990499739547,0.,-0.891006524188368));
#8787=DIRECTION('',(0.,-1.,0.));
#8788=DIRECTION('center_axis',(0.,-1.,0.));
#8789=DIRECTION('ref_axis',(0.453990499739547,0.,-0.891006524188368));
#8790=DIRECTION('',(0.,1.,0.));
#8791=DIRECTION('center_axis',(0.,-1.,0.));
#8792=DIRECTION('ref_axis',(0.587785252292473,0.,-0.809016994374947));
#8793=DIRECTION('center_axis',(0.,1.,0.));
#8794=DIRECTION('ref_axis',(0.587785252292473,0.,-0.809016994374947));
#8795=DIRECTION('',(0.,-1.,0.));
#8796=DIRECTION('center_axis',(0.,-1.,0.));
#8797=DIRECTION('ref_axis',(0.587785252292473,0.,-0.809016994374947));
#8798=DIRECTION('',(0.,1.,0.));
#8799=DIRECTION('center_axis',(0.,-1.,0.));
#8800=DIRECTION('ref_axis',(0.707106781186548,0.,-0.707106781186548));
#8801=DIRECTION('center_axis',(0.,1.,0.));
#8802=DIRECTION('ref_axis',(0.707106781186548,0.,-0.707106781186548));
#8803=DIRECTION('',(0.,-1.,0.));
#8804=DIRECTION('center_axis',(0.,-1.,0.));
#8805=DIRECTION('ref_axis',(0.707106781186548,0.,-0.707106781186548));
#8806=DIRECTION('',(0.,1.,0.));
#8807=DIRECTION('center_axis',(0.,-1.,0.));
#8808=DIRECTION('ref_axis',(0.809016994374947,0.,-0.587785252292473));
#8809=DIRECTION('center_axis',(0.,1.,0.));
#8810=DIRECTION('ref_axis',(0.809016994374947,0.,-0.587785252292473));
#8811=DIRECTION('',(0.,-1.,0.));
#8812=DIRECTION('center_axis',(0.,-1.,0.));
#8813=DIRECTION('ref_axis',(0.809016994374947,0.,-0.587785252292473));
#8814=DIRECTION('',(0.,1.,0.));
#8815=DIRECTION('center_axis',(0.,-1.,0.));
#8816=DIRECTION('ref_axis',(0.891006524188368,0.,-0.453990499739547));
#8817=DIRECTION('center_axis',(0.,1.,0.));
#8818=DIRECTION('ref_axis',(0.891006524188368,0.,-0.453990499739547));
#8819=DIRECTION('',(0.,-1.,0.));
#8820=DIRECTION('center_axis',(0.,-1.,0.));
#8821=DIRECTION('ref_axis',(0.891006524188368,0.,-0.453990499739547));
#8822=DIRECTION('',(0.,1.,0.));
#8823=DIRECTION('center_axis',(0.,-1.,0.));
#8824=DIRECTION('ref_axis',(0.951056516295154,0.,-0.309016994374947));
#8825=DIRECTION('center_axis',(0.,1.,0.));
#8826=DIRECTION('ref_axis',(0.951056516295154,0.,-0.309016994374947));
#8827=DIRECTION('',(0.,-1.,0.));
#8828=DIRECTION('center_axis',(0.,-1.,0.));
#8829=DIRECTION('ref_axis',(0.951056516295154,0.,-0.309016994374947));
#8830=DIRECTION('',(0.,1.,0.));
#8831=DIRECTION('center_axis',(0.,-1.,0.));
#8832=DIRECTION('ref_axis',(0.987688340595138,0.,-0.156434465040231));
#8833=DIRECTION('center_axis',(0.,1.,0.));
#8834=DIRECTION('ref_axis',(0.987688340595138,0.,-0.156434465040231));
#8835=DIRECTION('',(0.,-1.,0.));
#8836=DIRECTION('center_axis',(0.,-1.,0.));
#8837=DIRECTION('ref_axis',(0.987688340595138,0.,-0.156434465040231));
#8838=DIRECTION('',(0.,1.,0.));
#8839=DIRECTION('center_axis',(0.,1.,0.));
#8840=DIRECTION('ref_axis',(0.,0.,1.));
#8841=DIRECTION('center_axis',(0.,1.,0.));
#8842=DIRECTION('ref_axis',(1.,0.,0.));
#8843=DIRECTION('center_axis',(0.,-1.,0.));
#8844=DIRECTION('ref_axis',(1.,0.,0.));
#8845=DIRECTION('center_axis',(0.,1.,0.));
#8846=DIRECTION('ref_axis',(1.,0.,0.));
#8847=DIRECTION('center_axis',(0.,1.,0.));
#8848=DIRECTION('ref_axis',(1.,0.,0.));
#8849=DIRECTION('center_axis',(0.,1.,0.));
#8850=DIRECTION('ref_axis',(1.,0.,0.));
#8851=DIRECTION('center_axis',(0.,1.,0.));
#8852=DIRECTION('ref_axis',(1.,0.,0.));
#8853=DIRECTION('center_axis',(0.,1.,0.));
#8854=DIRECTION('ref_axis',(1.,0.,0.));
#8855=DIRECTION('center_axis',(0.,1.,0.));
#8856=DIRECTION('ref_axis',(1.,0.,0.));
#8857=DIRECTION('center_axis',(0.,1.,0.));
#8858=DIRECTION('ref_axis',(1.,0.,0.));
#8859=DIRECTION('center_axis',(0.,1.,0.));
#8860=DIRECTION('ref_axis',(1.,0.,0.));
#8861=DIRECTION('center_axis',(0.,1.,0.));
#8862=DIRECTION('ref_axis',(1.,0.,0.));
#8863=DIRECTION('center_axis',(0.,1.,0.));
#8864=DIRECTION('ref_axis',(1.,0.,0.));
#8865=DIRECTION('center_axis',(0.,1.,0.));
#8866=DIRECTION('ref_axis',(1.,0.,0.));
#8867=DIRECTION('center_axis',(0.,1.,0.));
#8868=DIRECTION('ref_axis',(1.,0.,0.));
#8869=DIRECTION('center_axis',(0.,1.,0.));
#8870=DIRECTION('ref_axis',(1.,0.,0.));
#8871=DIRECTION('center_axis',(0.,1.,0.));
#8872=DIRECTION('ref_axis',(1.,0.,0.));
#8873=DIRECTION('center_axis',(0.,1.,0.));
#8874=DIRECTION('ref_axis',(1.,0.,0.));
#8875=DIRECTION('center_axis',(0.,1.,0.));
#8876=DIRECTION('ref_axis',(1.,0.,0.));
#8877=DIRECTION('center_axis',(0.,1.,0.));
#8878=DIRECTION('ref_axis',(1.,0.,0.));
#8879=DIRECTION('center_axis',(0.,1.,0.));
#8880=DIRECTION('ref_axis',(1.,0.,0.));
#8881=DIRECTION('center_axis',(0.,1.,0.));
#8882=DIRECTION('ref_axis',(1.,0.,0.));
#8883=DIRECTION('center_axis',(0.,1.,0.));
#8884=DIRECTION('ref_axis',(1.,0.,0.));
#8885=DIRECTION('center_axis',(0.,1.,0.));
#8886=DIRECTION('ref_axis',(1.,0.,0.));
#8887=DIRECTION('center_axis',(0.,1.,0.));
#8888=DIRECTION('ref_axis',(1.,0.,0.));
#8889=DIRECTION('center_axis',(0.,1.,0.));
#8890=DIRECTION('ref_axis',(1.,0.,0.));
#8891=DIRECTION('center_axis',(0.,1.,0.));
#8892=DIRECTION('ref_axis',(1.,0.,0.));
#8893=DIRECTION('center_axis',(0.,1.,0.));
#8894=DIRECTION('ref_axis',(1.,0.,0.));
#8895=DIRECTION('center_axis',(0.,1.,0.));
#8896=DIRECTION('ref_axis',(1.,0.,0.));
#8897=DIRECTION('center_axis',(0.,1.,0.));
#8898=DIRECTION('ref_axis',(1.,0.,0.));
#8899=DIRECTION('center_axis',(0.,1.,0.));
#8900=DIRECTION('ref_axis',(1.,0.,0.));
#8901=DIRECTION('center_axis',(0.,1.,0.));
#8902=DIRECTION('ref_axis',(1.,0.,0.));
#8903=DIRECTION('center_axis',(0.,1.,0.));
#8904=DIRECTION('ref_axis',(1.,0.,0.));
#8905=DIRECTION('center_axis',(0.,1.,0.));
#8906=DIRECTION('ref_axis',(1.,0.,0.));
#8907=DIRECTION('center_axis',(0.,1.,0.));
#8908=DIRECTION('ref_axis',(1.,0.,0.));
#8909=DIRECTION('center_axis',(0.,1.,0.));
#8910=DIRECTION('ref_axis',(1.,0.,0.));
#8911=DIRECTION('center_axis',(0.,1.,0.));
#8912=DIRECTION('ref_axis',(1.,0.,0.));
#8913=DIRECTION('center_axis',(0.,1.,0.));
#8914=DIRECTION('ref_axis',(1.,0.,0.));
#8915=DIRECTION('center_axis',(0.,1.,0.));
#8916=DIRECTION('ref_axis',(1.,0.,0.));
#8917=DIRECTION('center_axis',(0.,1.,0.));
#8918=DIRECTION('ref_axis',(1.,0.,0.));
#8919=DIRECTION('center_axis',(0.,1.,0.));
#8920=DIRECTION('ref_axis',(1.,0.,0.));
#8921=DIRECTION('center_axis',(0.,1.,0.));
#8922=DIRECTION('ref_axis',(1.,0.,0.));
#8923=DIRECTION('center_axis',(0.,1.,0.));
#8924=DIRECTION('ref_axis',(1.,0.,0.));
#8925=DIRECTION('center_axis',(0.,1.,0.));
#8926=DIRECTION('ref_axis',(1.,0.,0.));
#8927=DIRECTION('',(0.,1.,0.));
#8928=DIRECTION('center_axis',(0.,1.,0.));
#8929=DIRECTION('ref_axis',(1.,0.,0.));
#8930=DIRECTION('',(0.,-1.,0.));
#8931=DIRECTION('center_axis',(0.,1.,0.));
#8932=DIRECTION('ref_axis',(1.,0.,0.));
#8933=DIRECTION('center_axis',(0.,1.,0.));
#8934=DIRECTION('ref_axis',(1.,0.,0.));
#8935=DIRECTION('center_axis',(0.,1.,0.));
#8936=DIRECTION('ref_axis',(1.,0.,0.));
#8937=DIRECTION('center_axis',(0.,1.,0.));
#8938=DIRECTION('ref_axis',(1.,0.,0.));
#8939=DIRECTION('center_axis',(0.,1.,0.));
#8940=DIRECTION('ref_axis',(1.,0.,0.));
#8941=DIRECTION('center_axis',(0.,1.,0.));
#8942=DIRECTION('ref_axis',(1.,0.,0.));
#8943=DIRECTION('center_axis',(0.,1.,0.));
#8944=DIRECTION('ref_axis',(1.,0.,0.));
#8945=DIRECTION('center_axis',(0.,1.,0.));
#8946=DIRECTION('ref_axis',(1.,0.,0.));
#8947=DIRECTION('center_axis',(0.,1.,0.));
#8948=DIRECTION('ref_axis',(1.,0.,0.));
#8949=DIRECTION('center_axis',(0.,1.,0.));
#8950=DIRECTION('ref_axis',(1.,0.,0.));
#8951=DIRECTION('center_axis',(0.,1.,0.));
#8952=DIRECTION('ref_axis',(1.,0.,0.));
#8953=DIRECTION('center_axis',(0.,1.,0.));
#8954=DIRECTION('ref_axis',(1.,0.,0.));
#8955=DIRECTION('center_axis',(0.,1.,0.));
#8956=DIRECTION('ref_axis',(1.,0.,0.));
#8957=DIRECTION('center_axis',(0.,1.,0.));
#8958=DIRECTION('ref_axis',(1.,0.,0.));
#8959=DIRECTION('center_axis',(0.,1.,0.));
#8960=DIRECTION('ref_axis',(1.,0.,0.));
#8961=DIRECTION('center_axis',(0.,1.,0.));
#8962=DIRECTION('ref_axis',(1.,0.,0.));
#8963=DIRECTION('center_axis',(0.,1.,0.));
#8964=DIRECTION('ref_axis',(1.,0.,0.));
#8965=DIRECTION('center_axis',(0.,1.,0.));
#8966=DIRECTION('ref_axis',(1.,0.,0.));
#8967=DIRECTION('center_axis',(0.,1.,0.));
#8968=DIRECTION('ref_axis',(1.,0.,0.));
#8969=DIRECTION('center_axis',(0.,1.,0.));
#8970=DIRECTION('ref_axis',(1.,0.,0.));
#8971=DIRECTION('center_axis',(0.,1.,0.));
#8972=DIRECTION('ref_axis',(1.,0.,0.));
#8973=DIRECTION('center_axis',(0.,1.,0.));
#8974=DIRECTION('ref_axis',(1.,0.,0.));
#8975=DIRECTION('center_axis',(0.,1.,0.));
#8976=DIRECTION('ref_axis',(1.,0.,0.));
#8977=DIRECTION('center_axis',(0.,1.,0.));
#8978=DIRECTION('ref_axis',(1.,0.,0.));
#8979=DIRECTION('center_axis',(0.,1.,0.));
#8980=DIRECTION('ref_axis',(1.,0.,0.));
#8981=DIRECTION('center_axis',(0.,1.,0.));
#8982=DIRECTION('ref_axis',(1.,0.,0.));
#8983=DIRECTION('center_axis',(0.,1.,0.));
#8984=DIRECTION('ref_axis',(1.,0.,0.));
#8985=DIRECTION('center_axis',(0.,1.,0.));
#8986=DIRECTION('ref_axis',(1.,0.,0.));
#8987=DIRECTION('center_axis',(0.,1.,0.));
#8988=DIRECTION('ref_axis',(1.,0.,0.));
#8989=DIRECTION('center_axis',(0.,1.,0.));
#8990=DIRECTION('ref_axis',(1.,0.,0.));
#8991=DIRECTION('center_axis',(0.,1.,0.));
#8992=DIRECTION('ref_axis',(1.,0.,0.));
#8993=DIRECTION('center_axis',(0.,1.,0.));
#8994=DIRECTION('ref_axis',(1.,0.,0.));
#8995=DIRECTION('center_axis',(0.,1.,0.));
#8996=DIRECTION('ref_axis',(1.,0.,0.));
#8997=DIRECTION('center_axis',(0.,1.,0.));
#8998=DIRECTION('ref_axis',(1.,0.,0.));
#8999=DIRECTION('center_axis',(0.,1.,0.));
#9000=DIRECTION('ref_axis',(1.,0.,0.));
#9001=DIRECTION('center_axis',(0.,1.,0.));
#9002=DIRECTION('ref_axis',(1.,0.,0.));
#9003=DIRECTION('center_axis',(0.,1.,0.));
#9004=DIRECTION('ref_axis',(1.,0.,0.));
#9005=DIRECTION('center_axis',(0.,1.,0.));
#9006=DIRECTION('ref_axis',(1.,0.,0.));
#9007=DIRECTION('center_axis',(0.,1.,0.));
#9008=DIRECTION('ref_axis',(1.,0.,0.));
#9009=DIRECTION('center_axis',(0.,1.,0.));
#9010=DIRECTION('ref_axis',(1.,0.,0.));
#9011=DIRECTION('center_axis',(0.,1.,0.));
#9012=DIRECTION('ref_axis',(1.,0.,0.));
#9013=DIRECTION('center_axis',(0.,1.,0.));
#9014=DIRECTION('ref_axis',(1.,0.,0.));
#9015=DIRECTION('center_axis',(0.,1.,0.));
#9016=DIRECTION('ref_axis',(1.,0.,0.));
#9017=DIRECTION('center_axis',(0.,1.,0.));
#9018=DIRECTION('ref_axis',(1.,0.,0.));
#9019=DIRECTION('center_axis',(0.,1.,0.));
#9020=DIRECTION('ref_axis',(1.,0.,0.));
#9021=DIRECTION('center_axis',(0.,1.,0.));
#9022=DIRECTION('ref_axis',(1.,0.,0.));
#9023=DIRECTION('center_axis',(0.,1.,0.));
#9024=DIRECTION('ref_axis',(1.,0.,0.));
#9025=DIRECTION('center_axis',(0.,1.,0.));
#9026=DIRECTION('ref_axis',(1.,0.,0.));
#9027=DIRECTION('center_axis',(0.,1.,0.));
#9028=DIRECTION('ref_axis',(1.,0.,0.));
#9029=DIRECTION('center_axis',(0.,1.,0.));
#9030=DIRECTION('ref_axis',(1.,0.,0.));
#9031=DIRECTION('center_axis',(0.,1.,0.));
#9032=DIRECTION('ref_axis',(1.,0.,0.));
#9033=DIRECTION('center_axis',(0.,1.,0.));
#9034=DIRECTION('ref_axis',(1.,0.,0.));
#9035=DIRECTION('center_axis',(0.,1.,0.));
#9036=DIRECTION('ref_axis',(1.,0.,0.));
#9037=DIRECTION('center_axis',(0.,1.,0.));
#9038=DIRECTION('ref_axis',(1.,0.,0.));
#9039=DIRECTION('center_axis',(0.,1.,0.));
#9040=DIRECTION('ref_axis',(1.,0.,0.));
#9041=DIRECTION('center_axis',(0.,1.,0.));
#9042=DIRECTION('ref_axis',(1.,0.,0.));
#9043=DIRECTION('center_axis',(0.,1.,0.));
#9044=DIRECTION('ref_axis',(1.,0.,0.));
#9045=DIRECTION('center_axis',(0.,1.,0.));
#9046=DIRECTION('ref_axis',(1.,0.,0.));
#9047=DIRECTION('center_axis',(0.,1.,0.));
#9048=DIRECTION('ref_axis',(1.,0.,0.));
#9049=DIRECTION('center_axis',(0.,1.,0.));
#9050=DIRECTION('ref_axis',(1.,0.,0.));
#9051=DIRECTION('center_axis',(0.,1.,0.));
#9052=DIRECTION('ref_axis',(1.,0.,0.));
#9053=DIRECTION('center_axis',(0.,1.,0.));
#9054=DIRECTION('ref_axis',(1.,0.,0.));
#9055=DIRECTION('center_axis',(0.,1.,0.));
#9056=DIRECTION('ref_axis',(1.,0.,0.));
#9057=DIRECTION('center_axis',(0.,1.,0.));
#9058=DIRECTION('ref_axis',(1.,0.,0.));
#9059=DIRECTION('center_axis',(0.,1.,0.));
#9060=DIRECTION('ref_axis',(1.,0.,0.));
#9061=DIRECTION('center_axis',(0.,1.,0.));
#9062=DIRECTION('ref_axis',(1.,0.,0.));
#9063=DIRECTION('center_axis',(0.,1.,0.));
#9064=DIRECTION('ref_axis',(1.,0.,0.));
#9065=DIRECTION('center_axis',(0.,1.,0.));
#9066=DIRECTION('ref_axis',(1.,0.,0.));
#9067=DIRECTION('center_axis',(0.,1.,0.));
#9068=DIRECTION('ref_axis',(1.,0.,0.));
#9069=DIRECTION('center_axis',(0.,1.,0.));
#9070=DIRECTION('ref_axis',(1.,0.,0.));
#9071=DIRECTION('center_axis',(0.,1.,0.));
#9072=DIRECTION('ref_axis',(1.,0.,0.));
#9073=DIRECTION('center_axis',(0.,1.,0.));
#9074=DIRECTION('ref_axis',(1.,0.,0.));
#9075=DIRECTION('center_axis',(0.,1.,0.));
#9076=DIRECTION('ref_axis',(1.,0.,0.));
#9077=DIRECTION('center_axis',(0.,1.,0.));
#9078=DIRECTION('ref_axis',(1.,0.,0.));
#9079=DIRECTION('center_axis',(0.,1.,0.));
#9080=DIRECTION('ref_axis',(1.,0.,0.));
#9081=DIRECTION('center_axis',(0.,-1.,0.));
#9082=DIRECTION('ref_axis',(1.,0.,0.));
#9083=DIRECTION('center_axis',(0.,1.,0.));
#9084=DIRECTION('ref_axis',(1.,0.,0.));
#9085=DIRECTION('center_axis',(0.,1.,0.));
#9086=DIRECTION('ref_axis',(0.,0.,1.));
#9087=DIRECTION('center_axis',(0.,1.,0.));
#9088=DIRECTION('ref_axis',(1.,0.,0.));
#9089=DIRECTION('center_axis',(0.,1.,0.));
#9090=DIRECTION('ref_axis',(1.,0.,0.));
#9091=DIRECTION('center_axis',(0.,0.,-1.));
#9092=DIRECTION('ref_axis',(-1.,0.,0.));
#9093=DIRECTION('center_axis',(0.,0.,-1.));
#9094=DIRECTION('ref_axis',(-1.,0.,0.));
#9095=DIRECTION('',(0.,0.,1.));
#9096=DIRECTION('center_axis',(0.,0.,-1.));
#9097=DIRECTION('ref_axis',(-1.,0.,0.));
#9098=DIRECTION('center_axis',(0.,0.,-1.));
#9099=DIRECTION('ref_axis',(-1.,0.,0.));
#9100=DIRECTION('center_axis',(0.,0.,-1.));
#9101=DIRECTION('ref_axis',(-1.,0.,0.));
#9102=DIRECTION('center_axis',(0.,0.,-1.));
#9103=DIRECTION('ref_axis',(-1.,0.,0.));
#9104=DIRECTION('center_axis',(0.,0.,-1.));
#9105=DIRECTION('ref_axis',(-1.,0.,0.));
#9106=DIRECTION('',(0.,0.,1.));
#9107=DIRECTION('center_axis',(0.,0.,-1.));
#9108=DIRECTION('ref_axis',(-1.,0.,0.));
#9109=DIRECTION('center_axis',(0.,0.,-1.));
#9110=DIRECTION('ref_axis',(-1.,0.,0.));
#9111=DIRECTION('center_axis',(0.,0.,-1.));
#9112=DIRECTION('ref_axis',(-1.,0.,0.));
#9113=DIRECTION('center_axis',(0.,0.,-1.));
#9114=DIRECTION('ref_axis',(-1.,0.,0.));
#9115=DIRECTION('center_axis',(0.,0.,-1.));
#9116=DIRECTION('ref_axis',(-1.,0.,0.));
#9117=DIRECTION('',(0.,0.,1.));
#9118=DIRECTION('center_axis',(0.,0.,-1.));
#9119=DIRECTION('ref_axis',(-1.,0.,0.));
#9120=DIRECTION('center_axis',(0.,0.,-1.));
#9121=DIRECTION('ref_axis',(-1.,0.,0.));
#9122=DIRECTION('center_axis',(0.,0.,-1.));
#9123=DIRECTION('ref_axis',(-1.,0.,0.));
#9124=DIRECTION('',(0.,0.,1.));
#9125=DIRECTION('',(1.,0.,0.));
#9126=DIRECTION('',(0.,0.,1.));
#9127=DIRECTION('',(1.,5.55111512312578E-17,0.));
#9128=DIRECTION('',(1.16743491188626E-16,-1.,-1.84889274661175E-31));
#9129=DIRECTION('',(2.22044604925031E-16,7.31853378867149E-32,-1.));
#9130=DIRECTION('axis',(0.,0.,1.));
#9131=DIRECTION('refdir',(1.,0.,0.));
#9132=DIRECTION('center_axis',(0.,0.,1.));
#9133=DIRECTION('ref_axis',(1.,0.,0.));
#9134=DIRECTION('center_axis',(0.,0.,1.));
#9135=DIRECTION('ref_axis',(1.,0.,0.));
#9136=DIRECTION('',(0.,0.,-1.));
#9137=DIRECTION('center_axis',(0.,0.,1.));
#9138=DIRECTION('ref_axis',(1.,0.,0.));
#9139=DIRECTION('center_axis',(0.,0.,1.));
#9140=DIRECTION('ref_axis',(1.,0.,0.));
#9141=DIRECTION('center_axis',(0.,0.,1.));
#9142=DIRECTION('ref_axis',(1.,0.,0.));
#9143=DIRECTION('axis',(0.,0.,1.));
#9144=DIRECTION('refdir',(1.,0.,0.));
#9145=DIRECTION('axis',(0.,0.,1.));
#9146=DIRECTION('refdir',(1.,0.,0.));
#9147=DIRECTION('center_axis',(0.,-0.99999725771576,0.00234191395249578));
#9148=DIRECTION('ref_axis',(0.,-0.00234191395249578,-0.99999725771576));
#9149=DIRECTION('',(0.,-0.00234191395249578,-0.99999725771576));
#9150=DIRECTION('',(1.,0.,0.));
#9151=DIRECTION('',(0.,-0.00234191395249578,-0.999997257715759));
#9152=DIRECTION('',(1.,0.,0.));
#9153=DIRECTION('center_axis',(0.,0.00234191395249593,0.99999725771576));
#9154=DIRECTION('ref_axis',(0.,-0.99999725771576,0.00234191395249593));
#9155=DIRECTION('',(0.,-0.99999725771576,0.00234191395249593));
#9156=DIRECTION('',(1.,0.,0.));
#9157=DIRECTION('',(0.,-0.999997257715759,0.00234191395249593));
#9158=DIRECTION('center_axis',(0.,0.99999725771576,-0.00234191395249717));
#9159=DIRECTION('ref_axis',(0.,0.00234191395249717,0.99999725771576));
#9160=DIRECTION('',(0.,0.00234191395249717,0.99999725771576));
#9161=DIRECTION('',(1.,0.,0.));
#9162=DIRECTION('',(0.,0.00234191395249717,0.999997257715759));
#9163=DIRECTION('center_axis',(0.,-0.00234191395249593,-0.99999725771576));
#9164=DIRECTION('ref_axis',(0.,0.99999725771576,-0.00234191395249593));
#9165=DIRECTION('',(0.,0.99999725771576,-0.00234191395249593));
#9166=DIRECTION('',(0.,0.999997257715759,-0.00234191395249593));
#9167=DIRECTION('center_axis',(1.,0.,0.));
#9168=DIRECTION('ref_axis',(0.,0.,-1.));
#9169=DIRECTION('center_axis',(0.,1.,0.));
#9170=DIRECTION('ref_axis',(0.,0.,1.));
#9171=DIRECTION('',(0.,0.,1.));
#9172=DIRECTION('',(1.,0.,0.));
#9173=DIRECTION('',(0.,0.,1.));
#9174=DIRECTION('',(1.,0.,0.));
#9175=DIRECTION('center_axis',(0.,0.,-1.));
#9176=DIRECTION('ref_axis',(0.,1.,0.));
#9177=DIRECTION('',(0.,1.,0.));
#9178=DIRECTION('',(1.,0.,0.));
#9179=DIRECTION('',(0.,1.,0.));
#9180=DIRECTION('center_axis',(0.,-1.,0.));
#9181=DIRECTION('ref_axis',(0.,0.,-1.));
#9182=DIRECTION('',(0.,0.,-1.));
#9183=DIRECTION('',(-1.,0.,0.));
#9184=DIRECTION('',(0.,0.,-1.));
#9185=DIRECTION('center_axis',(1.,0.,0.));
#9186=DIRECTION('ref_axis',(0.,0.,-1.));
#9187=DIRECTION('',(0.,-1.,0.));
#9188=DIRECTION('center_axis',(0.,0.,-1.));
#9189=DIRECTION('ref_axis',(0.,1.,0.));
#9190=DIRECTION('',(0.,1.,0.));
#9191=DIRECTION('',(1.,0.,0.));
#9192=DIRECTION('',(0.,1.,0.));
#9193=DIRECTION('',(1.,0.,0.));
#9194=DIRECTION('center_axis',(0.,-1.,0.));
#9195=DIRECTION('ref_axis',(0.,0.,-1.));
#9196=DIRECTION('',(0.,0.,-1.));
#9197=DIRECTION('',(-1.,0.,0.));
#9198=DIRECTION('',(0.,0.,-1.));
#9199=DIRECTION('center_axis',(0.,1.,0.));
#9200=DIRECTION('ref_axis',(0.,0.,1.));
#9201=DIRECTION('',(0.,0.,1.));
#9202=DIRECTION('',(0.,0.,1.));
#9203=DIRECTION('',(1.,0.,0.));
#9204=DIRECTION('center_axis',(1.,0.,0.));
#9205=DIRECTION('ref_axis',(0.,0.,-1.));
#9206=DIRECTION('',(0.,-1.,0.));
#9207=DIRECTION('center_axis',(-1.,0.,0.));
#9208=DIRECTION('ref_axis',(0.,-1.,0.));
#9209=DIRECTION('',(0.,-1.,0.));
#9210=DIRECTION('',(0.,0.,1.));
#9211=DIRECTION('',(0.,-1.,0.));
#9212=DIRECTION('',(0.,0.,1.));
#9213=DIRECTION('',(0.,-1.,0.));
#9214=DIRECTION('',(0.,-1.,0.));
#9215=DIRECTION('center_axis',(0.,1.,0.));
#9216=DIRECTION('ref_axis',(-1.,0.,0.));
#9217=DIRECTION('',(-1.,0.,0.));
#9218=DIRECTION('',(-1.,0.,0.));
#9219=DIRECTION('',(0.,0.,1.));
#9220=DIRECTION('center_axis',(1.,0.,0.));
#9221=DIRECTION('ref_axis',(0.,1.,0.));
#9222=DIRECTION('',(0.,1.,0.));
#9223=DIRECTION('',(0.,1.,0.));
#9224=DIRECTION('',(0.,0.,1.));
#9225=DIRECTION('center_axis',(0.,-1.,0.));
#9226=DIRECTION('ref_axis',(1.,0.,0.));
#9227=DIRECTION('',(1.,0.,0.));
#9228=DIRECTION('',(1.,0.,0.));
#9229=DIRECTION('center_axis',(0.,0.,1.));
#9230=DIRECTION('ref_axis',(1.,0.,0.));
#9231=DIRECTION('center_axis',(0.,0.,1.));
#9232=DIRECTION('ref_axis',(1.,0.,0.));
#9233=DIRECTION('axis',(0.,0.,1.));
#9234=DIRECTION('refdir',(1.,0.,0.));
#9235=DIRECTION('center_axis',(1.,0.,0.));
#9236=DIRECTION('ref_axis',(0.,-1.,0.));
#9237=DIRECTION('',(0.,-1.,0.));
#9238=DIRECTION('',(0.,0.,-1.));
#9239=DIRECTION('',(0.,1.,0.));
#9240=DIRECTION('',(0.,0.,-1.));
#9241=DIRECTION('center_axis',(0.,1.,0.));
#9242=DIRECTION('ref_axis',(1.,0.,0.));
#9243=DIRECTION('',(1.,0.,0.));
#9244=DIRECTION('',(0.,0.,-1.));
#9245=DIRECTION('',(-1.,0.,0.));
#9246=DIRECTION('center_axis',(-1.,-1.26882631385732E-16,0.));
#9247=DIRECTION('ref_axis',(-1.26882631385732E-16,1.,0.));
#9248=DIRECTION('',(-1.26882631385732E-16,1.,0.));
#9249=DIRECTION('',(0.,0.,1.));
#9250=DIRECTION('',(1.26882631385732E-16,-1.,0.));
#9251=DIRECTION('center_axis',(0.,-1.,0.));
#9252=DIRECTION('ref_axis',(1.,0.,0.));
#9253=DIRECTION('',(1.,0.,0.));
#9254=DIRECTION('',(0.,0.,1.));
#9255=DIRECTION('',(1.,0.,0.));
#9256=DIRECTION('center_axis',(0.,-1.,0.));
#9257=DIRECTION('ref_axis',(1.,0.,0.));
#9258=DIRECTION('',(1.,0.,0.));
#9259=DIRECTION('',(0.,0.,1.));
#9260=DIRECTION('',(1.,0.,0.));
#9261=DIRECTION('center_axis',(0.,0.,1.));
#9262=DIRECTION('ref_axis',(1.,0.,0.));
#9263=DIRECTION('',(0.,1.,0.));
#9264=DIRECTION('',(1.,0.,0.));
#9265=DIRECTION('',(0.,1.,0.));
#9266=DIRECTION('',(-1.,0.,0.));
#9267=DIRECTION('',(0.,1.,0.));
#9268=DIRECTION('',(-1.,0.,0.));
#9269=DIRECTION('',(0.,-1.,0.));
#9270=DIRECTION('',(-0.999999999999844,5.58793537367713E-7,0.));
#9271=DIRECTION('',(0.,-1.,0.));
#9272=DIRECTION('',(1.,0.,0.));
#9273=DIRECTION('',(0.,-1.,0.));
#9274=DIRECTION('center_axis',(0.,0.,-1.));
#9275=DIRECTION('ref_axis',(1.,0.,0.));
#9276=DIRECTION('center_axis',(0.,0.,1.));
#9277=DIRECTION('ref_axis',(1.,0.,0.));
#9278=DIRECTION('',(0.,0.,1.));
#9279=DIRECTION('center_axis',(0.,0.,-1.));
#9280=DIRECTION('ref_axis',(1.,0.,0.));
#9281=DIRECTION('center_axis',(0.,0.,-1.));
#9282=DIRECTION('ref_axis',(1.,0.,0.));
#9283=DIRECTION('center_axis',(0.,0.,-1.));
#9284=DIRECTION('ref_axis',(1.,0.,0.));
#9285=DIRECTION('',(0.,0.,1.));
#9286=DIRECTION('center_axis',(0.,0.,1.));
#9287=DIRECTION('ref_axis',(1.,0.,0.));
#9288=DIRECTION('center_axis',(0.,0.,-1.));
#9289=DIRECTION('ref_axis',(1.,0.,0.));
#9290=DIRECTION('center_axis',(0.,0.,1.));
#9291=DIRECTION('ref_axis',(1.,0.,0.));
#9292=DIRECTION('',(0.,-1.,0.));
#9293=DIRECTION('',(-1.,0.,0.));
#9294=DIRECTION('',(0.,-1.,0.));
#9295=DIRECTION('',(0.999999999999844,-5.58793537367713E-7,0.));
#9296=DIRECTION('',(0.,-1.,0.));
#9297=DIRECTION('',(-1.,0.,0.));
#9298=DIRECTION('',(0.,-1.,0.));
#9299=DIRECTION('',(1.,0.,0.));
#9300=DIRECTION('',(0.,1.,0.));
#9301=DIRECTION('',(1.,0.,0.));
#9302=DIRECTION('',(0.,1.,0.));
#9303=DIRECTION('center_axis',(0.,0.,1.));
#9304=DIRECTION('ref_axis',(1.,0.,0.));
#9305=DIRECTION('center_axis',(0.,0.,1.));
#9306=DIRECTION('ref_axis',(1.,0.,0.));
#9307=DIRECTION('center_axis',(0.,0.,1.));
#9308=DIRECTION('ref_axis',(1.,0.,0.));
#9309=DIRECTION('center_axis',(0.,0.,-1.));
#9310=DIRECTION('ref_axis',(1.,0.,0.));
#9311=DIRECTION('center_axis',(0.,0.,1.));
#9312=DIRECTION('ref_axis',(1.,0.,0.));
#9313=DIRECTION('',(0.,0.,1.));
#9314=DIRECTION('center_axis',(0.,0.,-1.));
#9315=DIRECTION('ref_axis',(1.,0.,0.));
#9316=DIRECTION('center_axis',(0.,0.,-1.));
#9317=DIRECTION('ref_axis',(1.,0.,0.));
#9318=DIRECTION('center_axis',(0.,0.,-1.));
#9319=DIRECTION('ref_axis',(1.,0.,0.));
#9320=DIRECTION('',(0.,0.,1.));
#9321=DIRECTION('center_axis',(0.,0.,-1.));
#9322=DIRECTION('ref_axis',(1.,0.,0.));
#9323=DIRECTION('center_axis',(0.,0.,1.));
#9324=DIRECTION('ref_axis',(1.,0.,0.));
#9325=DIRECTION('center_axis',(0.,0.,-1.));
#9326=DIRECTION('ref_axis',(1.,0.,0.));
#9327=DIRECTION('center_axis',(0.,0.,1.));
#9328=DIRECTION('ref_axis',(1.,0.,0.));
#9329=DIRECTION('',(0.,0.,1.));
#9330=DIRECTION('center_axis',(0.,0.,-1.));
#9331=DIRECTION('ref_axis',(1.,0.,0.));
#9332=DIRECTION('center_axis',(0.,0.,-1.));
#9333=DIRECTION('ref_axis',(1.,0.,0.));
#9334=DIRECTION('center_axis',(0.,0.,-1.));
#9335=DIRECTION('ref_axis',(1.,0.,0.));
#9336=DIRECTION('',(0.,0.,1.));
#9337=DIRECTION('center_axis',(0.,0.,-1.));
#9338=DIRECTION('ref_axis',(1.,0.,0.));
#9339=DIRECTION('center_axis',(0.,0.,1.));
#9340=DIRECTION('ref_axis',(1.,0.,0.));
#9341=DIRECTION('center_axis',(0.,0.,-1.));
#9342=DIRECTION('ref_axis',(1.,0.,0.));
#9343=DIRECTION('center_axis',(0.,0.,1.));
#9344=DIRECTION('ref_axis',(1.,0.,0.));
#9345=DIRECTION('',(0.,0.,1.));
#9346=DIRECTION('center_axis',(0.,0.,-1.));
#9347=DIRECTION('ref_axis',(1.,0.,0.));
#9348=DIRECTION('center_axis',(0.,0.,-1.));
#9349=DIRECTION('ref_axis',(1.,0.,0.));
#9350=DIRECTION('center_axis',(0.,0.,-1.));
#9351=DIRECTION('ref_axis',(1.,0.,0.));
#9352=DIRECTION('',(0.,0.,1.));
#9353=DIRECTION('center_axis',(0.,0.,-1.));
#9354=DIRECTION('ref_axis',(1.,0.,0.));
#9355=DIRECTION('center_axis',(0.,0.,1.));
#9356=DIRECTION('ref_axis',(1.,0.,0.));
#9357=DIRECTION('center_axis',(0.,-1.,0.));
#9358=DIRECTION('ref_axis',(1.,0.,0.));
#9359=DIRECTION('',(0.,0.,1.));
#9360=DIRECTION('',(0.,0.,1.));
#9361=DIRECTION('center_axis',(-1.,0.,0.));
#9362=DIRECTION('ref_axis',(0.,-1.,0.));
#9363=DIRECTION('',(0.,0.,1.));
#9364=DIRECTION('center_axis',(5.58793537367713E-7,0.999999999999844,0.));
#9365=DIRECTION('ref_axis',(-0.999999999999844,5.58793537367713E-7,0.));
#9366=DIRECTION('',(0.,0.,1.));
#9367=DIRECTION('center_axis',(-1.,0.,0.));
#9368=DIRECTION('ref_axis',(0.,-1.,0.));
#9369=DIRECTION('',(0.,0.,1.));
#9370=DIRECTION('center_axis',(0.,1.,0.));
#9371=DIRECTION('ref_axis',(-1.,0.,0.));
#9372=DIRECTION('',(0.,0.,1.));
#9373=DIRECTION('center_axis',(1.,0.,0.));
#9374=DIRECTION('ref_axis',(0.,1.,0.));
#9375=DIRECTION('',(0.,0.,1.));
#9376=DIRECTION('center_axis',(0.,1.,0.));
#9377=DIRECTION('ref_axis',(-1.,0.,0.));
#9378=DIRECTION('',(0.,0.,1.));
#9379=DIRECTION('center_axis',(1.,0.,0.));
#9380=DIRECTION('ref_axis',(0.,1.,0.));
#9381=DIRECTION('',(0.,0.,1.));
#9382=DIRECTION('center_axis',(0.,-1.,0.));
#9383=DIRECTION('ref_axis',(1.,0.,0.));
#9384=DIRECTION('',(0.,0.,1.));
#9385=DIRECTION('center_axis',(1.,0.,0.));
#9386=DIRECTION('ref_axis',(0.,1.,0.));
#9387=DIRECTION('center_axis',(-1.,0.,0.));
#9388=DIRECTION('ref_axis',(0.,-1.,0.));
#9389=DIRECTION('center_axis',(0.,0.,1.));
#9390=DIRECTION('ref_axis',(1.,0.,0.));
#9391=DIRECTION('axis',(0.,0.,1.));
#9392=DIRECTION('refdir',(1.,0.,0.));
#9393=DIRECTION('center_axis',(0.,1.,0.));
#9394=DIRECTION('ref_axis',(0.,0.,-1.));
#9395=DIRECTION('',(0.,0.,-1.));
#9396=DIRECTION('',(-1.,0.,0.));
#9397=DIRECTION('',(0.,0.,-1.));
#9398=DIRECTION('',(-1.,0.,0.));
#9399=DIRECTION('center_axis',(0.,0.,1.));
#9400=DIRECTION('ref_axis',(0.,1.,0.));
#9401=DIRECTION('',(0.,1.,0.));
#9402=DIRECTION('',(-1.,0.,0.));
#9403=DIRECTION('',(0.,1.,0.));
#9404=DIRECTION('center_axis',(0.,-1.,0.));
#9405=DIRECTION('ref_axis',(0.,0.,1.));
#9406=DIRECTION('',(0.,0.,1.));
#9407=DIRECTION('',(-1.,0.,0.));
#9408=DIRECTION('',(0.,0.,1.));
#9409=DIRECTION('center_axis',(0.,0.,-1.));
#9410=DIRECTION('ref_axis',(0.,-1.,0.));
#9411=DIRECTION('',(0.,-1.,0.));
#9412=DIRECTION('',(0.,-1.,0.));
#9413=DIRECTION('center_axis',(-1.,0.,0.));
#9414=DIRECTION('ref_axis',(0.,0.,1.));
#9415=DIRECTION('center_axis',(0.,-1.,0.));
#9416=DIRECTION('ref_axis',(0.,0.,1.));
#9417=DIRECTION('',(0.,0.,1.));
#9418=DIRECTION('',(-1.,0.,0.));
#9419=DIRECTION('',(0.,0.,1.));
#9420=DIRECTION('',(-1.,0.,0.));
#9421=DIRECTION('center_axis',(0.,0.,-1.));
#9422=DIRECTION('ref_axis',(0.,-1.,0.));
#9423=DIRECTION('',(0.,-1.,0.));
#9424=DIRECTION('',(-1.,0.,0.));
#9425=DIRECTION('',(0.,-1.,0.));
#9426=DIRECTION('center_axis',(0.,1.,0.));
#9427=DIRECTION('ref_axis',(0.,0.,-1.));
#9428=DIRECTION('',(0.,0.,-1.));
#9429=DIRECTION('',(1.,0.,0.));
#9430=DIRECTION('',(0.,0.,-1.));
#9431=DIRECTION('center_axis',(-1.,0.,0.));
#9432=DIRECTION('ref_axis',(0.,0.,1.));
#9433=DIRECTION('',(0.,1.,0.));
#9434=DIRECTION('center_axis',(0.,0.,-1.));
#9435=DIRECTION('ref_axis',(0.,-1.,0.));
#9436=DIRECTION('',(0.,-1.,0.));
#9437=DIRECTION('',(-1.,0.,0.));
#9438=DIRECTION('',(0.,-1.,0.));
#9439=DIRECTION('',(-1.,0.,0.));
#9440=DIRECTION('center_axis',(0.,1.,0.));
#9441=DIRECTION('ref_axis',(0.,0.,-1.));
#9442=DIRECTION('',(0.,0.,-1.));
#9443=DIRECTION('',(1.,0.,0.));
#9444=DIRECTION('',(0.,0.,-1.));
#9445=DIRECTION('center_axis',(0.,-1.,0.));
#9446=DIRECTION('ref_axis',(0.,0.,1.));
#9447=DIRECTION('',(0.,0.,1.));
#9448=DIRECTION('',(0.,0.,1.));
#9449=DIRECTION('',(-1.,0.,0.));
#9450=DIRECTION('center_axis',(-1.,0.,0.));
#9451=DIRECTION('ref_axis',(0.,0.,1.));
#9452=DIRECTION('',(0.,1.,0.));
#9453=DIRECTION('center_axis',(1.,0.,0.));
#9454=DIRECTION('ref_axis',(0.,1.,0.));
#9455=DIRECTION('',(0.,1.,0.));
#9456=DIRECTION('',(0.,0.,1.));
#9457=DIRECTION('',(0.,1.,0.));
#9458=DIRECTION('',(0.,0.,1.));
#9459=DIRECTION('',(0.,1.,0.));
#9460=DIRECTION('',(0.,1.,0.));
#9461=DIRECTION('center_axis',(0.,1.,0.));
#9462=DIRECTION('ref_axis',(-1.,0.,0.));
#9463=DIRECTION('',(-1.,0.,0.));
#9464=DIRECTION('',(0.,0.,1.));
#9465=DIRECTION('',(-1.,0.,0.));
#9466=DIRECTION('center_axis',(0.,-1.,0.));
#9467=DIRECTION('ref_axis',(1.,0.,0.));
#9468=DIRECTION('',(1.,0.,0.));
#9469=DIRECTION('',(1.,0.,0.));
#9470=DIRECTION('',(0.,0.,1.));
#9471=DIRECTION('center_axis',(-1.,0.,0.));
#9472=DIRECTION('ref_axis',(0.,-1.,0.));
#9473=DIRECTION('',(0.,-1.,0.));
#9474=DIRECTION('',(0.,-1.,0.));
#9475=DIRECTION('center_axis',(0.,0.,1.));
#9476=DIRECTION('ref_axis',(1.,0.,0.));
#9477=DIRECTION('center_axis',(0.,0.,1.));
#9478=DIRECTION('ref_axis',(1.,0.,0.));
#9479=DIRECTION('axis',(0.,0.,1.));
#9480=DIRECTION('refdir',(1.,0.,0.));
#9481=DIRECTION('center_axis',(0.,1.,0.));
#9482=DIRECTION('ref_axis',(-1.,0.,0.));
#9483=DIRECTION('',(-1.,0.,0.));
#9484=DIRECTION('',(0.,0.,1.));
#9485=DIRECTION('',(-1.,0.,0.));
#9486=DIRECTION('',(0.,0.,1.));
#9487=DIRECTION('center_axis',(1.,0.,0.));
#9488=DIRECTION('ref_axis',(0.,1.,0.));
#9489=DIRECTION('',(0.,1.,0.));
#9490=DIRECTION('',(0.,1.,0.));
#9491=DIRECTION('',(0.,0.,1.));
#9492=DIRECTION('center_axis',(0.,-1.,0.));
#9493=DIRECTION('ref_axis',(1.,0.,0.));
#9494=DIRECTION('',(1.,0.,0.));
#9495=DIRECTION('',(1.,0.,0.));
#9496=DIRECTION('',(0.,0.,1.));
#9497=DIRECTION('center_axis',(-1.,0.,0.));
#9498=DIRECTION('ref_axis',(0.,-1.,0.));
#9499=DIRECTION('',(0.,-1.,0.));
#9500=DIRECTION('',(0.,-1.,0.));
#9501=DIRECTION('center_axis',(0.,0.,1.));
#9502=DIRECTION('ref_axis',(1.,0.,0.));
#9503=DIRECTION('center_axis',(0.,0.,1.));
#9504=DIRECTION('ref_axis',(1.,0.,0.));
#9505=DIRECTION('axis',(0.,0.,1.));
#9506=DIRECTION('refdir',(1.,0.,0.));
#9507=DIRECTION('center_axis',(-1.,0.,0.));
#9508=DIRECTION('ref_axis',(0.,0.,-1.));
#9509=DIRECTION('center_axis',(1.,0.,0.));
#9510=DIRECTION('ref_axis',(0.,0.,-1.));
#9511=DIRECTION('',(1.,0.,0.));
#9512=DIRECTION('center_axis',(-1.,0.,0.));
#9513=DIRECTION('ref_axis',(0.,0.,-1.));
#9514=DIRECTION('',(1.,0.,0.));
#9515=DIRECTION('center_axis',(0.,1.,0.));
#9516=DIRECTION('ref_axis',(-1.,0.,0.));
#9517=DIRECTION('',(0.,0.,1.));
#9518=DIRECTION('',(-1.,0.,0.));
#9519=DIRECTION('',(0.,0.,1.));
#9520=DIRECTION('center_axis',(1.,0.,0.));
#9521=DIRECTION('ref_axis',(0.,1.,0.));
#9522=DIRECTION('',(0.,1.,0.));
#9523=DIRECTION('',(0.,0.,1.));
#9524=DIRECTION('center_axis',(0.,-1.,0.));
#9525=DIRECTION('ref_axis',(1.,0.,0.));
#9526=DIRECTION('',(1.,0.,0.));
#9527=DIRECTION('',(0.,0.,1.));
#9528=DIRECTION('center_axis',(-1.,0.,0.));
#9529=DIRECTION('ref_axis',(0.,-1.,0.));
#9530=DIRECTION('',(0.,-1.,0.));
#9531=DIRECTION('center_axis',(0.,0.,1.));
#9532=DIRECTION('ref_axis',(1.,0.,0.));
#9533=DIRECTION('',(0.,0.,1.));
#9534=DIRECTION('',(1.,-1.23259516440783E-32,0.));
#9535=DIRECTION('',(0.,0.,1.));
#9536=DIRECTION('',(1.,0.,0.));
#9537=DIRECTION('',(0.,0.,1.));
#9538=DIRECTION('',(1.,-1.23259516440783E-32,0.));
#9539=DIRECTION('',(0.,0.,1.));
#9540=DIRECTION('',(1.,-1.23259516440783E-32,0.));
#9541=DIRECTION('',(0.,0.,1.));
#9542=DIRECTION('',(1.,6.12323399573676E-17,0.));
#9543=DIRECTION('',(0.,0.,1.));
#9544=DIRECTION('',(1.,0.,0.));
#9545=DIRECTION('',(-3.46997536552291E-18,-5.2849406150409E-22,1.));
#9546=DIRECTION('',(8.153200337091E-17,1.,-1.38777878078145E-17));
#9547=DIRECTION('',(-1.0728251564589E-38,-5.28494061504161E-22,1.));
#9548=DIRECTION('',(1.,-2.02996634135423E-17,-2.5090549945615E-72));
#9549=DIRECTION('',(-1.0728251564589E-38,-5.28494061504161E-22,1.));
#9550=DIRECTION('',(1.,-2.02996634135423E-17,-2.5090549945615E-72));
#9551=DIRECTION('',(-1.0728251564589E-38,-5.28494061504161E-22,1.));
#9552=DIRECTION('',(1.,-2.02996634135423E-17,-2.5090549945615E-72));
#9553=DIRECTION('',(-1.0728251564589E-38,-5.28494061504161E-22,1.));
#9554=DIRECTION('',(1.,-2.02996634135423E-17,-2.5090549945615E-72));
#9555=DIRECTION('',(0.,-5.28494061504161E-22,1.));
#9556=DIRECTION('',(8.153200337091E-17,1.,5.28494061504161E-22));
#9557=CARTESIAN_POINT('',(0.,0.,0.));
#9558=CARTESIAN_POINT('',(0.,0.,0.));
#9559=CARTESIAN_POINT('Origin',(0.,0.,24.));
#9560=CARTESIAN_POINT('',(-1.5,-2.,24.));
#9561=CARTESIAN_POINT('',(1.5,-2.,24.));
#9562=CARTESIAN_POINT('',(-0.75,-2.,24.));
#9563=CARTESIAN_POINT('Origin',(0.,0.,24.));
#9564=CARTESIAN_POINT('Origin',(-1.5,-2.,11.));
#9565=CARTESIAN_POINT('',(-1.5,-2.,2.));
#9566=CARTESIAN_POINT('',(-1.5,-2.,2.));
#9567=CARTESIAN_POINT('',(1.5,-2.,2.));
#9568=CARTESIAN_POINT('',(-1.5,-2.,2.));
#9569=CARTESIAN_POINT('',(1.5,-2.,2.));
#9570=CARTESIAN_POINT('Origin',(0.,0.,2.));
#9571=CARTESIAN_POINT('Origin',(0.,0.,2.));
#9572=CARTESIAN_POINT('Origin',(16.,-16.,0.));
#9573=CARTESIAN_POINT('',(14.5,-17.5,-5.));
#9574=CARTESIAN_POINT('',(17.5,-14.5,-5.));
#9575=CARTESIAN_POINT('',(16.,-16.,-5.));
#9576=CARTESIAN_POINT('',(17.5,-14.5,0.));
#9577=CARTESIAN_POINT('',(17.5,-14.5,0.));
#9578=CARTESIAN_POINT('',(14.5,-17.5,0.));
#9579=CARTESIAN_POINT('',(16.,-16.,0.));
#9580=CARTESIAN_POINT('',(14.5,-17.5,0.));
#9581=CARTESIAN_POINT('Origin',(17.5,17.5,0.));
#9582=CARTESIAN_POINT('',(17.5,14.5,-5.));
#9583=CARTESIAN_POINT('',(17.5,-17.5,-5.));
#9584=CARTESIAN_POINT('',(17.5,14.5,0.));
#9585=CARTESIAN_POINT('',(17.5,14.5,0.));
#9586=CARTESIAN_POINT('',(17.5,-17.5,0.));
#9587=CARTESIAN_POINT('Origin',(-6.66133814775094E-15,-4.44089209850063E-15,
-5.));
#9588=CARTESIAN_POINT('',(-14.5,-17.5,-5.));
#9589=CARTESIAN_POINT('',(-17.5,-17.5,-5.));
#9590=CARTESIAN_POINT('',(-17.5,-14.5,-5.));
#9591=CARTESIAN_POINT('',(-16.,-16.,-5.));
#9592=CARTESIAN_POINT('',(-17.5,14.5,-5.));
#9593=CARTESIAN_POINT('',(-17.5,17.5,-5.));
#9594=CARTESIAN_POINT('',(-14.5,17.5,-5.));
#9595=CARTESIAN_POINT('',(-16.,16.,-5.));
#9596=CARTESIAN_POINT('',(14.5,17.5,-5.));
#9597=CARTESIAN_POINT('',(17.5,17.5,-5.));
#9598=CARTESIAN_POINT('',(16.,16.,-5.));
#9599=CARTESIAN_POINT('',(11.45,-17.45,-5.));
#9600=CARTESIAN_POINT('',(17.45,-11.45,-5.));
#9601=CARTESIAN_POINT('Origin',(11.45,-11.45,-5.));
#9602=CARTESIAN_POINT('',(17.45,11.45,-5.));
#9603=CARTESIAN_POINT('',(17.45,5.725,-5.));
#9604=CARTESIAN_POINT('',(11.45,17.45,-5.));
#9605=CARTESIAN_POINT('Origin',(11.45,11.45,-5.));
#9606=CARTESIAN_POINT('',(-11.45,17.45,-5.));
#9607=CARTESIAN_POINT('',(-5.725,17.45,-5.));
#9608=CARTESIAN_POINT('',(-17.45,11.45,-5.));
#9609=CARTESIAN_POINT('Origin',(-11.45,11.45,-5.));
#9610=CARTESIAN_POINT('',(-17.45,-11.45,-5.));
#9611=CARTESIAN_POINT('',(-17.45,-5.725,-5.));
#9612=CARTESIAN_POINT('',(-11.45,-17.45,-5.));
#9613=CARTESIAN_POINT('Origin',(-11.45,-11.45,-5.));
#9614=CARTESIAN_POINT('',(5.725,-17.45,-5.));
#9615=CARTESIAN_POINT('Origin',(-16.,-16.,0.));
#9616=CARTESIAN_POINT('',(-14.5,-17.5,0.));
#9617=CARTESIAN_POINT('',(-14.5,-17.5,0.));
#9618=CARTESIAN_POINT('',(-17.5,-14.5,0.));
#9619=CARTESIAN_POINT('',(-16.,-16.,0.));
#9620=CARTESIAN_POINT('',(-17.5,-14.5,0.));
#9621=CARTESIAN_POINT('Origin',(-17.5,-17.5,0.));
#9622=CARTESIAN_POINT('',(-17.5,14.5,0.));
#9623=CARTESIAN_POINT('',(-17.5,17.5,0.));
#9624=CARTESIAN_POINT('',(-17.5,14.5,0.));
#9625=CARTESIAN_POINT('Origin',(-16.,16.,0.));
#9626=CARTESIAN_POINT('',(-14.5,17.5,0.));
#9627=CARTESIAN_POINT('',(-16.,16.,0.));
#9628=CARTESIAN_POINT('',(-14.5,17.5,0.));
#9629=CARTESIAN_POINT('Origin',(16.,16.,0.));
#9630=CARTESIAN_POINT('',(14.5,17.5,0.));
#9631=CARTESIAN_POINT('',(14.5,17.5,0.));
#9632=CARTESIAN_POINT('',(16.,16.,0.));
#9633=CARTESIAN_POINT('Origin',(0.,0.,0.));
#9634=CARTESIAN_POINT('',(-14.0000002086163,-1.71450554435442E-15,2.));
#9635=CARTESIAN_POINT('Origin',(0.,0.,2.));
#9636=CARTESIAN_POINT('',(-14.0000002086163,-1.71450554435442E-15,0.));
#9637=CARTESIAN_POINT('',(-14.0000002086163,-1.71450554435442E-15,0.));
#9638=CARTESIAN_POINT('Origin',(0.,0.,0.));
#9639=CARTESIAN_POINT('Origin',(0.,0.,2.));
#9640=CARTESIAN_POINT('Origin',(-17.5,17.5,0.));
#9641=CARTESIAN_POINT('',(17.5,17.5,0.));
#9642=CARTESIAN_POINT('Origin',(17.5,-17.5,0.));
#9643=CARTESIAN_POINT('',(-17.5,-17.5,0.));
#9644=CARTESIAN_POINT('Origin',(-6.66133814775094E-15,-4.44089209850063E-15,
0.));
#9645=CARTESIAN_POINT('',(11.5,13.,0.));
#9646=CARTESIAN_POINT('Origin',(13.,13.,0.));
#9647=CARTESIAN_POINT('',(-14.5,-13.,0.));
#9648=CARTESIAN_POINT('Origin',(-13.,-13.,0.));
#9649=CARTESIAN_POINT('',(-14.5,13.,0.));
#9650=CARTESIAN_POINT('Origin',(-13.,13.,0.));
#9651=CARTESIAN_POINT('',(11.5,-13.,0.));
#9652=CARTESIAN_POINT('Origin',(13.,-13.,0.));
#9653=CARTESIAN_POINT('Origin',(-11.45,11.45,2.));
#9654=CARTESIAN_POINT('',(-11.45,17.45,-15.));
#9655=CARTESIAN_POINT('',(-11.45,17.45,2.));
#9656=CARTESIAN_POINT('',(-17.45,11.45,-15.));
#9657=CARTESIAN_POINT('Origin',(-11.45,11.45,-15.));
#9658=CARTESIAN_POINT('',(-17.45,11.45,-5.));
#9659=CARTESIAN_POINT('Origin',(-11.45,17.45,2.));
#9660=CARTESIAN_POINT('',(11.45,17.45,-15.));
#9661=CARTESIAN_POINT('',(11.45,17.45,2.));
#9662=CARTESIAN_POINT('',(-5.725,17.45,-15.));
#9663=CARTESIAN_POINT('Origin',(11.45,11.45,2.));
#9664=CARTESIAN_POINT('',(17.45,11.45,-15.));
#9665=CARTESIAN_POINT('',(17.45,11.45,2.));
#9666=CARTESIAN_POINT('Origin',(11.45,11.45,-15.));
#9667=CARTESIAN_POINT('Origin',(17.45,11.45,2.));
#9668=CARTESIAN_POINT('',(17.45,-11.45,-15.));
#9669=CARTESIAN_POINT('',(17.45,-11.45,2.));
#9670=CARTESIAN_POINT('',(17.45,5.725,-15.));
#9671=CARTESIAN_POINT('Origin',(-16.,-16.,-20.));
#9672=CARTESIAN_POINT('',(-14.5,-17.5,-15.));
#9673=CARTESIAN_POINT('',(-17.5,-14.5,-15.));
#9674=CARTESIAN_POINT('',(-16.,-16.,-15.));
#9675=CARTESIAN_POINT('',(-17.5,-14.5,-20.));
#9676=CARTESIAN_POINT('',(-17.5,-14.5,-20.));
#9677=CARTESIAN_POINT('',(-14.5,-17.5,-20.));
#9678=CARTESIAN_POINT('',(-16.,-16.,-20.));
#9679=CARTESIAN_POINT('',(-14.5,-17.5,-20.));
#9680=CARTESIAN_POINT('Origin',(4.44089209850063E-15,-4.44089209850063E-15,
-15.));
#9681=CARTESIAN_POINT('',(14.5,-17.5,-15.));
#9682=CARTESIAN_POINT('',(17.5,-17.5,-15.));
#9683=CARTESIAN_POINT('',(17.5,-14.5,-15.));
#9684=CARTESIAN_POINT('',(16.,-16.,-15.));
#9685=CARTESIAN_POINT('',(17.5,14.5,-15.));
#9686=CARTESIAN_POINT('',(17.5,17.5,-15.));
#9687=CARTESIAN_POINT('',(14.5,17.5,-15.));
#9688=CARTESIAN_POINT('',(16.,16.,-15.));
#9689=CARTESIAN_POINT('',(-14.5,17.5,-15.));
#9690=CARTESIAN_POINT('',(-17.5,17.5,-15.));
#9691=CARTESIAN_POINT('',(-17.5,14.5,-15.));
#9692=CARTESIAN_POINT('',(-16.,16.,-15.));
#9693=CARTESIAN_POINT('',(-17.5,-17.5,-15.));
#9694=CARTESIAN_POINT('',(11.45,-17.45,-15.));
#9695=CARTESIAN_POINT('Origin',(11.45,-11.45,-15.));
#9696=CARTESIAN_POINT('',(-11.45,-17.45,-15.));
#9697=CARTESIAN_POINT('',(5.725,-17.45,-15.));
#9698=CARTESIAN_POINT('',(-17.45,-11.45,-15.));
#9699=CARTESIAN_POINT('Origin',(-11.45,-11.45,-15.));
#9700=CARTESIAN_POINT('',(-17.45,-5.725,-15.));
#9701=CARTESIAN_POINT('Origin',(-17.5,-17.5,-20.));
#9702=CARTESIAN_POINT('',(14.5,-17.5,-20.));
#9703=CARTESIAN_POINT('',(17.5,-17.5,-20.));
#9704=CARTESIAN_POINT('',(14.5,-17.5,-20.));
#9705=CARTESIAN_POINT('Origin',(16.,-16.,-20.));
#9706=CARTESIAN_POINT('',(17.5,-14.5,-20.));
#9707=CARTESIAN_POINT('',(16.,-16.,-20.));
#9708=CARTESIAN_POINT('',(17.5,-14.5,-20.));
#9709=CARTESIAN_POINT('Origin',(-16.,16.,-20.));
#9710=CARTESIAN_POINT('',(-14.5,17.5,-20.));
#9711=CARTESIAN_POINT('',(-14.5,17.5,-20.));
#9712=CARTESIAN_POINT('',(-17.5,14.5,-20.));
#9713=CARTESIAN_POINT('',(-16.,16.,-20.));
#9714=CARTESIAN_POINT('',(-17.5,14.5,-20.));
#9715=CARTESIAN_POINT('Origin',(17.5,17.5,-20.));
#9716=CARTESIAN_POINT('',(14.5,17.5,-20.));
#9717=CARTESIAN_POINT('',(14.5,17.5,-20.));
#9718=CARTESIAN_POINT('',(-17.5,17.5,-20.));
#9719=CARTESIAN_POINT('Origin',(16.,16.,-20.));
#9720=CARTESIAN_POINT('',(17.5,14.5,-20.));
#9721=CARTESIAN_POINT('',(17.5,14.5,-20.));
#9722=CARTESIAN_POINT('',(16.,16.,-20.));
#9723=CARTESIAN_POINT('Origin',(17.5,-17.5,-20.));
#9724=CARTESIAN_POINT('',(17.5,17.5,-20.));
#9725=CARTESIAN_POINT('Origin',(4.44089209850063E-15,-4.44089209850063E-15,
-15.));
#9726=CARTESIAN_POINT('',(11.5,13.,-15.));
#9727=CARTESIAN_POINT('Origin',(13.,13.,-15.));
#9728=CARTESIAN_POINT('Origin',(4.44089209850063E-15,-4.44089209850063E-15,
-15.));
#9729=CARTESIAN_POINT('',(-14.5,-13.,-15.));
#9730=CARTESIAN_POINT('Origin',(-13.,-13.,-15.));
#9731=CARTESIAN_POINT('Origin',(4.44089209850063E-15,-4.44089209850063E-15,
-15.));
#9732=CARTESIAN_POINT('',(-14.5,13.,-15.));
#9733=CARTESIAN_POINT('Origin',(-13.,13.,-15.));
#9734=CARTESIAN_POINT('Origin',(4.44089209850063E-15,-4.44089209850063E-15,
-15.));
#9735=CARTESIAN_POINT('',(11.5,-13.,-15.));
#9736=CARTESIAN_POINT('Origin',(13.,-13.,-15.));
#9737=CARTESIAN_POINT('Origin',(-17.5,17.5,-20.));
#9738=CARTESIAN_POINT('',(-17.5,-17.5,-20.));
#9739=CARTESIAN_POINT('Origin',(4.44089209850063E-15,-4.44089209850063E-15,
-20.));
#9740=CARTESIAN_POINT('Origin',(11.45,-11.45,2.));
#9741=CARTESIAN_POINT('',(11.45,-17.45,2.));
#9742=CARTESIAN_POINT('Origin',(-17.45,-11.45,2.));
#9743=CARTESIAN_POINT('',(-17.45,-11.45,-5.));
#9744=CARTESIAN_POINT('Origin',(-11.45,-11.45,2.));
#9745=CARTESIAN_POINT('',(-11.45,-17.45,-5.));
#9746=CARTESIAN_POINT('Origin',(11.45,-17.45,2.));
#9747=CARTESIAN_POINT('Origin',(13.,-13.,7.));
#9748=CARTESIAN_POINT('',(11.5,-13.,7.));
#9749=CARTESIAN_POINT('Origin',(-13.,13.,7.));
#9750=CARTESIAN_POINT('',(-14.5,13.,7.));
#9751=CARTESIAN_POINT('Origin',(-13.,-13.,7.));
#9752=CARTESIAN_POINT('',(-14.5,-13.,7.));
#9753=CARTESIAN_POINT('Origin',(13.,13.,7.));
#9754=CARTESIAN_POINT('',(11.5,13.,7.));
#9755=CARTESIAN_POINT('',(0.,0.,0.));
#9756=CARTESIAN_POINT('',(0.,0.,0.));
#9757=CARTESIAN_POINT('Origin',(0.,30.75,7.5));
#9758=CARTESIAN_POINT('',(0.,30.75,7.5));
#9759=CARTESIAN_POINT('',(0.,25.75,7.5));
#9760=CARTESIAN_POINT('',(0.,62.775,7.5));
#9761=CARTESIAN_POINT('',(69.3,30.75,7.5));
#9762=CARTESIAN_POINT('',(0.,30.75,7.5));
#9763=CARTESIAN_POINT('',(69.3,25.75,7.5));
#9764=CARTESIAN_POINT('',(69.3,15.375,7.5));
#9765=CARTESIAN_POINT('',(0.,25.75,7.5));
#9766=CARTESIAN_POINT('Origin',(0.,30.75,10.));
#9767=CARTESIAN_POINT('',(0.,30.75,10.));
#9768=CARTESIAN_POINT('',(0.,30.75,5.));
#9769=CARTESIAN_POINT('',(69.3,30.75,10.));
#9770=CARTESIAN_POINT('',(17.325,30.75,10.));
#9771=CARTESIAN_POINT('',(69.3,30.75,5.));
#9772=CARTESIAN_POINT('Origin',(0.,38.45,7.5));
#9773=CARTESIAN_POINT('',(0.,38.45,7.5));
#9774=CARTESIAN_POINT('',(0.,38.45,10.));
#9775=CARTESIAN_POINT('',(0.,38.45,3.75));
#9776=CARTESIAN_POINT('',(69.3,38.45,7.5));
#9777=CARTESIAN_POINT('',(0.,38.45,7.5));
#9778=CARTESIAN_POINT('',(69.3,38.45,10.));
#9779=CARTESIAN_POINT('',(69.3,38.45,3.75));
#9780=CARTESIAN_POINT('',(17.325,38.45,10.));
#9781=CARTESIAN_POINT('Origin',(0.,43.45,7.5));
#9782=CARTESIAN_POINT('',(0.,43.45,7.5));
#9783=CARTESIAN_POINT('',(0.,69.125,7.5));
#9784=CARTESIAN_POINT('',(69.3,43.45,7.5));
#9785=CARTESIAN_POINT('',(0.,43.45,7.5));
#9786=CARTESIAN_POINT('',(69.3,21.725,7.5));
#9787=CARTESIAN_POINT('Origin',(0.,43.45,4.8));
#9788=CARTESIAN_POINT('',(0.,43.45,4.8));
#9789=CARTESIAN_POINT('',(0.,43.45,2.4));
#9790=CARTESIAN_POINT('',(69.3,43.45,4.8));
#9791=CARTESIAN_POINT('',(0.,43.45,4.8));
#9792=CARTESIAN_POINT('',(69.3,43.45,2.4));
#9793=CARTESIAN_POINT('Origin',(0.,25.75,4.8));
#9794=CARTESIAN_POINT('',(0.,25.75,4.8));
#9795=CARTESIAN_POINT('',(0.,60.275,4.8));
#9796=CARTESIAN_POINT('',(69.3,25.75,4.8));
#9797=CARTESIAN_POINT('',(0.,25.75,4.8));
#9798=CARTESIAN_POINT('',(69.3,12.875,4.8));
#9799=CARTESIAN_POINT('Origin',(0.,25.75,7.5));
#9800=CARTESIAN_POINT('',(0.,25.75,3.75));
#9801=CARTESIAN_POINT('',(69.3,25.75,3.75));
#9802=CARTESIAN_POINT('Origin',(0.,69.05,7.5));
#9803=CARTESIAN_POINT('',(0.,69.05,7.5));
#9804=CARTESIAN_POINT('',(0.,64.05,7.5));
#9805=CARTESIAN_POINT('',(0.,81.925,7.5));
#9806=CARTESIAN_POINT('',(69.3,69.05,7.5));
#9807=CARTESIAN_POINT('',(0.,69.05,7.5));
#9808=CARTESIAN_POINT('',(69.3,64.05,7.5));
#9809=CARTESIAN_POINT('',(69.3,34.525,7.5));
#9810=CARTESIAN_POINT('',(0.,64.05,7.5));
#9811=CARTESIAN_POINT('Origin',(0.,69.05,4.8));
#9812=CARTESIAN_POINT('',(0.,69.05,4.8));
#9813=CARTESIAN_POINT('',(0.,69.05,2.4));
#9814=CARTESIAN_POINT('',(69.3,69.05,4.8));
#9815=CARTESIAN_POINT('',(0.,69.05,4.8));
#9816=CARTESIAN_POINT('',(69.3,69.05,2.4));
#9817=CARTESIAN_POINT('Origin',(0.,51.35,4.8));
#9818=CARTESIAN_POINT('',(0.,51.35,4.8));
#9819=CARTESIAN_POINT('',(0.,73.075,4.8));
#9820=CARTESIAN_POINT('',(69.3,51.35,4.8));
#9821=CARTESIAN_POINT('',(0.,51.35,4.8));
#9822=CARTESIAN_POINT('',(69.3,25.675,4.8));
#9823=CARTESIAN_POINT('Origin',(0.,51.35,7.5));
#9824=CARTESIAN_POINT('',(0.,51.35,7.5));
#9825=CARTESIAN_POINT('',(0.,51.35,3.75));
#9826=CARTESIAN_POINT('',(69.3,51.35,7.5));
#9827=CARTESIAN_POINT('',(0.,51.35,7.5));
#9828=CARTESIAN_POINT('',(69.3,51.35,3.75));
#9829=CARTESIAN_POINT('Origin',(0.,56.35,7.5));
#9830=CARTESIAN_POINT('',(0.,56.35,7.5));
#9831=CARTESIAN_POINT('',(0.,75.575,7.5));
#9832=CARTESIAN_POINT('',(69.3,56.35,7.5));
#9833=CARTESIAN_POINT('',(0.,56.35,7.5));
#9834=CARTESIAN_POINT('',(69.3,28.175,7.5));
#9835=CARTESIAN_POINT('Origin',(0.,56.35,10.));
#9836=CARTESIAN_POINT('',(0.,56.35,10.));
#9837=CARTESIAN_POINT('',(0.,56.35,5.));
#9838=CARTESIAN_POINT('',(69.3,56.35,10.));
#9839=CARTESIAN_POINT('',(17.325,56.35,10.));
#9840=CARTESIAN_POINT('',(69.3,56.35,5.));
#9841=CARTESIAN_POINT('Origin',(0.,64.05,7.5));
#9842=CARTESIAN_POINT('',(0.,64.05,10.));
#9843=CARTESIAN_POINT('',(0.,64.05,3.75));
#9844=CARTESIAN_POINT('',(69.3,64.05,10.));
#9845=CARTESIAN_POINT('',(69.3,64.05,3.75));
#9846=CARTESIAN_POINT('',(17.325,64.05,10.));
#9847=CARTESIAN_POINT('Origin',(69.3,0.,0.));
#9848=CARTESIAN_POINT('',(69.3,0.,10.));
#9849=CARTESIAN_POINT('',(69.3,0.,10.));
#9850=CARTESIAN_POINT('',(69.3,0.,0.));
#9851=CARTESIAN_POINT('',(69.3,0.,0.));
#9852=CARTESIAN_POINT('',(69.3,94.8,0.));
#9853=CARTESIAN_POINT('',(69.3,0.,0.));
#9854=CARTESIAN_POINT('',(69.3,94.8,10.));
#9855=CARTESIAN_POINT('',(69.3,94.8,0.));
#9856=CARTESIAN_POINT('',(69.3,0.,10.));
#9857=CARTESIAN_POINT('',(69.3,0.,10.));
#9858=CARTESIAN_POINT('Origin',(34.65,47.4,10.));
#9859=CARTESIAN_POINT('',(0.,94.8,10.));
#9860=CARTESIAN_POINT('',(69.3,94.8,10.));
#9861=CARTESIAN_POINT('',(0.,94.8,10.));
#9862=CARTESIAN_POINT('',(15.975,82.,10.));
#9863=CARTESIAN_POINT('Origin',(10.4,82.,10.));
#9864=CARTESIAN_POINT('',(64.475,82.,10.));
#9865=CARTESIAN_POINT('Origin',(58.9,82.,10.));
#9866=CARTESIAN_POINT('Origin',(34.65,47.4,10.));
#9867=CARTESIAN_POINT('',(0.,0.,10.));
#9868=CARTESIAN_POINT('',(0.,94.8,10.));
#9869=CARTESIAN_POINT('',(0.,0.,10.));
#9870=CARTESIAN_POINT('',(15.975,12.8,10.));
#9871=CARTESIAN_POINT('Origin',(10.4,12.8,10.));
#9872=CARTESIAN_POINT('',(64.475,12.8,10.));
#9873=CARTESIAN_POINT('Origin',(58.9,12.8,10.));
#9874=CARTESIAN_POINT('Origin',(10.4,12.8,10.));
#9875=CARTESIAN_POINT('',(13.575,12.8,16.35));
#9876=CARTESIAN_POINT('Origin',(10.4,12.8,16.35));
#9877=CARTESIAN_POINT('',(13.575,12.8,10.));
#9878=CARTESIAN_POINT('',(13.575,12.8,10.));
#9879=CARTESIAN_POINT('Origin',(10.4,12.8,10.));
#9880=CARTESIAN_POINT('Origin',(10.4,12.8,10.));
#9881=CARTESIAN_POINT('',(15.975,12.8,16.35));
#9882=CARTESIAN_POINT('Origin',(10.4,12.8,16.35));
#9883=CARTESIAN_POINT('',(15.975,12.8,10.));
#9884=CARTESIAN_POINT('Origin',(10.4,12.8,16.35));
#9885=CARTESIAN_POINT('Origin',(34.65,47.4,10.));
#9886=CARTESIAN_POINT('',(0.,94.8,10.));
#9887=CARTESIAN_POINT('Origin',(10.4,82.,10.));
#9888=CARTESIAN_POINT('',(13.575,82.,16.35));
#9889=CARTESIAN_POINT('Origin',(10.4,82.,16.35));
#9890=CARTESIAN_POINT('',(13.575,82.,10.));
#9891=CARTESIAN_POINT('',(13.575,82.,10.));
#9892=CARTESIAN_POINT('Origin',(10.4,82.,10.));
#9893=CARTESIAN_POINT('Origin',(10.4,82.,10.));
#9894=CARTESIAN_POINT('',(15.975,82.,16.35));
#9895=CARTESIAN_POINT('Origin',(10.4,82.,16.35));
#9896=CARTESIAN_POINT('',(15.975,82.,10.));
#9897=CARTESIAN_POINT('Origin',(10.4,82.,16.35));
#9898=CARTESIAN_POINT('Origin',(34.65,47.4,10.));
#9899=CARTESIAN_POINT('Origin',(58.9,12.8,10.));
#9900=CARTESIAN_POINT('',(62.075,12.8,16.35));
#9901=CARTESIAN_POINT('Origin',(58.9,12.8,16.35));
#9902=CARTESIAN_POINT('',(62.075,12.8,10.));
#9903=CARTESIAN_POINT('',(62.075,12.8,10.));
#9904=CARTESIAN_POINT('Origin',(58.9,12.8,10.));
#9905=CARTESIAN_POINT('Origin',(58.9,12.8,10.));
#9906=CARTESIAN_POINT('',(64.475,12.8,16.35));
#9907=CARTESIAN_POINT('Origin',(58.9,12.8,16.35));
#9908=CARTESIAN_POINT('',(64.475,12.8,10.));
#9909=CARTESIAN_POINT('Origin',(58.9,12.8,16.35));
#9910=CARTESIAN_POINT('Origin',(34.65,47.4,10.));
#9911=CARTESIAN_POINT('Origin',(58.9,82.,10.));
#9912=CARTESIAN_POINT('',(62.075,82.,16.35));
#9913=CARTESIAN_POINT('Origin',(58.9,82.,16.35));
#9914=CARTESIAN_POINT('',(62.075,82.,10.));
#9915=CARTESIAN_POINT('',(62.075,82.,10.));
#9916=CARTESIAN_POINT('Origin',(58.9,82.,10.));
#9917=CARTESIAN_POINT('Origin',(58.9,82.,10.));
#9918=CARTESIAN_POINT('',(64.475,82.,16.35));
#9919=CARTESIAN_POINT('Origin',(58.9,82.,16.35));
#9920=CARTESIAN_POINT('',(64.475,82.,10.));
#9921=CARTESIAN_POINT('Origin',(58.9,82.,16.35));
#9922=CARTESIAN_POINT('Origin',(34.65,47.4,10.));
#9923=CARTESIAN_POINT('Origin',(34.65,47.4,10.));
#9924=CARTESIAN_POINT('Origin',(0.,94.8,0.));
#9925=CARTESIAN_POINT('',(0.,94.8,0.));
#9926=CARTESIAN_POINT('',(0.,94.8,0.));
#9927=CARTESIAN_POINT('',(0.,0.,0.));
#9928=CARTESIAN_POINT('',(0.,94.8,0.));
#9929=CARTESIAN_POINT('',(0.,0.,0.));
#9930=CARTESIAN_POINT('Origin',(31.15,47.4,-7.00000000000001));
#9931=CARTESIAN_POINT('',(31.15,48.9,-7.00000000000001));
#9932=CARTESIAN_POINT('Origin',(31.15,47.4,-7.00000000000001));
#9933=CARTESIAN_POINT('',(32.55,48.9,-7.00000000000001));
#9934=CARTESIAN_POINT('',(31.15,48.9,-7.00000000000001));
#9935=CARTESIAN_POINT('Origin',(32.55,47.4,-7.00000000000001));
#9936=CARTESIAN_POINT('Origin',(28.55,44.1092499102492,-7.03104588225215));
#9937=CARTESIAN_POINT('',(28.55,44.1092499102492,-7.03104588225215));
#9938=CARTESIAN_POINT('',(28.55,45.7815114778378,-9.86539611635623));
#9939=CARTESIAN_POINT('',(28.55,42.3499968113237,-4.0492519276271));
#9940=CARTESIAN_POINT('',(31.15,44.1092499102492,-7.03104588225215));
#9941=CARTESIAN_POINT('',(28.55,44.1092499102492,-7.03104588225215));
#9942=CARTESIAN_POINT('',(31.15,45.7815114778378,-9.86539611635623));
#9943=CARTESIAN_POINT('',(31.15,45.7815114778378,-9.86539611635623));
#9944=CARTESIAN_POINT('',(28.55,45.7815114778378,-9.86539611635623));
#9945=CARTESIAN_POINT('Origin',(28.55,45.7277384324113,-4.16564976589592));
#9946=CARTESIAN_POINT('',(28.55,45.7277384324113,-4.16564976589592));
#9947=CARTESIAN_POINT('',(28.55,46.2171952307046,-3.29910818110907));
#9948=CARTESIAN_POINT('',(31.15,45.7277384324113,-4.16564976589592));
#9949=CARTESIAN_POINT('',(28.55,45.7277384324113,-4.16564976589592));
#9950=CARTESIAN_POINT('',(31.15,44.1092499102492,-7.03104588225215));
#9951=CARTESIAN_POINT('Origin',(28.55,49.0184885221622,-4.13460388364378));
#9952=CARTESIAN_POINT('',(28.55,49.0184885221622,-4.13460388364378));
#9953=CARTESIAN_POINT('',(28.55,45.7290405617133,-4.1656374812338));
#9954=CARTESIAN_POINT('',(31.15,49.0184885221622,-4.13460388364378));
#9955=CARTESIAN_POINT('',(28.55,49.0184885221622,-4.13460388364378));
#9956=CARTESIAN_POINT('',(31.15,45.7277384324113,-4.16564976589592));
#9957=CARTESIAN_POINT('Origin',(28.55,50.6907500897508,-6.96895411774786));
#9958=CARTESIAN_POINT('',(28.55,50.6907500897508,-6.96895411774786));
#9959=CARTESIAN_POINT('',(28.55,48.095366207031,-2.56998504607077));
#9960=CARTESIAN_POINT('',(31.15,50.6907500897508,-6.96895411774786));
#9961=CARTESIAN_POINT('',(28.55,50.6907500897508,-6.96895411774786));
#9962=CARTESIAN_POINT('',(31.15,49.0184885221622,-4.13460388364378));
#9963=CARTESIAN_POINT('Origin',(28.55,49.0722615675887,-9.83435023410409));
#9964=CARTESIAN_POINT('',(28.55,49.0722615675887,-9.83435023410409));
#9965=CARTESIAN_POINT('',(28.55,50.3709626269631,-7.53511059113912));
#9966=CARTESIAN_POINT('',(31.15,49.0722615675887,-9.83435023410409));
#9967=CARTESIAN_POINT('',(28.55,49.0722615675887,-9.83435023410409));
#9968=CARTESIAN_POINT('',(31.15,50.6907500897508,-6.96895411774786));
#9969=CARTESIAN_POINT('Origin',(28.55,45.7815114778378,-9.86539611635623));
#9970=CARTESIAN_POINT('',(28.55,44.1374385622644,-9.88090677282017));
#9971=CARTESIAN_POINT('',(31.15,49.0722615675887,-9.83435023410409));
#9972=CARTESIAN_POINT('Origin',(31.15,47.4,-7.00000000000001));
#9973=CARTESIAN_POINT('Origin',(34.65,42.4,0.));
#9974=CARTESIAN_POINT('',(28.55,42.4,0.));
#9975=CARTESIAN_POINT('',(34.65,42.4,0.));
#9976=CARTESIAN_POINT('',(34.65,42.4,0.));
#9977=CARTESIAN_POINT('',(28.55,42.4,-12.));
#9978=CARTESIAN_POINT('',(28.55,42.4,0.));
#9979=CARTESIAN_POINT('',(34.65,42.4,-12.));
#9980=CARTESIAN_POINT('',(34.65,42.4,-12.));
#9981=CARTESIAN_POINT('',(34.65,42.4,0.));
#9982=CARTESIAN_POINT('Origin',(34.65,47.4,0.));
#9983=CARTESIAN_POINT('',(34.65,52.4,0.));
#9984=CARTESIAN_POINT('Origin',(34.65,47.4,0.));
#9985=CARTESIAN_POINT('',(34.65,52.4,-12.));
#9986=CARTESIAN_POINT('Origin',(34.65,47.4,-12.));
#9987=CARTESIAN_POINT('',(34.65,52.4,0.));
#9988=CARTESIAN_POINT('Origin',(28.55,52.4,0.));
#9989=CARTESIAN_POINT('',(28.55,52.4,0.));
#9990=CARTESIAN_POINT('',(31.6,52.4,0.));
#9991=CARTESIAN_POINT('',(28.55,52.4,-12.));
#9992=CARTESIAN_POINT('',(28.55,52.4,-12.));
#9993=CARTESIAN_POINT('',(28.55,52.4,0.));
#9994=CARTESIAN_POINT('Origin',(28.55,42.4,0.));
#9995=CARTESIAN_POINT('',(28.55,44.9,0.));
#9996=CARTESIAN_POINT('',(28.55,42.4,-12.));
#9997=CARTESIAN_POINT('Origin',(34.1,47.4,-12.));
#9998=CARTESIAN_POINT('',(32.55,45.8670290283244,-12.));
#9999=CARTESIAN_POINT('',(32.55,48.9329709716756,-12.));
#10000=CARTESIAN_POINT('Origin',(34.65,47.4,-12.));
#10001=CARTESIAN_POINT('',(32.55,48.9329709716756,-12.));
#10002=CARTESIAN_POINT('Origin',(32.55,48.9329709716756,0.));
#10003=CARTESIAN_POINT('',(32.55,48.9329709716756,3.));
#10004=CARTESIAN_POINT('',(32.55,48.9329709716756,0.));
#10005=CARTESIAN_POINT('',(32.55,45.8670290283244,3.));
#10006=CARTESIAN_POINT('',(32.55,48.9329709716756,3.));
#10007=CARTESIAN_POINT('',(32.55,45.8670290283244,0.));
#10008=CARTESIAN_POINT('Origin',(34.65,47.4,0.));
#10009=CARTESIAN_POINT('Origin',(34.65,47.4,3.));
#10010=CARTESIAN_POINT('Origin',(34.9,47.4,3.));
#10011=CARTESIAN_POINT('Origin',(69.3,94.8,0.));
#10012=CARTESIAN_POINT('',(69.3,94.8,0.));
#10013=CARTESIAN_POINT('Origin',(0.,0.,0.));
#10014=CARTESIAN_POINT('',(0.,0.,0.));
#10015=CARTESIAN_POINT('Origin',(34.65,47.4,0.));
#10016=CARTESIAN_POINT('',(0.,0.,0.));
#10017=CARTESIAN_POINT('Origin',(7.55,-4.9,-1.25));
#10018=CARTESIAN_POINT('',(0.,-4.9,-2.5));
#10019=CARTESIAN_POINT('',(0.,-4.9,0.));
#10020=CARTESIAN_POINT('',(0.,-4.9,-0.625));
#10021=CARTESIAN_POINT('',(15.1,-4.9,-2.5));
#10022=CARTESIAN_POINT('',(4.775,-4.9,-2.5));
#10023=CARTESIAN_POINT('',(15.1,-4.9,0.));
#10024=CARTESIAN_POINT('',(15.1,-4.9,0.625000018626451));
#10025=CARTESIAN_POINT('',(11.325,-4.9,0.));
#10026=CARTESIAN_POINT('Origin',(2.,16.55,-2.5));
#10027=CARTESIAN_POINT('',(0.,12.4,-2.5));
#10028=CARTESIAN_POINT('',(0.,0.,-2.5));
#10029=CARTESIAN_POINT('',(15.1,12.4,-2.5));
#10030=CARTESIAN_POINT('',(4.775,12.4,-2.5));
#10031=CARTESIAN_POINT('',(15.1,7.5,-2.5));
#10032=CARTESIAN_POINT('',(12.85,3.75,-2.5));
#10033=CARTESIAN_POINT('Origin',(11.35,3.75,-2.5));
#10034=CARTESIAN_POINT('Origin',(5.39260384428426E-32,33.1,0.));
#10035=CARTESIAN_POINT('',(0.,0.,0.));
#10036=CARTESIAN_POINT('',(0.,0.,0.));
#10037=CARTESIAN_POINT('',(0.,0.,22.5));
#10038=CARTESIAN_POINT('',(0.,0.,0.));
#10039=CARTESIAN_POINT('',(5.39260384428426E-32,33.1,22.5));
#10040=CARTESIAN_POINT('',(5.39260384428426E-32,33.1,22.5));
#10041=CARTESIAN_POINT('',(5.39260384428426E-33,33.1,0.));
#10042=CARTESIAN_POINT('',(5.39260384428426E-32,33.1,0.));
#10043=CARTESIAN_POINT('',(0.,38.,0.));
#10044=CARTESIAN_POINT('',(5.39260384428426E-33,33.1,0.));
#10045=CARTESIAN_POINT('',(0.,38.,-2.5));
#10046=CARTESIAN_POINT('',(0.,38.,-0.625));
#10047=CARTESIAN_POINT('',(0.,20.7,-2.5));
#10048=CARTESIAN_POINT('',(0.,25.6,-2.5));
#10049=CARTESIAN_POINT('',(0.,20.7,0.));
#10050=CARTESIAN_POINT('',(0.,20.7,-0.625));
#10051=CARTESIAN_POINT('',(0.,25.6,0.));
#10052=CARTESIAN_POINT('',(0.,25.6,0.));
#10053=CARTESIAN_POINT('',(0.,25.6,2.6));
#10054=CARTESIAN_POINT('',(0.,25.6,1.3));
#10055=CARTESIAN_POINT('',(0.,7.5,2.6));
#10056=CARTESIAN_POINT('',(0.,20.3,2.6));
#10057=CARTESIAN_POINT('',(0.,7.5,0.));
#10058=CARTESIAN_POINT('',(0.,7.5,0.));
#10059=CARTESIAN_POINT('',(0.,12.4,0.));
#10060=CARTESIAN_POINT('',(0.,7.5,0.));
#10061=CARTESIAN_POINT('',(0.,12.4,-0.625));
#10062=CARTESIAN_POINT('',(0.,28.1,17.5));
#10063=CARTESIAN_POINT('',(0.,5.,17.5));
#10064=CARTESIAN_POINT('',(0.,19.05,17.5));
#10065=CARTESIAN_POINT('',(0.,5.,5.));
#10066=CARTESIAN_POINT('',(0.,5.,2.5));
#10067=CARTESIAN_POINT('',(0.,28.1,5.));
#10068=CARTESIAN_POINT('',(0.,30.6,5.));
#10069=CARTESIAN_POINT('',(0.,28.1,8.75));
#10070=CARTESIAN_POINT('',(0.,1.4,11.25));
#10071=CARTESIAN_POINT('Origin',(0.,2.5,11.25));
#10072=CARTESIAN_POINT('',(0.,29.5,11.25));
#10073=CARTESIAN_POINT('Origin',(0.,30.6,11.25));
#10074=CARTESIAN_POINT('Origin',(7.55,38.,-1.25));
#10075=CARTESIAN_POINT('',(15.1,38.,-2.5));
#10076=CARTESIAN_POINT('',(15.1,38.,0.));
#10077=CARTESIAN_POINT('',(15.1,38.,0.625));
#10078=CARTESIAN_POINT('',(4.775,38.,-2.5));
#10079=CARTESIAN_POINT('',(3.775,38.,0.));
#10080=CARTESIAN_POINT('Origin',(15.1,29.35,2.5));
#10081=CARTESIAN_POINT('',(15.1,33.1,0.));
#10082=CARTESIAN_POINT('',(15.1,33.1,0.));
#10083=CARTESIAN_POINT('',(15.1,33.1,5.));
#10084=CARTESIAN_POINT('',(15.1,33.1,0.));
#10085=CARTESIAN_POINT('',(15.1,25.6,5.));
#10086=CARTESIAN_POINT('',(15.1,33.1,5.));
#10087=CARTESIAN_POINT('',(15.1,25.6,0.));
#10088=CARTESIAN_POINT('',(15.1,25.6,5.));
#10089=CARTESIAN_POINT('',(15.1,20.7,0.));
#10090=CARTESIAN_POINT('',(15.1,25.6,0.));
#10091=CARTESIAN_POINT('',(15.1,20.7,-2.5));
#10092=CARTESIAN_POINT('',(15.1,20.7,0.625));
#10093=CARTESIAN_POINT('',(15.1,33.1,-2.5));
#10094=CARTESIAN_POINT('Origin',(5.39260384428426E-33,33.1,0.));
#10095=CARTESIAN_POINT('',(2.,33.1,0.));
#10096=CARTESIAN_POINT('Origin',(7.55,20.7,-1.25));
#10097=CARTESIAN_POINT('',(4.775,20.7,-2.5));
#10098=CARTESIAN_POINT('',(11.325,20.7,0.));
#10099=CARTESIAN_POINT('Origin',(15.1,25.6,0.));
#10100=CARTESIAN_POINT('',(9.55,25.6,0.));
#10101=CARTESIAN_POINT('Origin',(7.55,12.4,-1.25));
#10102=CARTESIAN_POINT('',(15.1,12.4,0.));
#10103=CARTESIAN_POINT('',(15.1,12.4,0.625000018626451));
#10104=CARTESIAN_POINT('',(3.775,12.4,0.));
#10105=CARTESIAN_POINT('Origin',(15.1,3.75,2.5000000372529));
#10106=CARTESIAN_POINT('',(15.1,7.5,0.));
#10107=CARTESIAN_POINT('',(15.1,7.5,0.));
#10108=CARTESIAN_POINT('',(15.1,7.5,5.00000007450581));
#10109=CARTESIAN_POINT('',(15.1,7.5,0.));
#10110=CARTESIAN_POINT('',(15.1,0.,5.00000007450581));
#10111=CARTESIAN_POINT('',(15.1,0.,5.00000007450581));
#10112=CARTESIAN_POINT('',(15.1,0.,0.));
#10113=CARTESIAN_POINT('',(15.1,0.,22.5));
#10114=CARTESIAN_POINT('',(15.1,0.,0.));
#10115=CARTESIAN_POINT('Origin',(0.,7.5,0.));
#10116=CARTESIAN_POINT('',(2.,7.5,0.));
#10117=CARTESIAN_POINT('Origin',(15.1,0.,0.));
#10118=CARTESIAN_POINT('',(7.55,0.,0.));
#10119=CARTESIAN_POINT('Origin',(2.,16.55,-2.5));
#10120=CARTESIAN_POINT('',(12.85,29.35,-2.5));
#10121=CARTESIAN_POINT('Origin',(11.35,29.35,-2.5));
#10122=CARTESIAN_POINT('Origin',(4.,7.5,2.6));
#10123=CARTESIAN_POINT('',(4.,7.5,2.6));
#10124=CARTESIAN_POINT('',(4.,25.6,2.6));
#10125=CARTESIAN_POINT('',(4.,3.75,2.6));
#10126=CARTESIAN_POINT('',(4.,7.5,2.6));
#10127=CARTESIAN_POINT('',(4.,25.6,2.6));
#10128=CARTESIAN_POINT('Origin',(4.,0.,0.));
#10129=CARTESIAN_POINT('',(4.,25.6,5.));
#10130=CARTESIAN_POINT('',(4.,25.6,2.5));
#10131=CARTESIAN_POINT('',(4.,7.5,5.00000007450581));
#10132=CARTESIAN_POINT('',(4.,14.05,5.));
#10133=CARTESIAN_POINT('',(4.,7.5,0.));
#10134=CARTESIAN_POINT('Origin',(11.35,29.35,2.4));
#10135=CARTESIAN_POINT('',(12.85,29.35,2.4));
#10136=CARTESIAN_POINT('Origin',(11.35,29.35,2.4));
#10137=CARTESIAN_POINT('',(12.85,29.35,2.4));
#10138=CARTESIAN_POINT('Origin',(11.35,3.75,2.4));
#10139=CARTESIAN_POINT('',(12.85,3.75,2.4));
#10140=CARTESIAN_POINT('Origin',(11.35,3.75,2.4));
#10141=CARTESIAN_POINT('',(12.85,3.75,2.4));
#10142=CARTESIAN_POINT('Origin',(11.35,0.424462449467757,5.));
#10143=CARTESIAN_POINT('',(11.35,0.424462449467757,5.));
#10144=CARTESIAN_POINT('',(8.47,2.08723122473388,5.));
#10145=CARTESIAN_POINT('',(2.60182035446223,5.47522632273819,5.));
#10146=CARTESIAN_POINT('',(11.35,0.424462449467757,2.4));
#10147=CARTESIAN_POINT('',(11.35,0.424462449467757,5.));
#10148=CARTESIAN_POINT('',(8.47,2.08723122473388,2.4));
#10149=CARTESIAN_POINT('',(8.47,2.08723122473388,2.4));
#10150=CARTESIAN_POINT('',(8.47,2.08723122473388,5.));
#10151=CARTESIAN_POINT('Origin',(14.23,2.08723122473388,5.));
#10152=CARTESIAN_POINT('',(14.23,2.08723122473388,5.));
#10153=CARTESIAN_POINT('',(16.0256796455378,3.12396735146344,5.));
#10154=CARTESIAN_POINT('',(14.23,2.08723122473388,2.4));
#10155=CARTESIAN_POINT('',(14.23,2.08723122473388,5.));
#10156=CARTESIAN_POINT('',(11.35,0.424462449467757,2.4));
#10157=CARTESIAN_POINT('Origin',(14.23,5.41276877526612,5.));
#10158=CARTESIAN_POINT('',(14.23,5.41276877526612,5.));
#10159=CARTESIAN_POINT('',(14.23,16.7563843876331,5.));
#10160=CARTESIAN_POINT('',(14.23,5.41276877526612,2.4));
#10161=CARTESIAN_POINT('',(14.23,5.41276877526612,5.));
#10162=CARTESIAN_POINT('',(14.23,2.08723122473388,2.4));
#10163=CARTESIAN_POINT('Origin',(11.35,7.07553755053225,5.));
#10164=CARTESIAN_POINT('',(11.35,7.07553755053225,5.));
#10165=CARTESIAN_POINT('',(4.04182035446223,11.2949170361696,5.));
#10166=CARTESIAN_POINT('',(11.35,7.07553755053225,2.4));
#10167=CARTESIAN_POINT('',(11.35,7.07553755053225,5.));
#10168=CARTESIAN_POINT('',(14.23,5.41276877526612,2.4));
#10169=CARTESIAN_POINT('Origin',(8.47,5.41276877526613,5.));
#10170=CARTESIAN_POINT('',(8.47,5.41276877526613,5.));
#10171=CARTESIAN_POINT('',(11.7056796455378,7.28088928962874,5.));
#10172=CARTESIAN_POINT('',(8.47,5.41276877526613,2.4));
#10173=CARTESIAN_POINT('',(8.47,5.41276877526613,5.));
#10174=CARTESIAN_POINT('',(11.35,7.07553755053225,2.4));
#10175=CARTESIAN_POINT('Origin',(8.47,2.08723122473388,5.));
#10176=CARTESIAN_POINT('',(8.47,15.0936156123669,5.));
#10177=CARTESIAN_POINT('',(8.47,5.41276877526613,2.4));
#10178=CARTESIAN_POINT('Origin',(11.35,3.75,2.4));
#10179=CARTESIAN_POINT('Origin',(11.35,26.0302359521597,5.));
#10180=CARTESIAN_POINT('',(11.35,26.0302359521597,5.));
#10181=CARTESIAN_POINT('',(8.475,27.6901179760798,5.));
#10182=CARTESIAN_POINT('',(8.14563293868263,27.8802781375936,5.));
#10183=CARTESIAN_POINT('',(11.35,26.0302359521597,2.4));
#10184=CARTESIAN_POINT('',(11.35,26.0302359521597,5.));
#10185=CARTESIAN_POINT('',(8.475,27.6901179760798,2.4));
#10186=CARTESIAN_POINT('',(8.475,27.6901179760798,2.4));
#10187=CARTESIAN_POINT('',(8.475,27.6901179760798,5.));
#10188=CARTESIAN_POINT('Origin',(14.225,27.6901179760798,5.));
#10189=CARTESIAN_POINT('',(14.225,27.6901179760798,5.));
#10190=CARTESIAN_POINT('',(10.4793670613174,25.5275757906459,5.));
#10191=CARTESIAN_POINT('',(14.225,27.6901179760798,2.4));
#10192=CARTESIAN_POINT('',(14.225,27.6901179760798,5.));
#10193=CARTESIAN_POINT('',(11.35,26.0302359521597,2.4));
#10194=CARTESIAN_POINT('Origin',(14.225,31.0098820239202,5.));
#10195=CARTESIAN_POINT('',(14.225,31.0098820239202,5.));
#10196=CARTESIAN_POINT('',(14.225,29.5549410119601,5.));
#10197=CARTESIAN_POINT('',(14.225,31.0098820239202,2.4));
#10198=CARTESIAN_POINT('',(14.225,31.0098820239202,5.));
#10199=CARTESIAN_POINT('',(14.225,27.6901179760798,2.4));
#10200=CARTESIAN_POINT('Origin',(11.35,32.6697640478404,5.));
#10201=CARTESIAN_POINT('',(11.35,32.6697640478404,5.));
#10202=CARTESIAN_POINT('',(9.58313293868263,33.6898652213142,5.));
#10203=CARTESIAN_POINT('',(11.35,32.6697640478404,2.4));
#10204=CARTESIAN_POINT('',(11.35,32.6697640478404,5.));
#10205=CARTESIAN_POINT('',(14.225,31.0098820239202,2.4));
#10206=CARTESIAN_POINT('Origin',(8.475,31.0098820239202,5.));
#10207=CARTESIAN_POINT('',(8.475,31.0098820239202,5.));
#10208=CARTESIAN_POINT('',(6.16686706131736,29.6772808504463,5.));
#10209=CARTESIAN_POINT('',(8.475,31.0098820239202,2.4));
#10210=CARTESIAN_POINT('',(8.475,31.0098820239202,5.));
#10211=CARTESIAN_POINT('',(11.35,32.6697640478404,2.4));
#10212=CARTESIAN_POINT('Origin',(8.475,27.6901179760798,5.));
#10213=CARTESIAN_POINT('',(8.475,27.8950589880399,5.));
#10214=CARTESIAN_POINT('',(8.475,31.0098820239202,2.4));
#10215=CARTESIAN_POINT('Origin',(11.35,29.35,2.4));
#10216=CARTESIAN_POINT('Origin',(4.,25.6,5.));
#10217=CARTESIAN_POINT('',(4.,25.6,5.));
#10218=CARTESIAN_POINT('Origin',(4.,0.,0.));
#10219=CARTESIAN_POINT('',(4.,28.1,5.));
#10220=CARTESIAN_POINT('',(4.,33.1,5.));
#10221=CARTESIAN_POINT('',(4.,16.55,5.));
#10222=CARTESIAN_POINT('',(4.,33.1,22.5));
#10223=CARTESIAN_POINT('',(4.,33.1,0.));
#10224=CARTESIAN_POINT('',(4.,0.,22.5));
#10225=CARTESIAN_POINT('',(4.,0.,22.5));
#10226=CARTESIAN_POINT('',(4.,0.,5.00000007450581));
#10227=CARTESIAN_POINT('',(4.,0.,0.));
#10228=CARTESIAN_POINT('',(4.,5.,5.));
#10229=CARTESIAN_POINT('',(4.,3.75,5.00000007450581));
#10230=CARTESIAN_POINT('',(4.,5.,17.5));
#10231=CARTESIAN_POINT('',(4.,5.,2.5));
#10232=CARTESIAN_POINT('',(4.,28.1,17.5));
#10233=CARTESIAN_POINT('',(4.,2.5,17.5));
#10234=CARTESIAN_POINT('',(4.,28.1,8.75));
#10235=CARTESIAN_POINT('',(4.,1.4,11.25));
#10236=CARTESIAN_POINT('Origin',(4.,2.5,11.25));
#10237=CARTESIAN_POINT('',(4.,29.5,11.25));
#10238=CARTESIAN_POINT('Origin',(4.,30.6,11.25));
#10239=CARTESIAN_POINT('Origin',(4.,7.5,0.));
#10240=CARTESIAN_POINT('',(4.,7.5,5.00000007450581));
#10241=CARTESIAN_POINT('Origin',(4.,5.,17.5));
#10242=CARTESIAN_POINT('',(4.,5.,17.5));
#10243=CARTESIAN_POINT('',(4.,28.1,17.5));
#10244=CARTESIAN_POINT('Origin',(4.,5.,5.));
#10245=CARTESIAN_POINT('',(4.,5.,5.));
#10246=CARTESIAN_POINT('Origin',(4.,28.1,5.));
#10247=CARTESIAN_POINT('',(4.,28.1,5.));
#10248=CARTESIAN_POINT('',(4.,0.,5.00000007450581));
#10249=CARTESIAN_POINT('',(4.,33.1,5.));
#10250=CARTESIAN_POINT('Origin',(4.,28.1,17.5));
#10251=CARTESIAN_POINT('Origin',(4.,2.5,11.25));
#10252=CARTESIAN_POINT('',(4.,1.4,11.25));
#10253=CARTESIAN_POINT('Origin',(4.,30.6,11.25));
#10254=CARTESIAN_POINT('',(4.,29.5,11.25));
#10255=CARTESIAN_POINT('Origin',(4.,33.1,0.));
#10256=CARTESIAN_POINT('',(4.,33.1,22.5));
#10257=CARTESIAN_POINT('Origin',(0.,0.,0.));
#10258=CARTESIAN_POINT('',(0.,0.,22.5));
#10259=CARTESIAN_POINT('Origin',(2.,16.55,22.5));
#10260=CARTESIAN_POINT('',(0.,0.,0.));
#10261=CARTESIAN_POINT('Origin',(1.8,0.,-10.));
#10262=CARTESIAN_POINT('',(1.8,0.,-10.));
#10263=CARTESIAN_POINT('',(1.8,0.,-11.5));
#10264=CARTESIAN_POINT('',(1.8,0.,-5.));
#10265=CARTESIAN_POINT('',(1.8,5.,-10.));
#10266=CARTESIAN_POINT('',(1.8,0.,-10.));
#10267=CARTESIAN_POINT('',(1.8,5.,-11.5));
#10268=CARTESIAN_POINT('',(1.8,5.,-11.5));
#10269=CARTESIAN_POINT('',(1.8,0.,-11.5));
#10270=CARTESIAN_POINT('Origin',(-1.8,0.,-10.));
#10271=CARTESIAN_POINT('',(-1.8,0.,-10.));
#10272=CARTESIAN_POINT('',(-0.900000000000001,0.,-10.));
#10273=CARTESIAN_POINT('',(-1.8,5.,-10.));
#10274=CARTESIAN_POINT('',(-1.8,0.,-10.));
#10275=CARTESIAN_POINT('',(1.8,5.,-10.));
#10276=CARTESIAN_POINT('Origin',(-1.8,0.,-11.5));
#10277=CARTESIAN_POINT('',(-1.8,0.,-11.5));
#10278=CARTESIAN_POINT('',(-1.8,0.,-5.75));
#10279=CARTESIAN_POINT('',(-1.8,5.,-11.5));
#10280=CARTESIAN_POINT('',(-1.8,0.,-11.5));
#10281=CARTESIAN_POINT('',(-1.8,5.,-10.));
#10282=CARTESIAN_POINT('Origin',(-2.77555756156289E-16,5.,-10.75));
#10283=CARTESIAN_POINT('',(3.,5.,-11.5));
#10284=CARTESIAN_POINT('Origin',(0.,0.,0.));
#10285=CARTESIAN_POINT('',(5.,0.,-11.5));
#10286=CARTESIAN_POINT('',(6.,0.,-11.5));
#10287=CARTESIAN_POINT('',(6.,0.,-10.5));
#10288=CARTESIAN_POINT('Origin',(5.,0.,-10.5));
#10289=CARTESIAN_POINT('',(6.,0.,9.5));
#10290=CARTESIAN_POINT('',(6.,0.,11.5));
#10291=CARTESIAN_POINT('',(5.,0.,9.5));
#10292=CARTESIAN_POINT('',(3.,0.,9.5));
#10293=CARTESIAN_POINT('',(4.,0.,10.5));
#10294=CARTESIAN_POINT('Origin',(5.,0.,10.5));
#10295=CARTESIAN_POINT('',(4.,0.,11.5));
#10296=CARTESIAN_POINT('',(4.,0.,5.25));
#10297=CARTESIAN_POINT('',(-5.,0.,11.5));
#10298=CARTESIAN_POINT('',(-6.,0.,11.5));
#10299=CARTESIAN_POINT('',(-6.,0.,10.5));
#10300=CARTESIAN_POINT('Origin',(-5.,0.,10.5));
#10301=CARTESIAN_POINT('',(-6.,0.,-9.5));
#10302=CARTESIAN_POINT('',(-6.,0.,-11.5));
#10303=CARTESIAN_POINT('',(-5.,0.,-9.5));
#10304=CARTESIAN_POINT('',(-3.,0.,-9.5));
#10305=CARTESIAN_POINT('',(-4.,0.,-10.5));
#10306=CARTESIAN_POINT('Origin',(-5.,0.,-10.5));
#10307=CARTESIAN_POINT('',(-4.,0.,-11.5));
#10308=CARTESIAN_POINT('',(-4.,0.,-5.25));
#10309=CARTESIAN_POINT('',(6.,0.,-11.5));
#10310=CARTESIAN_POINT('Origin',(5.,0.,-10.5));
#10311=CARTESIAN_POINT('',(5.,17.1,-11.5));
#10312=CARTESIAN_POINT('',(5.,0.,-11.5));
#10313=CARTESIAN_POINT('',(6.,17.1,-10.5));
#10314=CARTESIAN_POINT('Origin',(5.,17.1,-10.5));
#10315=CARTESIAN_POINT('',(6.,0.,-10.5));
#10316=CARTESIAN_POINT('Origin',(6.,0.,11.5));
#10317=CARTESIAN_POINT('',(6.,17.1,-15.8));
#10318=CARTESIAN_POINT('',(6.,17.1,-11.5));
#10319=CARTESIAN_POINT('',(6.,19.5,-15.8));
#10320=CARTESIAN_POINT('',(6.,9.15,-15.8));
#10321=CARTESIAN_POINT('',(6.,19.5,-10.5));
#10322=CARTESIAN_POINT('',(6.,19.5,-11.5));
#10323=CARTESIAN_POINT('',(6.,24.,-10.5));
#10324=CARTESIAN_POINT('',(6.,0.,-10.5));
#10325=CARTESIAN_POINT('',(6.,24.,-5.5));
#10326=CARTESIAN_POINT('',(6.,24.,11.5));
#10327=CARTESIAN_POINT('',(6.,24.,10.5));
#10328=CARTESIAN_POINT('',(6.,24.,11.5));
#10329=CARTESIAN_POINT('',(6.,19.5,10.5));
#10330=CARTESIAN_POINT('',(6.,0.,10.5));
#10331=CARTESIAN_POINT('',(6.,19.5,15.8));
#10332=CARTESIAN_POINT('',(6.,19.5,11.5));
#10333=CARTESIAN_POINT('',(6.,17.1,15.8));
#10334=CARTESIAN_POINT('',(6.,9.15,15.8));
#10335=CARTESIAN_POINT('',(6.,17.1,10.5));
#10336=CARTESIAN_POINT('',(6.,17.1,11.5));
#10337=CARTESIAN_POINT('',(6.,1.,10.5));
#10338=CARTESIAN_POINT('',(6.,0.,10.5));
#10339=CARTESIAN_POINT('',(6.,1.,9.5));
#10340=CARTESIAN_POINT('',(6.,1.,11.));
#10341=CARTESIAN_POINT('',(6.,0.,9.5));
#10342=CARTESIAN_POINT('Origin',(5.,0.,-10.5));
#10343=CARTESIAN_POINT('',(5.,24.,-11.5));
#10344=CARTESIAN_POINT('Origin',(5.,24.,-10.5));
#10345=CARTESIAN_POINT('',(5.,19.5,-11.5));
#10346=CARTESIAN_POINT('Origin',(5.,19.5,-10.5));
#10347=CARTESIAN_POINT('',(5.,0.,-11.5));
#10348=CARTESIAN_POINT('Origin',(6.,0.,-11.5));
#10349=CARTESIAN_POINT('',(-5.,19.5,-11.5));
#10350=CARTESIAN_POINT('',(6.,19.5,-11.5));
#10351=CARTESIAN_POINT('',(-5.,24.,-11.5));
#10352=CARTESIAN_POINT('',(-5.,0.,-11.5));
#10353=CARTESIAN_POINT('',(0.,24.,-11.5));
#10354=CARTESIAN_POINT('',(6.,24.,-11.5));
#10355=CARTESIAN_POINT('',(6.,24.,-11.5));
#10356=CARTESIAN_POINT('Origin',(-5.,0.,-10.5));
#10357=CARTESIAN_POINT('',(-5.,1.,-11.5));
#10358=CARTESIAN_POINT('',(-6.,1.,-10.5));
#10359=CARTESIAN_POINT('Origin',(-5.,1.,-10.5));
#10360=CARTESIAN_POINT('',(-6.,17.1,-10.5));
#10361=CARTESIAN_POINT('',(-6.,0.,-10.5));
#10362=CARTESIAN_POINT('',(-5.,17.1,-11.5));
#10363=CARTESIAN_POINT('Origin',(-5.,17.1,-10.5));
#10364=CARTESIAN_POINT('',(-5.,0.,-11.5));
#10365=CARTESIAN_POINT('Origin',(6.,0.,-11.5));
#10366=CARTESIAN_POINT('',(-4.,1.,-11.5));
#10367=CARTESIAN_POINT('',(-4.,0.,-11.5));
#10368=CARTESIAN_POINT('',(0.5,1.,-11.5));
#10369=CARTESIAN_POINT('',(0.,17.1,-11.5));
#10370=CARTESIAN_POINT('Origin',(-5.,0.,-10.5));
#10371=CARTESIAN_POINT('',(-6.,24.,-10.5));
#10372=CARTESIAN_POINT('Origin',(-5.,24.,-10.5));
#10373=CARTESIAN_POINT('',(-6.,19.5,-10.5));
#10374=CARTESIAN_POINT('Origin',(-5.,19.5,-10.5));
#10375=CARTESIAN_POINT('',(-6.,0.,-10.5));
#10376=CARTESIAN_POINT('Origin',(0.,24.,0.));
#10377=CARTESIAN_POINT('',(-6.,24.,-5.5));
#10378=CARTESIAN_POINT('',(-6.,24.,-11.5));
#10379=CARTESIAN_POINT('Origin',(0.,24.,-5.5));
#10380=CARTESIAN_POINT('Origin',(-6.,0.,-11.5));
#10381=CARTESIAN_POINT('',(-6.,1.,-9.5));
#10382=CARTESIAN_POINT('',(-6.,1.,-11.));
#10383=CARTESIAN_POINT('',(-6.,0.,-9.5));
#10384=CARTESIAN_POINT('',(-6.,17.1,10.5));
#10385=CARTESIAN_POINT('',(-6.,0.,10.5));
#10386=CARTESIAN_POINT('',(-6.,17.1,15.8));
#10387=CARTESIAN_POINT('',(-6.,17.1,11.5));
#10388=CARTESIAN_POINT('',(-6.,19.5,15.8));
#10389=CARTESIAN_POINT('',(-6.,9.15,15.8));
#10390=CARTESIAN_POINT('',(-6.,19.5,10.5));
#10391=CARTESIAN_POINT('',(-6.,19.5,11.5));
#10392=CARTESIAN_POINT('',(-6.,24.,10.5));
#10393=CARTESIAN_POINT('',(-6.,0.,10.5));
#10394=CARTESIAN_POINT('',(-6.,24.,-11.5));
#10395=CARTESIAN_POINT('',(-6.,19.5,-15.8));
#10396=CARTESIAN_POINT('',(-6.,19.5,-11.5));
#10397=CARTESIAN_POINT('',(-6.,17.1,-15.8));
#10398=CARTESIAN_POINT('',(-6.,9.15,-15.8));
#10399=CARTESIAN_POINT('',(-6.,17.1,-11.5));
#10400=CARTESIAN_POINT('Origin',(5.,0.,10.5));
#10401=CARTESIAN_POINT('',(5.,24.,11.5));
#10402=CARTESIAN_POINT('Origin',(5.,24.,10.5));
#10403=CARTESIAN_POINT('',(5.,19.5,11.5));
#10404=CARTESIAN_POINT('',(5.,0.,11.5));
#10405=CARTESIAN_POINT('Origin',(5.,19.5,10.5));
#10406=CARTESIAN_POINT('Origin',(-5.,0.,10.5));
#10407=CARTESIAN_POINT('',(-5.,24.,11.5));
#10408=CARTESIAN_POINT('Origin',(-5.,24.,10.5));
#10409=CARTESIAN_POINT('',(-5.,19.5,11.5));
#10410=CARTESIAN_POINT('Origin',(-5.,19.5,10.5));
#10411=CARTESIAN_POINT('',(-5.,0.,11.5));
#10412=CARTESIAN_POINT('Origin',(-6.,0.,11.5));
#10413=CARTESIAN_POINT('',(-6.,24.,11.5));
#10414=CARTESIAN_POINT('',(0.,19.5,11.5));
#10415=CARTESIAN_POINT('Origin',(5.,0.,10.5));
#10416=CARTESIAN_POINT('',(5.,1.,11.5));
#10417=CARTESIAN_POINT('Origin',(5.,1.,10.5));
#10418=CARTESIAN_POINT('',(5.,17.1,11.5));
#10419=CARTESIAN_POINT('Origin',(5.,17.1,10.5));
#10420=CARTESIAN_POINT('',(5.,0.,11.5));
#10421=CARTESIAN_POINT('Origin',(5.,1.,10.5));
#10422=CARTESIAN_POINT('',(4.,1.,11.5));
#10423=CARTESIAN_POINT('',(-0.5,1.,11.5));
#10424=CARTESIAN_POINT('',(4.,1.,10.5));
#10425=CARTESIAN_POINT('',(4.,1.,11.5));
#10426=CARTESIAN_POINT('',(5.,1.,9.5));
#10427=CARTESIAN_POINT('Origin',(5.,1.,10.5));
#10428=CARTESIAN_POINT('',(5.,1.,9.5));
#10429=CARTESIAN_POINT('Origin',(-5.,0.,10.5));
#10430=CARTESIAN_POINT('',(-5.,17.1,11.5));
#10431=CARTESIAN_POINT('',(-5.,0.,11.5));
#10432=CARTESIAN_POINT('Origin',(-5.,17.1,10.5));
#10433=CARTESIAN_POINT('Origin',(4.,0.,10.5));
#10434=CARTESIAN_POINT('',(4.,0.,10.5));
#10435=CARTESIAN_POINT('',(4.,0.,11.5));
#10436=CARTESIAN_POINT('Origin',(5.,0.,10.5));
#10437=CARTESIAN_POINT('',(5.,0.,9.5));
#10438=CARTESIAN_POINT('Origin',(6.,0.,9.5));
#10439=CARTESIAN_POINT('Origin',(-4.,0.,-10.5));
#10440=CARTESIAN_POINT('',(-4.,1.,-10.5));
#10441=CARTESIAN_POINT('',(-4.,0.,-10.5));
#10442=CARTESIAN_POINT('',(-4.,1.,-11.5));
#10443=CARTESIAN_POINT('Origin',(-5.,0.,-10.5));
#10444=CARTESIAN_POINT('',(-5.,1.,-9.5));
#10445=CARTESIAN_POINT('',(-5.,0.,-9.5));
#10446=CARTESIAN_POINT('Origin',(-5.,1.,-10.5));
#10447=CARTESIAN_POINT('Origin',(-6.,0.,-9.5));
#10448=CARTESIAN_POINT('',(-5.,1.,-9.5));
#10449=CARTESIAN_POINT('Origin',(-5.,1.,-10.5));
#10450=CARTESIAN_POINT('Origin',(-6.,0.,11.5));
#10451=CARTESIAN_POINT('',(-6.,17.1,11.5));
#10452=CARTESIAN_POINT('Origin',(0.,24.,0.5));
#10453=CARTESIAN_POINT('',(2.44514470714698,24.,-0.0208333333333333));
#10454=CARTESIAN_POINT('',(-2.44514470714698,24.,-0.0208333333333321));
#10455=CARTESIAN_POINT('Origin',(0.,24.,0.5));
#10456=CARTESIAN_POINT('',(2.44514470714698,28.5,-0.0208333333333333));
#10457=CARTESIAN_POINT('',(2.44514470714698,24.,-0.0208333333333333));
#10458=CARTESIAN_POINT('',(-2.44514470714698,28.5,-0.0208333333333321));
#10459=CARTESIAN_POINT('Origin',(0.,28.5,0.5));
#10460=CARTESIAN_POINT('',(-2.44514470714698,24.,-0.0208333333333321));
#10461=CARTESIAN_POINT('Origin',(0.,24.,-5.5));
#10462=CARTESIAN_POINT('Origin',(0.,24.,-5.5));
#10463=CARTESIAN_POINT('Origin',(0.,24.,-5.5));
#10464=CARTESIAN_POINT('Origin',(0.,24.,-5.5));
#10465=CARTESIAN_POINT('Origin',(0.,28.5,-5.5));
#10466=CARTESIAN_POINT('Origin',(0.,28.5,-4.25));
#10467=CARTESIAN_POINT('Origin',(0.,24.,0.));
#10468=CARTESIAN_POINT('Origin',(0.,24.,0.));
#10469=CARTESIAN_POINT('Origin',(-5.5,9.15,-15.8));
#10470=CARTESIAN_POINT('',(-5.5,17.1,-16.3));
#10471=CARTESIAN_POINT('Origin',(-5.5,17.1,-15.8));
#10472=CARTESIAN_POINT('',(-5.5,19.5,-16.3));
#10473=CARTESIAN_POINT('Origin',(-5.5,19.5,-15.8));
#10474=CARTESIAN_POINT('',(-5.5,9.15,-16.3));
#10475=CARTESIAN_POINT('Origin',(0.,18.3,-16.3));
#10476=CARTESIAN_POINT('',(-0.75,19.5,-16.3));
#10477=CARTESIAN_POINT('',(6.,19.5,-16.3));
#10478=CARTESIAN_POINT('',(-0.75,17.1,-16.3));
#10479=CARTESIAN_POINT('',(-0.75,18.9,-16.3));
#10480=CARTESIAN_POINT('',(-6.,17.1,-16.3));
#10481=CARTESIAN_POINT('Origin',(6.,19.5,-11.5));
#10482=CARTESIAN_POINT('',(5.5,19.5,-16.3));
#10483=CARTESIAN_POINT('Origin',(5.5,19.5,-15.8));
#10484=CARTESIAN_POINT('',(0.75,19.5,-16.3));
#10485=CARTESIAN_POINT('',(6.,19.5,-16.3));
#10486=CARTESIAN_POINT('',(0.749999999999998,19.5,-14.9));
#10487=CARTESIAN_POINT('',(0.749999999999997,19.5,-13.2));
#10488=CARTESIAN_POINT('',(-0.75,19.5,-14.9));
#10489=CARTESIAN_POINT('Origin',(0.,19.5,-13.9));
#10490=CARTESIAN_POINT('',(-0.75,19.5,-13.9));
#10491=CARTESIAN_POINT('Origin',(5.5,9.15,-15.8));
#10492=CARTESIAN_POINT('',(5.5,17.1,-16.3));
#10493=CARTESIAN_POINT('Origin',(5.5,17.1,-15.8));
#10494=CARTESIAN_POINT('',(5.5,9.15,-16.3));
#10495=CARTESIAN_POINT('Origin',(0.,18.3,-16.3));
#10496=CARTESIAN_POINT('',(0.75,17.1,-16.3));
#10497=CARTESIAN_POINT('',(-6.,17.1,-16.3));
#10498=CARTESIAN_POINT('',(0.75,18.9,-16.3));
#10499=CARTESIAN_POINT('Origin',(0.749999999999998,19.5,-14.9));
#10500=CARTESIAN_POINT('',(0.749999999999998,17.1,-14.9));
#10501=CARTESIAN_POINT('',(0.749999999999997,17.1,-13.2));
#10502=CARTESIAN_POINT('',(0.749999999999998,19.5,-14.9));
#10503=CARTESIAN_POINT('Origin',(0.,19.5,-13.9));
#10504=CARTESIAN_POINT('',(-0.75,17.1,-14.9));
#10505=CARTESIAN_POINT('Origin',(0.,17.1,-13.9));
#10506=CARTESIAN_POINT('',(-0.75,19.5,-14.9));
#10507=CARTESIAN_POINT('Origin',(-0.75,19.5,-16.3));
#10508=CARTESIAN_POINT('',(-0.75,17.1,-13.9));
#10509=CARTESIAN_POINT('Origin',(-6.,17.1,-11.5));
#10510=CARTESIAN_POINT('Origin',(-5.5,9.15,15.8));
#10511=CARTESIAN_POINT('',(-5.5,17.1,16.3));
#10512=CARTESIAN_POINT('Origin',(-5.5,17.1,15.8));
#10513=CARTESIAN_POINT('',(-5.5,19.5,16.3));
#10514=CARTESIAN_POINT('',(-5.5,9.15,16.3));
#10515=CARTESIAN_POINT('Origin',(-5.5,19.5,15.8));
#10516=CARTESIAN_POINT('Origin',(0.,18.3,16.3));
#10517=CARTESIAN_POINT('',(-0.75,17.1,16.3));
#10518=CARTESIAN_POINT('',(-6.,17.1,16.3));
#10519=CARTESIAN_POINT('',(-0.75,19.5,16.3));
#10520=CARTESIAN_POINT('',(-0.75,18.9,16.3));
#10521=CARTESIAN_POINT('',(6.,19.5,16.3));
#10522=CARTESIAN_POINT('Origin',(-6.,17.1,11.5));
#10523=CARTESIAN_POINT('',(5.5,17.1,16.3));
#10524=CARTESIAN_POINT('Origin',(5.5,17.1,15.8));
#10525=CARTESIAN_POINT('',(0.75,17.1,16.3));
#10526=CARTESIAN_POINT('',(-6.,17.1,16.3));
#10527=CARTESIAN_POINT('',(0.749999999999998,17.1,14.9));
#10528=CARTESIAN_POINT('',(0.749999999999997,17.1,13.2));
#10529=CARTESIAN_POINT('',(-0.75,17.1,14.9));
#10530=CARTESIAN_POINT('Origin',(0.,17.1,13.9));
#10531=CARTESIAN_POINT('',(-0.75,17.1,13.9));
#10532=CARTESIAN_POINT('Origin',(5.5,9.15,15.8));
#10533=CARTESIAN_POINT('',(5.5,19.5,16.3));
#10534=CARTESIAN_POINT('Origin',(5.5,19.5,15.8));
#10535=CARTESIAN_POINT('',(5.5,9.15,16.3));
#10536=CARTESIAN_POINT('Origin',(0.,18.3,16.3));
#10537=CARTESIAN_POINT('',(0.75,19.5,16.3));
#10538=CARTESIAN_POINT('',(6.,19.5,16.3));
#10539=CARTESIAN_POINT('',(0.75,18.9,16.3));
#10540=CARTESIAN_POINT('Origin',(6.,19.5,11.5));
#10541=CARTESIAN_POINT('',(-0.75,19.5,14.9));
#10542=CARTESIAN_POINT('',(-0.75,19.5,13.9));
#10543=CARTESIAN_POINT('',(0.749999999999998,19.5,14.9));
#10544=CARTESIAN_POINT('Origin',(0.,19.5,13.9));
#10545=CARTESIAN_POINT('',(0.749999999999997,19.5,13.2));
#10546=CARTESIAN_POINT('Origin',(0.749999999999998,19.5,14.9));
#10547=CARTESIAN_POINT('',(0.749999999999998,19.5,14.9));
#10548=CARTESIAN_POINT('Origin',(0.,19.5,13.9));
#10549=CARTESIAN_POINT('',(-0.75,19.5,14.9));
#10550=CARTESIAN_POINT('Origin',(-0.75,19.5,16.3));
#10551=CARTESIAN_POINT('Origin',(0.,31.5,-5.5));
#10552=CARTESIAN_POINT('',(-0.5,31.5,-5.5));
#10553=CARTESIAN_POINT('Origin',(0.,31.5,-5.5));
#10554=CARTESIAN_POINT('',(-0.5,28.5,-5.5));
#10555=CARTESIAN_POINT('',(-0.5,31.5,-5.5));
#10556=CARTESIAN_POINT('Origin',(0.,28.5,-5.5));
#10557=CARTESIAN_POINT('Origin',(-0.391086162600578,31.5,-3.03077914851216));
#10558=CARTESIAN_POINT('',(-0.292024215353566,28.5,-3.01711420769156));
#10559=CARTESIAN_POINT('',(-0.489522371987429,28.5,-3.04839484269514));
#10560=CARTESIAN_POINT('Origin',(-0.391086162600578,28.5,-3.03077914851216));
#10561=CARTESIAN_POINT('',(-0.292024215353566,31.5,-3.01711420769156));
#10562=CARTESIAN_POINT('',(-0.292024215353567,31.5,-3.01711420769156));
#10563=CARTESIAN_POINT('',(-0.489522371987429,31.5,-3.04839484269514));
#10564=CARTESIAN_POINT('Origin',(-0.391086162600578,31.5,-3.03077914851216));
#10565=CARTESIAN_POINT('',(-0.489522371987427,31.5,-3.04839484269514));
#10566=CARTESIAN_POINT('Origin',(-0.772542485937369,31.5,-3.12235870926212));
#10567=CARTESIAN_POINT('',(-0.676837823351922,28.5,-3.09336530381526));
#10568=CARTESIAN_POINT('',(-0.867011080545317,28.5,-3.15515634077416));
#10569=CARTESIAN_POINT('Origin',(-0.772542485937369,28.5,-3.12235870926212));
#10570=CARTESIAN_POINT('',(-0.676837823351922,31.5,-3.09336530381526));
#10571=CARTESIAN_POINT('',(-0.676837823351924,31.5,-3.09336530381526));
#10572=CARTESIAN_POINT('',(-0.867011080545317,31.5,-3.15515634077416));
#10573=CARTESIAN_POINT('Origin',(-0.772542485937369,31.5,-3.12235870926212));
#10574=CARTESIAN_POINT('',(-0.867011080545316,31.5,-3.15515634077416));
#10575=CARTESIAN_POINT('Origin',(-1.13497624934887,31.5,-3.27248368952908));
#10576=CARTESIAN_POINT('',(-1.0449854378434,28.5,-3.22887573332166));
#10577=CARTESIAN_POINT('',(-1.22315109885537,28.5,-3.31965567183326));
#10578=CARTESIAN_POINT('Origin',(-1.13497624934887,28.5,-3.27248368952908));
#10579=CARTESIAN_POINT('',(-1.0449854378434,31.5,-3.22887573332166));
#10580=CARTESIAN_POINT('',(-1.0449854378434,31.5,-3.22887573332166));
#10581=CARTESIAN_POINT('',(-1.22315109885537,31.5,-3.31965567183326));
#10582=CARTESIAN_POINT('Origin',(-1.13497624934887,31.5,-3.27248368952908));
#10583=CARTESIAN_POINT('',(-1.22315109885537,31.5,-3.31965567183325));
#10584=CARTESIAN_POINT('Origin',(-1.46946313073118,31.5,-3.47745751406263));
#10585=CARTESIAN_POINT('',(-1.38740204274735,28.5,-3.42030877970299));
#10586=CARTESIAN_POINT('',(-1.54917307770585,28.5,-3.53784231639978));
#10587=CARTESIAN_POINT('Origin',(-1.46946313073118,28.5,-3.47745751406263));
#10588=CARTESIAN_POINT('',(-1.38740204274735,31.5,-3.42030877970299));
#10589=CARTESIAN_POINT('',(-1.38740204274735,31.5,-3.42030877970299));
#10590=CARTESIAN_POINT('',(-1.54917307770585,31.5,-3.53784231639978));
#10591=CARTESIAN_POINT('Origin',(-1.46946313073118,31.5,-3.47745751406263));
#10592=CARTESIAN_POINT('',(-1.54917307770585,31.5,-3.53784231639978));
#10593=CARTESIAN_POINT('Origin',(-1.76776695296637,31.5,-3.73223304703363));
#10594=CARTESIAN_POINT('',(-1.69565620483546,28.5,-3.66295072602747));
#10595=CARTESIAN_POINT('',(-1.83704927397253,28.5,-3.80434379516454));
#10596=CARTESIAN_POINT('Origin',(-1.76776695296637,28.5,-3.73223304703363));
#10597=CARTESIAN_POINT('',(-1.69565620483546,31.5,-3.66295072602747));
#10598=CARTESIAN_POINT('',(-1.69565620483546,31.5,-3.66295072602747));
#10599=CARTESIAN_POINT('',(-1.83704927397253,31.5,-3.80434379516454));
#10600=CARTESIAN_POINT('Origin',(-1.76776695296637,31.5,-3.73223304703363));
#10601=CARTESIAN_POINT('',(-1.83704927397253,31.5,-3.80434379516454));
#10602=CARTESIAN_POINT('Origin',(-2.02254248593737,31.5,-4.03053686926882));
#10603=CARTESIAN_POINT('',(-1.96215768360022,28.5,-3.95082692229415));
#10604=CARTESIAN_POINT('',(-2.07969122029702,28.5,-4.11259795725265));
#10605=CARTESIAN_POINT('Origin',(-2.02254248593737,28.5,-4.03053686926882));
#10606=CARTESIAN_POINT('',(-1.96215768360022,31.5,-3.95082692229415));
#10607=CARTESIAN_POINT('',(-1.96215768360022,31.5,-3.95082692229415));
#10608=CARTESIAN_POINT('',(-2.07969122029702,31.5,-4.11259795725265));
#10609=CARTESIAN_POINT('Origin',(-2.02254248593737,31.5,-4.03053686926882));
#10610=CARTESIAN_POINT('',(-2.07969122029701,31.5,-4.11259795725265));
#10611=CARTESIAN_POINT('Origin',(-2.22751631047092,31.5,-4.36502375065113));
#10612=CARTESIAN_POINT('',(-2.18034432816675,28.5,-4.27684890114463));
#10613=CARTESIAN_POINT('',(-2.27112426667834,28.5,-4.4550145621566));
#10614=CARTESIAN_POINT('Origin',(-2.22751631047092,28.5,-4.36502375065113));
#10615=CARTESIAN_POINT('',(-2.18034432816675,31.5,-4.27684890114463));
#10616=CARTESIAN_POINT('',(-2.18034432816675,31.5,-4.27684890114463));
#10617=CARTESIAN_POINT('',(-2.27112426667834,31.5,-4.4550145621566));
#10618=CARTESIAN_POINT('Origin',(-2.22751631047092,31.5,-4.36502375065113));
#10619=CARTESIAN_POINT('',(-2.27112426667834,31.5,-4.4550145621566));
#10620=CARTESIAN_POINT('Origin',(-2.37764129073788,31.5,-4.72745751406263));
#10621=CARTESIAN_POINT('',(-2.34484365922584,28.5,-4.63298891945468));
#10622=CARTESIAN_POINT('',(-2.40663469618474,28.5,-4.82316217664808));
#10623=CARTESIAN_POINT('Origin',(-2.37764129073788,28.5,-4.72745751406263));
#10624=CARTESIAN_POINT('',(-2.34484365922584,31.5,-4.63298891945468));
#10625=CARTESIAN_POINT('',(-2.34484365922584,31.5,-4.63298891945468));
#10626=CARTESIAN_POINT('',(-2.40663469618474,31.5,-4.82316217664808));
#10627=CARTESIAN_POINT('Origin',(-2.37764129073788,31.5,-4.72745751406263));
#10628=CARTESIAN_POINT('',(-2.40663469618474,31.5,-4.82316217664808));
#10629=CARTESIAN_POINT('Origin',(-2.46922085148784,31.5,-5.10891383739942));
#10630=CARTESIAN_POINT('',(-2.45160515730486,28.5,-5.01047762801257));
#10631=CARTESIAN_POINT('',(-2.48288579230845,28.5,-5.20797578464644));
#10632=CARTESIAN_POINT('Origin',(-2.46922085148784,28.5,-5.10891383739942));
#10633=CARTESIAN_POINT('',(-2.45160515730486,31.5,-5.01047762801257));
#10634=CARTESIAN_POINT('',(-2.45160515730486,31.5,-5.01047762801257));
#10635=CARTESIAN_POINT('',(-2.48288579230845,31.5,-5.20797578464644));
#10636=CARTESIAN_POINT('Origin',(-2.46922085148784,31.5,-5.10891383739942));
#10637=CARTESIAN_POINT('',(-2.48288579230845,31.5,-5.20797578464643));
#10638=CARTESIAN_POINT('Origin',(-2.5,31.5,-5.5));
#10639=CARTESIAN_POINT('',(-2.498,28.5,-5.4000200020004));
#10640=CARTESIAN_POINT('',(-2.498,28.5,-5.5999799979996));
#10641=CARTESIAN_POINT('Origin',(-2.5,28.5,-5.5));
#10642=CARTESIAN_POINT('',(-2.498,31.5,-5.4000200020004));
#10643=CARTESIAN_POINT('',(-2.498,31.5,-5.4000200020004));
#10644=CARTESIAN_POINT('',(-2.498,31.5,-5.5999799979996));
#10645=CARTESIAN_POINT('Origin',(-2.5,31.5,-5.5));
#10646=CARTESIAN_POINT('',(-2.498,31.5,-5.5999799979996));
#10647=CARTESIAN_POINT('Origin',(-2.46922085148785,31.5,-5.89108616260058));
#10648=CARTESIAN_POINT('',(-2.48288579230845,28.5,-5.79202421535356));
#10649=CARTESIAN_POINT('',(-2.45160515730486,28.5,-5.98952237198743));
#10650=CARTESIAN_POINT('Origin',(-2.46922085148785,28.5,-5.89108616260058));
#10651=CARTESIAN_POINT('',(-2.48288579230845,31.5,-5.79202421535356));
#10652=CARTESIAN_POINT('',(-2.48288579230845,31.5,-5.79202421535357));
#10653=CARTESIAN_POINT('',(-2.45160515730486,31.5,-5.98952237198743));
#10654=CARTESIAN_POINT('Origin',(-2.46922085148785,31.5,-5.89108616260058));
#10655=CARTESIAN_POINT('',(-2.45160515730486,31.5,-5.98952237198743));
#10656=CARTESIAN_POINT('Origin',(-2.37764129073788,31.5,-6.27254248593737));
#10657=CARTESIAN_POINT('',(-2.40663469618474,28.5,-6.17683782335192));
#10658=CARTESIAN_POINT('',(-2.34484365922584,28.5,-6.36701108054532));
#10659=CARTESIAN_POINT('Origin',(-2.37764129073788,28.5,-6.27254248593737));
#10660=CARTESIAN_POINT('',(-2.40663469618474,31.5,-6.17683782335192));
#10661=CARTESIAN_POINT('',(-2.40663469618474,31.5,-6.17683782335192));
#10662=CARTESIAN_POINT('',(-2.34484365922584,31.5,-6.36701108054532));
#10663=CARTESIAN_POINT('Origin',(-2.37764129073788,31.5,-6.27254248593737));
#10664=CARTESIAN_POINT('',(-2.34484365922584,31.5,-6.36701108054532));
#10665=CARTESIAN_POINT('Origin',(-2.22751631047092,31.5,-6.63497624934887));
#10666=CARTESIAN_POINT('',(-2.27112426667834,28.5,-6.5449854378434));
#10667=CARTESIAN_POINT('',(-2.18034432816675,28.5,-6.72315109885537));
#10668=CARTESIAN_POINT('Origin',(-2.22751631047092,28.5,-6.63497624934887));
#10669=CARTESIAN_POINT('',(-2.27112426667834,31.5,-6.5449854378434));
#10670=CARTESIAN_POINT('',(-2.27112426667834,31.5,-6.5449854378434));
#10671=CARTESIAN_POINT('',(-2.18034432816675,31.5,-6.72315109885537));
#10672=CARTESIAN_POINT('Origin',(-2.22751631047092,31.5,-6.63497624934887));
#10673=CARTESIAN_POINT('',(-2.18034432816675,31.5,-6.72315109885537));
#10674=CARTESIAN_POINT('Origin',(-2.02254248593737,31.5,-6.96946313073119));
#10675=CARTESIAN_POINT('',(-2.07969122029702,28.5,-6.88740204274735));
#10676=CARTESIAN_POINT('',(-1.96215768360022,28.5,-7.04917307770585));
#10677=CARTESIAN_POINT('Origin',(-2.02254248593737,28.5,-6.96946313073119));
#10678=CARTESIAN_POINT('',(-2.07969122029702,31.5,-6.88740204274735));
#10679=CARTESIAN_POINT('',(-2.07969122029701,31.5,-6.88740204274735));
#10680=CARTESIAN_POINT('',(-1.96215768360022,31.5,-7.04917307770585));
#10681=CARTESIAN_POINT('Origin',(-2.02254248593737,31.5,-6.96946313073119));
#10682=CARTESIAN_POINT('',(-1.96215768360022,31.5,-7.04917307770585));
#10683=CARTESIAN_POINT('Origin',(-1.76776695296637,31.5,-7.26776695296637));
#10684=CARTESIAN_POINT('',(-1.83704927397253,28.5,-7.19565620483546));
#10685=CARTESIAN_POINT('',(-1.69565620483546,28.5,-7.33704927397253));
#10686=CARTESIAN_POINT('Origin',(-1.76776695296637,28.5,-7.26776695296637));
#10687=CARTESIAN_POINT('',(-1.83704927397253,31.5,-7.19565620483546));
#10688=CARTESIAN_POINT('',(-1.83704927397253,31.5,-7.19565620483546));
#10689=CARTESIAN_POINT('',(-1.69565620483546,31.5,-7.33704927397253));
#10690=CARTESIAN_POINT('Origin',(-1.76776695296637,31.5,-7.26776695296637));
#10691=CARTESIAN_POINT('',(-1.69565620483546,31.5,-7.33704927397253));
#10692=CARTESIAN_POINT('Origin',(-1.46946313073118,31.5,-7.52254248593737));
#10693=CARTESIAN_POINT('',(-1.54917307770585,28.5,-7.46215768360022));
#10694=CARTESIAN_POINT('',(-1.38740204274735,28.5,-7.57969122029702));
#10695=CARTESIAN_POINT('Origin',(-1.46946313073118,28.5,-7.52254248593737));
#10696=CARTESIAN_POINT('',(-1.54917307770585,31.5,-7.46215768360022));
#10697=CARTESIAN_POINT('',(-1.54917307770585,31.5,-7.46215768360022));
#10698=CARTESIAN_POINT('',(-1.38740204274735,31.5,-7.57969122029702));
#10699=CARTESIAN_POINT('Origin',(-1.46946313073118,31.5,-7.52254248593737));
#10700=CARTESIAN_POINT('',(-1.38740204274735,31.5,-7.57969122029702));
#10701=CARTESIAN_POINT('Origin',(-1.13497624934887,31.5,-7.72751631047092));
#10702=CARTESIAN_POINT('',(-1.22315109885537,28.5,-7.68034432816675));
#10703=CARTESIAN_POINT('',(-1.0449854378434,28.5,-7.77112426667834));
#10704=CARTESIAN_POINT('Origin',(-1.13497624934887,28.5,-7.72751631047092));
#10705=CARTESIAN_POINT('',(-1.22315109885537,31.5,-7.68034432816675));
#10706=CARTESIAN_POINT('',(-1.22315109885537,31.5,-7.68034432816675));
#10707=CARTESIAN_POINT('',(-1.0449854378434,31.5,-7.77112426667834));
#10708=CARTESIAN_POINT('Origin',(-1.13497624934887,31.5,-7.72751631047092));
#10709=CARTESIAN_POINT('',(-1.0449854378434,31.5,-7.77112426667834));
#10710=CARTESIAN_POINT('Origin',(-0.772542485937369,31.5,-7.87764129073789));
#10711=CARTESIAN_POINT('',(-0.867011080545316,28.5,-7.84484365922585));
#10712=CARTESIAN_POINT('',(-0.676837823351922,28.5,-7.90663469618475));
#10713=CARTESIAN_POINT('Origin',(-0.772542485937369,28.5,-7.87764129073789));
#10714=CARTESIAN_POINT('',(-0.867011080545316,31.5,-7.84484365922585));
#10715=CARTESIAN_POINT('',(-0.867011080545314,31.5,-7.84484365922584));
#10716=CARTESIAN_POINT('',(-0.676837823351922,31.5,-7.90663469618475));
#10717=CARTESIAN_POINT('Origin',(-0.772542485937369,31.5,-7.87764129073789));
#10718=CARTESIAN_POINT('',(-0.676837823351922,31.5,-7.90663469618474));
#10719=CARTESIAN_POINT('Origin',(-0.391086162600577,31.5,-7.96922085148784));
#10720=CARTESIAN_POINT('',(-0.489522371987428,28.5,-7.95160515730486));
#10721=CARTESIAN_POINT('',(-0.292024215353565,28.5,-7.98288579230845));
#10722=CARTESIAN_POINT('Origin',(-0.391086162600577,28.5,-7.96922085148784));
#10723=CARTESIAN_POINT('',(-0.489522371987428,31.5,-7.95160515730486));
#10724=CARTESIAN_POINT('',(-0.489522371987427,31.5,-7.95160515730486));
#10725=CARTESIAN_POINT('',(-0.292024215353565,31.5,-7.98288579230845));
#10726=CARTESIAN_POINT('Origin',(-0.391086162600577,31.5,-7.96922085148784));
#10727=CARTESIAN_POINT('',(-0.292024215353566,31.5,-7.98288579230845));
#10728=CARTESIAN_POINT('Origin',(1.38777878078145E-16,31.5,-8.));
#10729=CARTESIAN_POINT('',(-0.0999799979996015,28.5,-7.998));
#10730=CARTESIAN_POINT('',(0.0999799979996017,28.5,-7.998));
#10731=CARTESIAN_POINT('Origin',(1.38777878078145E-16,28.5,-8.));
#10732=CARTESIAN_POINT('',(-0.0999799979996015,31.5,-7.998));
#10733=CARTESIAN_POINT('',(-0.0999799979995999,31.5,-7.998));
#10734=CARTESIAN_POINT('',(0.0999799979996017,31.5,-7.998));
#10735=CARTESIAN_POINT('Origin',(1.38777878078145E-16,31.5,-8.));
#10736=CARTESIAN_POINT('',(0.0999799979996001,31.5,-7.998));
#10737=CARTESIAN_POINT('Origin',(0.391086162600577,31.5,-7.96922085148784));
#10738=CARTESIAN_POINT('',(0.292024215353565,28.5,-7.98288579230845));
#10739=CARTESIAN_POINT('',(0.489522371987429,28.5,-7.95160515730486));
#10740=CARTESIAN_POINT('Origin',(0.391086162600577,28.5,-7.96922085148784));
#10741=CARTESIAN_POINT('',(0.292024215353565,31.5,-7.98288579230845));
#10742=CARTESIAN_POINT('',(0.292024215353567,31.5,-7.98288579230845));
#10743=CARTESIAN_POINT('',(0.489522371987429,31.5,-7.95160515730486));
#10744=CARTESIAN_POINT('Origin',(0.391086162600577,31.5,-7.96922085148784));
#10745=CARTESIAN_POINT('',(0.489522371987427,31.5,-7.95160515730486));
#10746=CARTESIAN_POINT('Origin',(0.772542485937369,31.5,-7.87764129073789));
#10747=CARTESIAN_POINT('',(0.676837823351921,28.5,-7.90663469618475));
#10748=CARTESIAN_POINT('',(0.867011080545316,28.5,-7.84484365922585));
#10749=CARTESIAN_POINT('Origin',(0.772542485937369,28.5,-7.87764129073789));
#10750=CARTESIAN_POINT('',(0.676837823351921,31.5,-7.90663469618475));
#10751=CARTESIAN_POINT('',(0.676837823351922,31.5,-7.90663469618474));
#10752=CARTESIAN_POINT('',(0.867011080545316,31.5,-7.84484365922585));
#10753=CARTESIAN_POINT('Origin',(0.772542485937369,31.5,-7.87764129073789));
#10754=CARTESIAN_POINT('',(0.867011080545314,31.5,-7.84484365922584));
#10755=CARTESIAN_POINT('Origin',(1.13497624934887,31.5,-7.72751631047092));
#10756=CARTESIAN_POINT('',(1.0449854378434,28.5,-7.77112426667834));
#10757=CARTESIAN_POINT('',(1.22315109885537,28.5,-7.68034432816675));
#10758=CARTESIAN_POINT('Origin',(1.13497624934887,28.5,-7.72751631047092));
#10759=CARTESIAN_POINT('',(1.0449854378434,31.5,-7.77112426667834));
#10760=CARTESIAN_POINT('',(1.0449854378434,31.5,-7.77112426667834));
#10761=CARTESIAN_POINT('',(1.22315109885537,31.5,-7.68034432816675));
#10762=CARTESIAN_POINT('Origin',(1.13497624934887,31.5,-7.72751631047092));
#10763=CARTESIAN_POINT('',(1.22315109885537,31.5,-7.68034432816675));
#10764=CARTESIAN_POINT('Origin',(1.46946313073118,31.5,-7.52254248593737));
#10765=CARTESIAN_POINT('',(1.38740204274735,28.5,-7.57969122029702));
#10766=CARTESIAN_POINT('',(1.54917307770585,28.5,-7.46215768360022));
#10767=CARTESIAN_POINT('Origin',(1.46946313073118,28.5,-7.52254248593737));
#10768=CARTESIAN_POINT('',(1.38740204274735,31.5,-7.57969122029702));
#10769=CARTESIAN_POINT('',(1.38740204274735,31.5,-7.57969122029701));
#10770=CARTESIAN_POINT('',(1.54917307770585,31.5,-7.46215768360022));
#10771=CARTESIAN_POINT('Origin',(1.46946313073118,31.5,-7.52254248593737));
#10772=CARTESIAN_POINT('',(1.54917307770585,31.5,-7.46215768360022));
#10773=CARTESIAN_POINT('Origin',(1.76776695296637,31.5,-7.26776695296637));
#10774=CARTESIAN_POINT('',(1.69565620483546,28.5,-7.33704927397253));
#10775=CARTESIAN_POINT('',(1.83704927397253,28.5,-7.19565620483546));
#10776=CARTESIAN_POINT('Origin',(1.76776695296637,28.5,-7.26776695296637));
#10777=CARTESIAN_POINT('',(1.69565620483546,31.5,-7.33704927397253));
#10778=CARTESIAN_POINT('',(1.69565620483546,31.5,-7.33704927397253));
#10779=CARTESIAN_POINT('',(1.83704927397253,31.5,-7.19565620483546));
#10780=CARTESIAN_POINT('Origin',(1.76776695296637,31.5,-7.26776695296637));
#10781=CARTESIAN_POINT('',(1.83704927397253,31.5,-7.19565620483546));
#10782=CARTESIAN_POINT('Origin',(2.02254248593737,31.5,-6.96946313073118));
#10783=CARTESIAN_POINT('',(1.96215768360022,28.5,-7.04917307770585));
#10784=CARTESIAN_POINT('',(2.07969122029702,28.5,-6.88740204274735));
#10785=CARTESIAN_POINT('Origin',(2.02254248593737,28.5,-6.96946313073118));
#10786=CARTESIAN_POINT('',(1.96215768360022,31.5,-7.04917307770585));
#10787=CARTESIAN_POINT('',(1.96215768360022,31.5,-7.04917307770585));
#10788=CARTESIAN_POINT('',(2.07969122029702,31.5,-6.88740204274735));
#10789=CARTESIAN_POINT('Origin',(2.02254248593737,31.5,-6.96946313073118));
#10790=CARTESIAN_POINT('',(2.07969122029701,31.5,-6.88740204274735));
#10791=CARTESIAN_POINT('Origin',(2.22751631047092,31.5,-6.63497624934887));
#10792=CARTESIAN_POINT('',(2.18034432816675,28.5,-6.72315109885537));
#10793=CARTESIAN_POINT('',(2.27112426667834,28.5,-6.5449854378434));
#10794=CARTESIAN_POINT('Origin',(2.22751631047092,28.5,-6.63497624934887));
#10795=CARTESIAN_POINT('',(2.18034432816675,31.5,-6.72315109885537));
#10796=CARTESIAN_POINT('',(2.18034432816675,31.5,-6.72315109885537));
#10797=CARTESIAN_POINT('',(2.27112426667834,31.5,-6.5449854378434));
#10798=CARTESIAN_POINT('Origin',(2.22751631047092,31.5,-6.63497624934887));
#10799=CARTESIAN_POINT('',(2.27112426667834,31.5,-6.5449854378434));
#10800=CARTESIAN_POINT('Origin',(2.37764129073788,31.5,-6.27254248593737));
#10801=CARTESIAN_POINT('',(2.34484365922584,28.5,-6.36701108054532));
#10802=CARTESIAN_POINT('',(2.40663469618474,28.5,-6.17683782335192));
#10803=CARTESIAN_POINT('Origin',(2.37764129073788,28.5,-6.27254248593737));
#10804=CARTESIAN_POINT('',(2.34484365922584,31.5,-6.36701108054532));
#10805=CARTESIAN_POINT('',(2.34484365922584,31.5,-6.36701108054531));
#10806=CARTESIAN_POINT('',(2.40663469618474,31.5,-6.17683782335192));
#10807=CARTESIAN_POINT('Origin',(2.37764129073788,31.5,-6.27254248593737));
#10808=CARTESIAN_POINT('',(2.40663469618474,31.5,-6.17683782335192));
#10809=CARTESIAN_POINT('Origin',(2.46922085148785,31.5,-5.89108616260058));
#10810=CARTESIAN_POINT('',(2.45160515730486,28.5,-5.98952237198743));
#10811=CARTESIAN_POINT('',(2.48288579230845,28.5,-5.79202421535357));
#10812=CARTESIAN_POINT('Origin',(2.46922085148785,28.5,-5.89108616260058));
#10813=CARTESIAN_POINT('',(2.45160515730486,31.5,-5.98952237198743));
#10814=CARTESIAN_POINT('',(2.45160515730486,31.5,-5.98952237198743));
#10815=CARTESIAN_POINT('',(2.48288579230845,31.5,-5.79202421535357));
#10816=CARTESIAN_POINT('Origin',(2.46922085148785,31.5,-5.89108616260058));
#10817=CARTESIAN_POINT('',(2.48288579230845,31.5,-5.79202421535357));
#10818=CARTESIAN_POINT('Origin',(2.5,31.5,-5.5));
#10819=CARTESIAN_POINT('',(2.498,28.5,-5.5999799979996));
#10820=CARTESIAN_POINT('',(2.498,28.5,-5.4000200020004));
#10821=CARTESIAN_POINT('Origin',(2.5,28.5,-5.5));
#10822=CARTESIAN_POINT('',(2.498,31.5,-5.5999799979996));
#10823=CARTESIAN_POINT('',(2.498,31.5,-5.5999799979996));
#10824=CARTESIAN_POINT('',(2.498,31.5,-5.4000200020004));
#10825=CARTESIAN_POINT('Origin',(2.5,31.5,-5.5));
#10826=CARTESIAN_POINT('',(2.498,31.5,-5.4000200020004));
#10827=CARTESIAN_POINT('Origin',(2.46922085148784,31.5,-5.10891383739942));
#10828=CARTESIAN_POINT('',(2.48288579230845,28.5,-5.20797578464644));
#10829=CARTESIAN_POINT('',(2.45160515730486,28.5,-5.01047762801257));
#10830=CARTESIAN_POINT('Origin',(2.46922085148784,28.5,-5.10891383739942));
#10831=CARTESIAN_POINT('',(2.48288579230845,31.5,-5.20797578464644));
#10832=CARTESIAN_POINT('',(2.48288579230845,31.5,-5.20797578464643));
#10833=CARTESIAN_POINT('',(2.45160515730486,31.5,-5.01047762801257));
#10834=CARTESIAN_POINT('Origin',(2.46922085148784,31.5,-5.10891383739942));
#10835=CARTESIAN_POINT('',(2.45160515730486,31.5,-5.01047762801257));
#10836=CARTESIAN_POINT('Origin',(2.37764129073788,31.5,-4.72745751406263));
#10837=CARTESIAN_POINT('',(2.40663469618474,28.5,-4.82316217664808));
#10838=CARTESIAN_POINT('',(2.34484365922584,28.5,-4.63298891945468));
#10839=CARTESIAN_POINT('Origin',(2.37764129073788,28.5,-4.72745751406263));
#10840=CARTESIAN_POINT('',(2.40663469618474,31.5,-4.82316217664808));
#10841=CARTESIAN_POINT('',(2.40663469618474,31.5,-4.82316217664808));
#10842=CARTESIAN_POINT('',(2.34484365922584,31.5,-4.63298891945468));
#10843=CARTESIAN_POINT('Origin',(2.37764129073788,31.5,-4.72745751406263));
#10844=CARTESIAN_POINT('',(2.34484365922584,31.5,-4.63298891945469));
#10845=CARTESIAN_POINT('Origin',(2.22751631047092,31.5,-4.36502375065113));
#10846=CARTESIAN_POINT('',(2.27112426667834,28.5,-4.4550145621566));
#10847=CARTESIAN_POINT('',(2.18034432816675,28.5,-4.27684890114463));
#10848=CARTESIAN_POINT('Origin',(2.22751631047092,28.5,-4.36502375065113));
#10849=CARTESIAN_POINT('',(2.27112426667834,31.5,-4.4550145621566));
#10850=CARTESIAN_POINT('',(2.27112426667834,31.5,-4.4550145621566));
#10851=CARTESIAN_POINT('',(2.18034432816675,31.5,-4.27684890114463));
#10852=CARTESIAN_POINT('Origin',(2.22751631047092,31.5,-4.36502375065113));
#10853=CARTESIAN_POINT('',(2.18034432816675,31.5,-4.27684890114463));
#10854=CARTESIAN_POINT('Origin',(2.02254248593737,31.5,-4.03053686926882));
#10855=CARTESIAN_POINT('',(2.07969122029702,28.5,-4.11259795725265));
#10856=CARTESIAN_POINT('',(1.96215768360022,28.5,-3.95082692229415));
#10857=CARTESIAN_POINT('Origin',(2.02254248593737,28.5,-4.03053686926882));
#10858=CARTESIAN_POINT('',(2.07969122029702,31.5,-4.11259795725265));
#10859=CARTESIAN_POINT('',(2.07969122029701,31.5,-4.11259795725265));
#10860=CARTESIAN_POINT('',(1.96215768360022,31.5,-3.95082692229415));
#10861=CARTESIAN_POINT('Origin',(2.02254248593737,31.5,-4.03053686926882));
#10862=CARTESIAN_POINT('',(1.96215768360022,31.5,-3.95082692229415));
#10863=CARTESIAN_POINT('Origin',(1.76776695296637,31.5,-3.73223304703363));
#10864=CARTESIAN_POINT('',(1.83704927397253,28.5,-3.80434379516454));
#10865=CARTESIAN_POINT('',(1.69565620483546,28.5,-3.66295072602747));
#10866=CARTESIAN_POINT('Origin',(1.76776695296637,28.5,-3.73223304703363));
#10867=CARTESIAN_POINT('',(1.83704927397253,31.5,-3.80434379516454));
#10868=CARTESIAN_POINT('',(1.83704927397253,31.5,-3.80434379516454));
#10869=CARTESIAN_POINT('',(1.69565620483546,31.5,-3.66295072602747));
#10870=CARTESIAN_POINT('Origin',(1.76776695296637,31.5,-3.73223304703363));
#10871=CARTESIAN_POINT('',(1.69565620483546,31.5,-3.66295072602747));
#10872=CARTESIAN_POINT('Origin',(1.46946313073118,31.5,-3.47745751406263));
#10873=CARTESIAN_POINT('',(1.54917307770585,28.5,-3.53784231639978));
#10874=CARTESIAN_POINT('',(1.38740204274735,28.5,-3.42030877970299));
#10875=CARTESIAN_POINT('Origin',(1.46946313073118,28.5,-3.47745751406263));
#10876=CARTESIAN_POINT('',(1.54917307770585,31.5,-3.53784231639978));
#10877=CARTESIAN_POINT('',(1.54917307770585,31.5,-3.53784231639978));
#10878=CARTESIAN_POINT('',(1.38740204274735,31.5,-3.42030877970299));
#10879=CARTESIAN_POINT('Origin',(1.46946313073118,31.5,-3.47745751406263));
#10880=CARTESIAN_POINT('',(1.38740204274735,31.5,-3.42030877970299));
#10881=CARTESIAN_POINT('Origin',(1.13497624934887,31.5,-3.27248368952908));
#10882=CARTESIAN_POINT('',(1.22315109885537,28.5,-3.31965567183326));
#10883=CARTESIAN_POINT('',(1.0449854378434,28.5,-3.22887573332166));
#10884=CARTESIAN_POINT('Origin',(1.13497624934887,28.5,-3.27248368952908));
#10885=CARTESIAN_POINT('',(1.22315109885537,31.5,-3.31965567183326));
#10886=CARTESIAN_POINT('',(1.22315109885537,31.5,-3.31965567183325));
#10887=CARTESIAN_POINT('',(1.0449854378434,31.5,-3.22887573332166));
#10888=CARTESIAN_POINT('Origin',(1.13497624934887,31.5,-3.27248368952908));
#10889=CARTESIAN_POINT('',(1.0449854378434,31.5,-3.22887573332166));
#10890=CARTESIAN_POINT('Origin',(0.772542485937369,31.5,-3.12235870926212));
#10891=CARTESIAN_POINT('',(0.867011080545316,28.5,-3.15515634077416));
#10892=CARTESIAN_POINT('',(0.676837823351922,28.5,-3.09336530381526));
#10893=CARTESIAN_POINT('Origin',(0.772542485937369,28.5,-3.12235870926212));
#10894=CARTESIAN_POINT('',(0.867011080545316,31.5,-3.15515634077416));
#10895=CARTESIAN_POINT('',(0.867011080545315,31.5,-3.15515634077416));
#10896=CARTESIAN_POINT('',(0.676837823351922,31.5,-3.09336530381526));
#10897=CARTESIAN_POINT('Origin',(0.772542485937369,31.5,-3.12235870926212));
#10898=CARTESIAN_POINT('',(0.676837823351923,31.5,-3.09336530381526));
#10899=CARTESIAN_POINT('Origin',(0.391086162600577,31.5,-3.03077914851216));
#10900=CARTESIAN_POINT('',(0.489522371987428,28.5,-3.04839484269514));
#10901=CARTESIAN_POINT('',(0.292024215353565,28.5,-3.01711420769156));
#10902=CARTESIAN_POINT('Origin',(0.391086162600577,28.5,-3.03077914851216));
#10903=CARTESIAN_POINT('',(0.489522371987428,31.5,-3.04839484269514));
#10904=CARTESIAN_POINT('',(0.489522371987427,31.5,-3.04839484269514));
#10905=CARTESIAN_POINT('',(0.292024215353565,31.5,-3.01711420769156));
#10906=CARTESIAN_POINT('Origin',(0.391086162600577,31.5,-3.03077914851216));
#10907=CARTESIAN_POINT('',(0.292024215353567,31.5,-3.01711420769156));
#10908=CARTESIAN_POINT('Origin',(0.,31.5,-5.5));
#10909=CARTESIAN_POINT('',(-0.0999799979996015,31.5,-3.002));
#10910=CARTESIAN_POINT('Origin',(0.,31.5,-5.5));
#10911=CARTESIAN_POINT('',(0.0999799979996015,31.5,-3.002));
#10912=CARTESIAN_POINT('Origin',(0.,31.5,-3.));
#10913=CARTESIAN_POINT('Origin',(0.,31.5,-5.5));
#10914=CARTESIAN_POINT('Origin',(0.,31.5,-5.5));
#10915=CARTESIAN_POINT('Origin',(0.,31.5,-5.5));
#10916=CARTESIAN_POINT('Origin',(0.,31.5,-5.5));
#10917=CARTESIAN_POINT('Origin',(0.,31.5,-5.5));
#10918=CARTESIAN_POINT('Origin',(0.,31.5,-5.5));
#10919=CARTESIAN_POINT('Origin',(0.,31.5,-5.5));
#10920=CARTESIAN_POINT('Origin',(0.,31.5,-5.5));
#10921=CARTESIAN_POINT('Origin',(0.,31.5,-5.5));
#10922=CARTESIAN_POINT('Origin',(0.,31.5,-5.5));
#10923=CARTESIAN_POINT('Origin',(0.,31.5,-5.5));
#10924=CARTESIAN_POINT('Origin',(0.,31.5,-5.5));
#10925=CARTESIAN_POINT('Origin',(0.,31.5,-5.5));
#10926=CARTESIAN_POINT('Origin',(0.,31.5,-5.5));
#10927=CARTESIAN_POINT('Origin',(0.,31.5,-5.5));
#10928=CARTESIAN_POINT('Origin',(0.,31.5,-5.5));
#10929=CARTESIAN_POINT('Origin',(0.,31.5,-5.5));
#10930=CARTESIAN_POINT('Origin',(0.,31.5,-5.5));
#10931=CARTESIAN_POINT('Origin',(0.,31.5,-5.5));
#10932=CARTESIAN_POINT('Origin',(0.,31.5,-5.5));
#10933=CARTESIAN_POINT('Origin',(0.,31.5,-5.5));
#10934=CARTESIAN_POINT('Origin',(0.,31.5,-5.5));
#10935=CARTESIAN_POINT('Origin',(0.,31.5,-5.5));
#10936=CARTESIAN_POINT('Origin',(0.,31.5,-5.5));
#10937=CARTESIAN_POINT('Origin',(0.,31.5,-5.5));
#10938=CARTESIAN_POINT('Origin',(0.,31.5,-5.5));
#10939=CARTESIAN_POINT('Origin',(0.,31.5,-5.5));
#10940=CARTESIAN_POINT('Origin',(0.,31.5,-5.5));
#10941=CARTESIAN_POINT('Origin',(0.,31.5,-5.5));
#10942=CARTESIAN_POINT('Origin',(0.,31.5,-5.5));
#10943=CARTESIAN_POINT('Origin',(0.,31.5,-5.5));
#10944=CARTESIAN_POINT('Origin',(0.,31.5,-5.5));
#10945=CARTESIAN_POINT('Origin',(0.,31.5,-5.5));
#10946=CARTESIAN_POINT('Origin',(0.,31.5,-5.5));
#10947=CARTESIAN_POINT('Origin',(0.,31.5,-5.5));
#10948=CARTESIAN_POINT('Origin',(0.,31.5,-5.5));
#10949=CARTESIAN_POINT('Origin',(0.,31.5,-5.5));
#10950=CARTESIAN_POINT('Origin',(0.,31.5,-5.5));
#10951=CARTESIAN_POINT('Origin',(0.,31.5,-5.5));
#10952=CARTESIAN_POINT('Origin',(0.,28.5,-5.5));
#10953=CARTESIAN_POINT('',(-0.0999799979996015,28.5,-3.002));
#10954=CARTESIAN_POINT('Origin',(0.,28.5,-5.5));
#10955=CARTESIAN_POINT('',(-0.0999799979996,31.5,-3.002));
#10956=CARTESIAN_POINT('Origin',(0.,28.5,-5.5));
#10957=CARTESIAN_POINT('',(0.0999799979996015,28.5,-3.002));
#10958=CARTESIAN_POINT('',(0.0999799979996,31.5,-3.002));
#10959=CARTESIAN_POINT('Origin',(0.,28.5,-5.5));
#10960=CARTESIAN_POINT('Origin',(0.,28.5,-5.5));
#10961=CARTESIAN_POINT('Origin',(0.,28.5,-5.5));
#10962=CARTESIAN_POINT('Origin',(0.,28.5,-5.5));
#10963=CARTESIAN_POINT('Origin',(0.,28.5,-5.5));
#10964=CARTESIAN_POINT('Origin',(0.,28.5,-5.5));
#10965=CARTESIAN_POINT('Origin',(0.,28.5,-5.5));
#10966=CARTESIAN_POINT('Origin',(0.,28.5,-5.5));
#10967=CARTESIAN_POINT('Origin',(0.,28.5,-5.5));
#10968=CARTESIAN_POINT('Origin',(0.,28.5,-5.5));
#10969=CARTESIAN_POINT('Origin',(0.,28.5,-5.5));
#10970=CARTESIAN_POINT('Origin',(0.,28.5,-5.5));
#10971=CARTESIAN_POINT('Origin',(0.,28.5,-5.5));
#10972=CARTESIAN_POINT('Origin',(0.,28.5,-5.5));
#10973=CARTESIAN_POINT('Origin',(0.,28.5,-5.5));
#10974=CARTESIAN_POINT('Origin',(0.,28.5,-5.5));
#10975=CARTESIAN_POINT('Origin',(0.,28.5,-5.5));
#10976=CARTESIAN_POINT('Origin',(0.,28.5,-5.5));
#10977=CARTESIAN_POINT('Origin',(0.,28.5,-5.5));
#10978=CARTESIAN_POINT('Origin',(0.,28.5,-5.5));
#10979=CARTESIAN_POINT('Origin',(0.,28.5,-5.5));
#10980=CARTESIAN_POINT('Origin',(0.,28.5,-5.5));
#10981=CARTESIAN_POINT('Origin',(0.,28.5,-5.5));
#10982=CARTESIAN_POINT('Origin',(0.,28.5,-5.5));
#10983=CARTESIAN_POINT('Origin',(0.,28.5,-5.5));
#10984=CARTESIAN_POINT('Origin',(0.,28.5,-5.5));
#10985=CARTESIAN_POINT('Origin',(0.,28.5,-5.5));
#10986=CARTESIAN_POINT('Origin',(0.,28.5,-5.5));
#10987=CARTESIAN_POINT('Origin',(0.,28.5,-5.5));
#10988=CARTESIAN_POINT('Origin',(0.,28.5,-5.5));
#10989=CARTESIAN_POINT('Origin',(0.,28.5,-5.5));
#10990=CARTESIAN_POINT('Origin',(0.,28.5,-5.5));
#10991=CARTESIAN_POINT('Origin',(0.,28.5,-5.5));
#10992=CARTESIAN_POINT('Origin',(0.,28.5,-5.5));
#10993=CARTESIAN_POINT('Origin',(0.,28.5,-5.5));
#10994=CARTESIAN_POINT('Origin',(0.,28.5,-5.5));
#10995=CARTESIAN_POINT('Origin',(0.,28.5,-5.5));
#10996=CARTESIAN_POINT('Origin',(0.,28.5,-5.5));
#10997=CARTESIAN_POINT('Origin',(0.,28.5,-5.5));
#10998=CARTESIAN_POINT('Origin',(0.,28.5,-5.5));
#10999=CARTESIAN_POINT('Origin',(0.,28.5,-5.5));
#11000=CARTESIAN_POINT('Origin',(0.,28.5,-5.5));
#11001=CARTESIAN_POINT('Origin',(0.,28.5,-5.5));
#11002=CARTESIAN_POINT('Origin',(0.,28.5,-5.5));
#11003=CARTESIAN_POINT('Origin',(0.,28.5,-5.5));
#11004=CARTESIAN_POINT('Origin',(0.,28.5,-5.5));
#11005=CARTESIAN_POINT('Origin',(0.,28.5,-5.5));
#11006=CARTESIAN_POINT('Origin',(0.,28.5,-5.5));
#11007=CARTESIAN_POINT('Origin',(0.,28.5,-5.5));
#11008=CARTESIAN_POINT('Origin',(0.,28.5,-5.5));
#11009=CARTESIAN_POINT('Origin',(0.,28.5,-5.5));
#11010=CARTESIAN_POINT('Origin',(0.,28.5,-5.5));
#11011=CARTESIAN_POINT('Origin',(0.,28.5,-5.5));
#11012=CARTESIAN_POINT('Origin',(0.,28.5,-5.5));
#11013=CARTESIAN_POINT('Origin',(0.,28.5,-5.5));
#11014=CARTESIAN_POINT('Origin',(0.,28.5,-5.5));
#11015=CARTESIAN_POINT('Origin',(0.,28.5,-5.5));
#11016=CARTESIAN_POINT('Origin',(0.,28.5,-5.5));
#11017=CARTESIAN_POINT('Origin',(0.,28.5,-5.5));
#11018=CARTESIAN_POINT('Origin',(0.,28.5,-5.5));
#11019=CARTESIAN_POINT('Origin',(0.,28.5,-5.5));
#11020=CARTESIAN_POINT('Origin',(0.,28.5,-5.5));
#11021=CARTESIAN_POINT('Origin',(0.,28.5,-5.5));
#11022=CARTESIAN_POINT('Origin',(0.,28.5,-5.5));
#11023=CARTESIAN_POINT('Origin',(0.,28.5,-5.5));
#11024=CARTESIAN_POINT('Origin',(0.,28.5,-5.5));
#11025=CARTESIAN_POINT('Origin',(0.,28.5,-5.5));
#11026=CARTESIAN_POINT('Origin',(0.,28.5,-5.5));
#11027=CARTESIAN_POINT('Origin',(0.,28.5,-5.5));
#11028=CARTESIAN_POINT('Origin',(0.,28.5,-5.5));
#11029=CARTESIAN_POINT('Origin',(0.,28.5,-5.5));
#11030=CARTESIAN_POINT('Origin',(0.,28.5,-5.5));
#11031=CARTESIAN_POINT('Origin',(0.,28.5,-5.5));
#11032=CARTESIAN_POINT('Origin',(0.,28.5,-5.5));
#11033=CARTESIAN_POINT('Origin',(0.,28.5,-5.5));
#11034=CARTESIAN_POINT('Origin',(0.,31.5,-3.));
#11035=CARTESIAN_POINT('Origin',(0.,28.5,-3.));
#11036=CARTESIAN_POINT('Origin',(0.,28.5,-5.5));
#11037=CARTESIAN_POINT('Origin',(0.,28.5,-5.5));
#11038=CARTESIAN_POINT('Origin',(0.,28.5,-5.5));
#11039=CARTESIAN_POINT('Origin',(1.2,4.4,-10.));
#11040=CARTESIAN_POINT('',(1.8,4.4,-15.));
#11041=CARTESIAN_POINT('Origin',(1.2,4.4,-15.));
#11042=CARTESIAN_POINT('',(1.8,4.4,-10.));
#11043=CARTESIAN_POINT('',(1.8,4.4,-10.));
#11044=CARTESIAN_POINT('Origin',(1.2,4.4,-10.));
#11045=CARTESIAN_POINT('Origin',(1.2,4.4,-15.));
#11046=CARTESIAN_POINT('Origin',(1.2,4.4,-10.));
#11047=CARTESIAN_POINT('Origin',(2.77555756156289E-16,4.4,-10.));
#11048=CARTESIAN_POINT('',(0.6,4.4,-15.));
#11049=CARTESIAN_POINT('Origin',(2.77555756156289E-16,4.4,-15.));
#11050=CARTESIAN_POINT('',(0.6,4.4,-10.));
#11051=CARTESIAN_POINT('',(0.6,4.4,-10.));
#11052=CARTESIAN_POINT('Origin',(2.77555756156289E-16,4.4,-10.));
#11053=CARTESIAN_POINT('Origin',(2.77555756156289E-16,4.4,-15.));
#11054=CARTESIAN_POINT('Origin',(2.77555756156289E-16,4.4,-10.));
#11055=CARTESIAN_POINT('Origin',(-1.2,4.4,-10.));
#11056=CARTESIAN_POINT('',(-0.6,4.4,-15.));
#11057=CARTESIAN_POINT('Origin',(-1.2,4.4,-15.));
#11058=CARTESIAN_POINT('',(-0.6,4.4,-10.));
#11059=CARTESIAN_POINT('',(-0.6,4.4,-10.));
#11060=CARTESIAN_POINT('Origin',(-1.2,4.4,-10.));
#11061=CARTESIAN_POINT('Origin',(-1.2,4.4,-15.));
#11062=CARTESIAN_POINT('Origin',(-1.2,4.4,-10.));
#11063=CARTESIAN_POINT('',(0.,0.,0.));
#11064=CARTESIAN_POINT('',(27.1,30.75,7.5));
#11065=CARTESIAN_POINT('',(7.09999999999998,47.25,18.75));
#11066=CARTESIAN_POINT('',(0.,0.,0.));
#11067=CARTESIAN_POINT('Origin',(0.,0.,0.));
#11068=CARTESIAN_POINT('',(-3.175,-3.88825358729285E-16,30.));
#11069=CARTESIAN_POINT('Origin',(0.,0.,30.));
#11070=CARTESIAN_POINT('',(-3.175,-3.88825358729285E-16,0.));
#11071=CARTESIAN_POINT('',(-3.175,-3.88825358729285E-16,0.));
#11072=CARTESIAN_POINT('Origin',(0.,0.,0.));
#11073=CARTESIAN_POINT('Origin',(0.,0.,30.));
#11074=CARTESIAN_POINT('Origin',(0.,0.,0.));
#11075=CARTESIAN_POINT('',(0.,0.,0.));
#11076=CARTESIAN_POINT('',(0.,0.,0.));
#11077=CARTESIAN_POINT('Origin',(0.,7.10562059348599,4.99999341851782));
#11078=CARTESIAN_POINT('',(0.,7.10562059348598,4.99999341851782));
#11079=CARTESIAN_POINT('',(0.,7.1,2.6));
#11080=CARTESIAN_POINT('',(0.,7.10001947789804,2.60831706246463));
#11081=CARTESIAN_POINT('',(2.6,7.10562059348598,4.99999341851782));
#11082=CARTESIAN_POINT('',(0.,7.10562059348598,4.99999341851782));
#11083=CARTESIAN_POINT('',(2.6,7.09999999999999,2.6));
#11084=CARTESIAN_POINT('',(2.6,7.1,2.6));
#11085=CARTESIAN_POINT('',(0.,7.1,2.6));
#11086=CARTESIAN_POINT('Origin',(0.,92.505620593486,4.79999341851782));
#11087=CARTESIAN_POINT('',(0.,92.505620593486,4.79999341851782));
#11088=CARTESIAN_POINT('',(0.,96.058411412331,4.7916730653121));
#11089=CARTESIAN_POINT('',(2.6,92.505620593486,4.79999341851782));
#11090=CARTESIAN_POINT('',(0.,92.505620593486,4.79999341851782));
#11091=CARTESIAN_POINT('',(2.6,92.505620593486,4.79999341851782));
#11092=CARTESIAN_POINT('Origin',(0.,92.5,2.4));
#11093=CARTESIAN_POINT('',(0.,92.5,2.4));
#11094=CARTESIAN_POINT('',(0.,92.4972091811551,1.20832035320573));
#11095=CARTESIAN_POINT('',(2.6,92.5,2.4));
#11096=CARTESIAN_POINT('',(0.,92.5,2.4));
#11097=CARTESIAN_POINT('',(2.6,92.5,2.4));
#11098=CARTESIAN_POINT('Origin',(0.,7.09999999999999,2.6));
#11099=CARTESIAN_POINT('',(0.,53.352790818845,2.49167964679427));
#11100=CARTESIAN_POINT('',(2.6,92.5,2.4));
#11101=CARTESIAN_POINT('Origin',(2.6,49.802810296743,3.69999670925891));
#11102=CARTESIAN_POINT('Origin',(0.,97.2,5.));
#11103=CARTESIAN_POINT('',(0.,97.2,5.));
#11104=CARTESIAN_POINT('',(0.,97.2,55.));
#11105=CARTESIAN_POINT('',(0.,97.2,2.5));
#11106=CARTESIAN_POINT('',(2.,97.2,5.));
#11107=CARTESIAN_POINT('',(0.,97.2,5.));
#11108=CARTESIAN_POINT('',(2.,97.2,55.));
#11109=CARTESIAN_POINT('',(2.,97.2,55.));
#11110=CARTESIAN_POINT('',(1.1,97.2,55.));
#11111=CARTESIAN_POINT('Origin',(0.,94.6,5.));
#11112=CARTESIAN_POINT('',(0.,94.6,5.));
#11113=CARTESIAN_POINT('',(0.,97.1,5.));
#11114=CARTESIAN_POINT('',(2.,94.6,5.));
#11115=CARTESIAN_POINT('',(0.,94.6,5.));
#11116=CARTESIAN_POINT('',(2.,97.2,5.));
#11117=CARTESIAN_POINT('Origin',(0.,94.6,55.));
#11118=CARTESIAN_POINT('',(0.,94.6,55.));
#11119=CARTESIAN_POINT('',(0.,94.6,27.5));
#11120=CARTESIAN_POINT('',(2.,94.6,55.));
#11121=CARTESIAN_POINT('',(1.1,94.6,55.));
#11122=CARTESIAN_POINT('',(2.,94.6,5.));
#11123=CARTESIAN_POINT('Origin',(2.,95.9,30.));
#11124=CARTESIAN_POINT('',(2.,72.85,55.));
#11125=CARTESIAN_POINT('Origin',(0.,2.4,5.39999999999999));
#11126=CARTESIAN_POINT('',(0.,2.4,5.39999999999999));
#11127=CARTESIAN_POINT('',(0.,5.,5.39999999999999));
#11128=CARTESIAN_POINT('',(0.,51.,5.39999999999999));
#11129=CARTESIAN_POINT('',(2.,2.4,5.39999999999999));
#11130=CARTESIAN_POINT('',(0.,2.4,5.39999999999999));
#11131=CARTESIAN_POINT('',(2.,5.,5.39999999999999));
#11132=CARTESIAN_POINT('',(2.,2.4,5.39999999999999));
#11133=CARTESIAN_POINT('',(0.,5.,5.39999999999999));
#11134=CARTESIAN_POINT('Origin',(0.,2.4,55.));
#11135=CARTESIAN_POINT('',(0.,2.4,55.));
#11136=CARTESIAN_POINT('',(0.,2.4,27.5));
#11137=CARTESIAN_POINT('',(2.,2.4,55.));
#11138=CARTESIAN_POINT('',(1.1,2.4,55.));
#11139=CARTESIAN_POINT('',(2.,2.4,55.));
#11140=CARTESIAN_POINT('Origin',(0.,5.,5.39999999999999));
#11141=CARTESIAN_POINT('',(0.,5.,55.));
#11142=CARTESIAN_POINT('',(0.,5.,2.7));
#11143=CARTESIAN_POINT('',(2.,5.,55.));
#11144=CARTESIAN_POINT('',(2.,5.,5.39999999999999));
#11145=CARTESIAN_POINT('',(1.1,5.,55.));
#11146=CARTESIAN_POINT('Origin',(2.,3.7,30.2));
#11147=CARTESIAN_POINT('',(2.,26.75,55.));
#11148=CARTESIAN_POINT('Origin',(0.,99.6,0.));
#11149=CARTESIAN_POINT('',(0.,99.6,55.));
#11150=CARTESIAN_POINT('',(0.,99.6,55.));
#11151=CARTESIAN_POINT('',(0.,99.6,0.));
#11152=CARTESIAN_POINT('',(0.,99.6,0.));
#11153=CARTESIAN_POINT('',(0.,0.,0.));
#11154=CARTESIAN_POINT('',(0.,99.6,0.));
#11155=CARTESIAN_POINT('',(0.,0.,55.));
#11156=CARTESIAN_POINT('',(0.,0.,0.));
#11157=CARTESIAN_POINT('',(0.,99.6,55.));
#11158=CARTESIAN_POINT('',(0.,99.6,55.));
#11159=CARTESIAN_POINT('Origin',(4.4,99.6,0.));
#11160=CARTESIAN_POINT('',(4.4,99.6,0.));
#11161=CARTESIAN_POINT('',(4.4,99.6,0.));
#11162=CARTESIAN_POINT('',(4.4,99.6,55.));
#11163=CARTESIAN_POINT('',(4.4,99.6,55.));
#11164=CARTESIAN_POINT('',(4.4,99.6,0.));
#11165=CARTESIAN_POINT('Origin',(4.4,0.,0.));
#11166=CARTESIAN_POINT('',(4.4,0.,0.));
#11167=CARTESIAN_POINT('',(4.4,0.,0.));
#11168=CARTESIAN_POINT('',(4.4,0.,55.));
#11169=CARTESIAN_POINT('',(4.4,0.,55.));
#11170=CARTESIAN_POINT('',(4.4,0.,0.));
#11171=CARTESIAN_POINT('Origin',(0.,0.,0.));
#11172=CARTESIAN_POINT('',(0.,0.,0.));
#11173=CARTESIAN_POINT('',(0.,0.,55.));
#11174=CARTESIAN_POINT('Origin',(2.2,49.8,55.));
#11175=CARTESIAN_POINT('Origin',(2.2,49.8,0.));
#11176=CARTESIAN_POINT('',(0.,0.,0.));
#11177=CARTESIAN_POINT('Origin',(44.65,70.,2.4));
#11178=CARTESIAN_POINT('',(44.65,70.,2.4));
#11179=CARTESIAN_POINT('',(44.65,4.44089209850063E-15,2.4));
#11180=CARTESIAN_POINT('',(44.65,58.7,2.4));
#11181=CARTESIAN_POINT('',(44.65,70.,0.));
#11182=CARTESIAN_POINT('',(44.65,70.,2.4));
#11183=CARTESIAN_POINT('',(44.65,0.,0.));
#11184=CARTESIAN_POINT('',(44.65,58.7,0.));
#11185=CARTESIAN_POINT('',(44.65,0.,1.2));
#11186=CARTESIAN_POINT('Origin',(24.65,70.,2.4));
#11187=CARTESIAN_POINT('',(24.65,70.,2.4));
#11188=CARTESIAN_POINT('',(29.65,70.,2.4));
#11189=CARTESIAN_POINT('',(24.65,70.,0.));
#11190=CARTESIAN_POINT('',(24.65,70.,2.4));
#11191=CARTESIAN_POINT('',(29.65,70.,0.));
#11192=CARTESIAN_POINT('Origin',(24.65,0.,2.4));
#11193=CARTESIAN_POINT('',(24.65,0.,2.4));
#11194=CARTESIAN_POINT('',(24.65,23.7,2.4));
#11195=CARTESIAN_POINT('',(24.65,0.,0.));
#11196=CARTESIAN_POINT('',(24.65,0.,1.2));
#11197=CARTESIAN_POINT('',(24.65,23.7,0.));
#11198=CARTESIAN_POINT('Origin',(2.4,0.,0.));
#11199=CARTESIAN_POINT('',(66.9,0.,0.));
#11200=CARTESIAN_POINT('',(2.4,0.,0.));
#11201=CARTESIAN_POINT('',(66.9,0.,2.4));
#11202=CARTESIAN_POINT('',(66.9,0.,0.));
#11203=CARTESIAN_POINT('',(2.4,0.,2.4));
#11204=CARTESIAN_POINT('Origin',(2.4,0.,0.));
#11205=CARTESIAN_POINT('',(2.4,0.,2.4));
#11206=CARTESIAN_POINT('',(2.4,0.,2.4));
#11207=CARTESIAN_POINT('',(2.4,0.,0.));
#11208=CARTESIAN_POINT('',(2.4,0.,0.));
#11209=CARTESIAN_POINT('',(2.4,0.,0.));
#11210=CARTESIAN_POINT('Origin',(34.65,47.4,2.4));
#11211=CARTESIAN_POINT('',(66.9,4.8,2.4));
#11212=CARTESIAN_POINT('',(66.9,0.,2.4));
#11213=CARTESIAN_POINT('',(69.3,4.8,2.4));
#11214=CARTESIAN_POINT('',(66.9,4.8,2.4));
#11215=CARTESIAN_POINT('',(69.3,90.,2.4));
#11216=CARTESIAN_POINT('',(69.3,4.8,2.4));
#11217=CARTESIAN_POINT('',(66.9,90.,2.4));
#11218=CARTESIAN_POINT('',(66.9,90.,2.4));
#11219=CARTESIAN_POINT('',(66.9,94.8,2.4));
#11220=CARTESIAN_POINT('',(66.9,94.8,2.4));
#11221=CARTESIAN_POINT('',(2.4,94.8,2.4));
#11222=CARTESIAN_POINT('',(66.9,94.8,2.4));
#11223=CARTESIAN_POINT('',(2.4,90.,2.4));
#11224=CARTESIAN_POINT('',(2.4,94.8,2.4));
#11225=CARTESIAN_POINT('',(0.,90.0000013411045,2.4));
#11226=CARTESIAN_POINT('',(0.,90.0000013411045,2.4));
#11227=CARTESIAN_POINT('',(0.,4.8,2.4));
#11228=CARTESIAN_POINT('',(0.,90.0000013411045,2.4));
#11229=CARTESIAN_POINT('',(2.4,4.8,2.4));
#11230=CARTESIAN_POINT('',(2.4,4.8,2.4));
#11231=CARTESIAN_POINT('',(2.4,2.4,2.4));
#11232=CARTESIAN_POINT('Origin',(58.9,12.8,0.));
#11233=CARTESIAN_POINT('',(55.725,12.8,-6.35));
#11234=CARTESIAN_POINT('Origin',(58.9,12.8,-6.35));
#11235=CARTESIAN_POINT('',(55.725,12.8,0.));
#11236=CARTESIAN_POINT('',(55.725,12.8,0.));
#11237=CARTESIAN_POINT('Origin',(58.9,12.8,0.));
#11238=CARTESIAN_POINT('Origin',(58.9,12.8,0.));
#11239=CARTESIAN_POINT('',(53.325,12.8,-6.35));
#11240=CARTESIAN_POINT('Origin',(58.9,12.8,-6.35));
#11241=CARTESIAN_POINT('',(53.325,12.8,0.));
#11242=CARTESIAN_POINT('',(53.325,12.8,0.));
#11243=CARTESIAN_POINT('Origin',(58.9,12.8,0.));
#11244=CARTESIAN_POINT('Origin',(58.9,12.8,-6.35));
#11245=CARTESIAN_POINT('Origin',(34.65,47.4,0.));
#11246=CARTESIAN_POINT('',(2.4,4.8,0.));
#11247=CARTESIAN_POINT('',(2.4,2.4,0.));
#11248=CARTESIAN_POINT('',(0.,4.8,0.));
#11249=CARTESIAN_POINT('',(2.4,4.8,0.));
#11250=CARTESIAN_POINT('',(0.,90.0000013411045,0.));
#11251=CARTESIAN_POINT('',(0.,90.0000013411045,0.));
#11252=CARTESIAN_POINT('',(2.4,90.,0.));
#11253=CARTESIAN_POINT('',(0.,90.0000013411045,0.));
#11254=CARTESIAN_POINT('',(2.4,94.8,0.));
#11255=CARTESIAN_POINT('',(2.4,94.8,0.));
#11256=CARTESIAN_POINT('',(66.9,94.8,0.));
#11257=CARTESIAN_POINT('',(66.9,94.8,0.));
#11258=CARTESIAN_POINT('',(66.9,90.,0.));
#11259=CARTESIAN_POINT('',(66.9,94.8,0.));
#11260=CARTESIAN_POINT('',(69.3,90.,0.));
#11261=CARTESIAN_POINT('',(66.9,90.,0.));
#11262=CARTESIAN_POINT('',(69.3,4.8,0.));
#11263=CARTESIAN_POINT('',(69.3,4.8,0.));
#11264=CARTESIAN_POINT('',(66.9,4.8,0.));
#11265=CARTESIAN_POINT('',(66.9,4.8,0.));
#11266=CARTESIAN_POINT('',(66.9,0.,0.));
#11267=CARTESIAN_POINT('',(53.325,82.,0.));
#11268=CARTESIAN_POINT('Origin',(58.9,82.,0.));
#11269=CARTESIAN_POINT('',(4.825,82.,0.));
#11270=CARTESIAN_POINT('Origin',(10.4,82.,0.));
#11271=CARTESIAN_POINT('',(4.825,12.8,0.));
#11272=CARTESIAN_POINT('Origin',(10.4,12.8,0.));
#11273=CARTESIAN_POINT('Origin',(58.9,82.,0.));
#11274=CARTESIAN_POINT('',(55.725,82.,-6.35));
#11275=CARTESIAN_POINT('Origin',(58.9,82.,-6.35));
#11276=CARTESIAN_POINT('',(55.725,82.,0.));
#11277=CARTESIAN_POINT('',(55.725,82.,0.));
#11278=CARTESIAN_POINT('Origin',(58.9,82.,0.));
#11279=CARTESIAN_POINT('Origin',(58.9,82.,0.));
#11280=CARTESIAN_POINT('',(53.325,82.,-6.35));
#11281=CARTESIAN_POINT('Origin',(58.9,82.,-6.35));
#11282=CARTESIAN_POINT('',(53.325,82.,0.));
#11283=CARTESIAN_POINT('Origin',(58.9,82.,-6.35));
#11284=CARTESIAN_POINT('Origin',(34.65,47.4,0.));
#11285=CARTESIAN_POINT('Origin',(10.4,12.8,0.));
#11286=CARTESIAN_POINT('',(7.225,12.8,-6.35));
#11287=CARTESIAN_POINT('Origin',(10.4,12.8,-6.35));
#11288=CARTESIAN_POINT('',(7.225,12.8,0.));
#11289=CARTESIAN_POINT('',(7.225,12.8,0.));
#11290=CARTESIAN_POINT('Origin',(10.4,12.8,0.));
#11291=CARTESIAN_POINT('Origin',(10.4,12.8,0.));
#11292=CARTESIAN_POINT('',(4.825,12.8,-6.35));
#11293=CARTESIAN_POINT('Origin',(10.4,12.8,-6.35));
#11294=CARTESIAN_POINT('',(4.825,12.8,0.));
#11295=CARTESIAN_POINT('Origin',(10.4,12.8,-6.35));
#11296=CARTESIAN_POINT('Origin',(34.65,47.4,0.));
#11297=CARTESIAN_POINT('Origin',(10.4,82.,0.));
#11298=CARTESIAN_POINT('',(7.225,82.,-6.35));
#11299=CARTESIAN_POINT('Origin',(10.4,82.,-6.35));
#11300=CARTESIAN_POINT('',(7.225,82.,0.));
#11301=CARTESIAN_POINT('',(7.225,82.,0.));
#11302=CARTESIAN_POINT('Origin',(10.4,82.,0.));
#11303=CARTESIAN_POINT('Origin',(10.4,82.,0.));
#11304=CARTESIAN_POINT('',(4.825,82.,-6.35));
#11305=CARTESIAN_POINT('Origin',(10.4,82.,-6.35));
#11306=CARTESIAN_POINT('',(4.825,82.,0.));
#11307=CARTESIAN_POINT('Origin',(10.4,82.,-6.35));
#11308=CARTESIAN_POINT('Origin',(34.65,47.4,0.));
#11309=CARTESIAN_POINT('Origin',(0.,4.8,0.));
#11310=CARTESIAN_POINT('',(2.4,4.8,0.));
#11311=CARTESIAN_POINT('',(0.,4.8,0.));
#11312=CARTESIAN_POINT('Origin',(0.,90.0000013411045,0.));
#11313=CARTESIAN_POINT('',(0.,90.0000013411045,0.));
#11314=CARTESIAN_POINT('Origin',(2.4,90.,0.));
#11315=CARTESIAN_POINT('',(2.4,90.,0.));
#11316=CARTESIAN_POINT('Origin',(2.4,94.8,0.));
#11317=CARTESIAN_POINT('',(2.4,94.8,0.));
#11318=CARTESIAN_POINT('Origin',(66.9,94.8,0.));
#11319=CARTESIAN_POINT('',(66.9,94.8,0.));
#11320=CARTESIAN_POINT('Origin',(66.9,90.,0.));
#11321=CARTESIAN_POINT('',(66.9,90.,0.));
#11322=CARTESIAN_POINT('Origin',(69.3,90.,0.));
#11323=CARTESIAN_POINT('',(69.3,90.,0.));
#11324=CARTESIAN_POINT('Origin',(69.3,4.8,0.));
#11325=CARTESIAN_POINT('',(69.3,4.8,0.));
#11326=CARTESIAN_POINT('Origin',(66.9,4.8,0.));
#11327=CARTESIAN_POINT('',(66.9,4.8,0.));
#11328=CARTESIAN_POINT('Origin',(66.9,0.,0.));
#11329=CARTESIAN_POINT('Origin',(2.4,4.8,0.));
#11330=CARTESIAN_POINT('Origin',(34.65,47.4,0.));
#11331=CARTESIAN_POINT('',(0.,0.,0.));
#11332=CARTESIAN_POINT('Origin',(4.4,92.5,5.00000007450581));
#11333=CARTESIAN_POINT('',(4.4,92.5,5.00000007450581));
#11334=CARTESIAN_POINT('',(4.4,92.5,2.4));
#11335=CARTESIAN_POINT('',(4.4,92.5,2.5000000372529));
#11336=CARTESIAN_POINT('',(1.8,92.5,5.00000007450581));
#11337=CARTESIAN_POINT('',(4.4,92.5,5.00000007450581));
#11338=CARTESIAN_POINT('',(1.8,92.5,2.4));
#11339=CARTESIAN_POINT('',(1.8,92.5,2.4));
#11340=CARTESIAN_POINT('',(4.4,92.5,2.4));
#11341=CARTESIAN_POINT('Origin',(4.4,7.10000000000001,5.00000007450581));
#11342=CARTESIAN_POINT('',(4.4,7.10000000000001,5.00000007450581));
#11343=CARTESIAN_POINT('',(4.4,3.55,5.00000007450581));
#11344=CARTESIAN_POINT('',(1.8,7.10000000000001,5.00000007450581));
#11345=CARTESIAN_POINT('',(4.4,7.10000000000001,5.00000007450581));
#11346=CARTESIAN_POINT('',(1.8,92.5,5.00000007450581));
#11347=CARTESIAN_POINT('Origin',(4.4,7.1,2.4));
#11348=CARTESIAN_POINT('',(4.4,7.1,2.4));
#11349=CARTESIAN_POINT('',(4.4,7.1,1.2));
#11350=CARTESIAN_POINT('',(1.8,7.1,2.4));
#11351=CARTESIAN_POINT('',(4.4,7.1,2.4));
#11352=CARTESIAN_POINT('',(1.8,7.1,2.4));
#11353=CARTESIAN_POINT('Origin',(4.4,92.5,2.4));
#11354=CARTESIAN_POINT('',(4.4,46.25,2.4));
#11355=CARTESIAN_POINT('',(1.8,7.1,2.4));
#11356=CARTESIAN_POINT('Origin',(1.8,49.8,3.7000000372529));
#11357=CARTESIAN_POINT('Origin',(4.4,2.4,5.39999999999999));
#11358=CARTESIAN_POINT('',(4.4,2.4,5.39999999999999));
#11359=CARTESIAN_POINT('',(4.4,2.4,55.));
#11360=CARTESIAN_POINT('',(4.4,2.4,2.7));
#11361=CARTESIAN_POINT('',(2.4,2.4,5.39999999999999));
#11362=CARTESIAN_POINT('',(4.4,2.4,5.39999999999999));
#11363=CARTESIAN_POINT('',(2.4,2.4,55.));
#11364=CARTESIAN_POINT('',(2.4,2.4,55.));
#11365=CARTESIAN_POINT('',(3.3,2.4,55.));
#11366=CARTESIAN_POINT('Origin',(4.4,5.,5.39999999999999));
#11367=CARTESIAN_POINT('',(4.4,5.,5.39999999999999));
#11368=CARTESIAN_POINT('',(4.4,2.5,5.39999999999999));
#11369=CARTESIAN_POINT('',(2.4,5.,5.39999999999999));
#11370=CARTESIAN_POINT('',(4.4,5.,5.39999999999999));
#11371=CARTESIAN_POINT('',(2.4,2.4,5.39999999999999));
#11372=CARTESIAN_POINT('Origin',(4.4,5.,55.));
#11373=CARTESIAN_POINT('',(4.4,5.,55.));
#11374=CARTESIAN_POINT('',(4.4,5.,27.5));
#11375=CARTESIAN_POINT('',(2.4,5.,55.));
#11376=CARTESIAN_POINT('',(3.3,5.,55.));
#11377=CARTESIAN_POINT('',(2.4,5.,5.39999999999999));
#11378=CARTESIAN_POINT('Origin',(2.4,3.7,30.2));
#11379=CARTESIAN_POINT('',(2.4,26.75,55.));
#11380=CARTESIAN_POINT('Origin',(4.4,97.2,5.));
#11381=CARTESIAN_POINT('',(4.4,97.2,5.));
#11382=CARTESIAN_POINT('',(4.4,94.6,5.));
#11383=CARTESIAN_POINT('',(4.4,48.6,5.));
#11384=CARTESIAN_POINT('',(2.4,97.2,5.));
#11385=CARTESIAN_POINT('',(4.4,97.2,5.));
#11386=CARTESIAN_POINT('',(2.4,94.6,5.));
#11387=CARTESIAN_POINT('',(2.4,97.2,5.));
#11388=CARTESIAN_POINT('',(4.4,94.6,5.));
#11389=CARTESIAN_POINT('Origin',(4.4,97.2,55.));
#11390=CARTESIAN_POINT('',(4.4,97.2,55.));
#11391=CARTESIAN_POINT('',(4.4,97.2,27.5));
#11392=CARTESIAN_POINT('',(2.4,97.2,55.));
#11393=CARTESIAN_POINT('',(3.3,97.2,55.));
#11394=CARTESIAN_POINT('',(2.4,97.2,55.));
#11395=CARTESIAN_POINT('Origin',(4.4,94.6,5.));
#11396=CARTESIAN_POINT('',(4.4,94.6,55.));
#11397=CARTESIAN_POINT('',(4.4,94.6,2.5));
#11398=CARTESIAN_POINT('',(2.4,94.6,55.));
#11399=CARTESIAN_POINT('',(2.4,94.6,5.));
#11400=CARTESIAN_POINT('',(3.3,94.6,55.));
#11401=CARTESIAN_POINT('Origin',(2.4,95.9,30.));
#11402=CARTESIAN_POINT('',(2.4,72.85,55.));
#11403=CARTESIAN_POINT('Origin',(4.4,0.,0.));
#11404=CARTESIAN_POINT('',(4.4,0.,55.));
#11405=CARTESIAN_POINT('',(4.4,0.,55.));
#11406=CARTESIAN_POINT('',(4.4,0.,0.));
#11407=CARTESIAN_POINT('',(4.4,0.,0.));
#11408=CARTESIAN_POINT('',(4.4,99.6,0.));
#11409=CARTESIAN_POINT('',(4.4,0.,0.));
#11410=CARTESIAN_POINT('',(4.4,99.6,55.));
#11411=CARTESIAN_POINT('',(4.4,99.6,0.));
#11412=CARTESIAN_POINT('',(4.4,0.,55.));
#11413=CARTESIAN_POINT('',(4.4,0.,55.));
#11414=CARTESIAN_POINT('Origin',(4.4,99.6,0.));
#11415=CARTESIAN_POINT('',(0.,99.6,0.));
#11416=CARTESIAN_POINT('',(4.4,99.6,0.));
#11417=CARTESIAN_POINT('',(0.,99.6,55.));
#11418=CARTESIAN_POINT('',(0.,99.6,0.));
#11419=CARTESIAN_POINT('',(4.4,99.6,55.));
#11420=CARTESIAN_POINT('Origin',(0.,0.,0.));
#11421=CARTESIAN_POINT('',(0.,0.,0.));
#11422=CARTESIAN_POINT('',(0.,0.,0.));
#11423=CARTESIAN_POINT('',(0.,0.,55.));
#11424=CARTESIAN_POINT('',(0.,0.,55.));
#11425=CARTESIAN_POINT('',(0.,0.,0.));
#11426=CARTESIAN_POINT('Origin',(0.,99.6,0.));
#11427=CARTESIAN_POINT('',(0.,99.6,0.));
#11428=CARTESIAN_POINT('',(0.,99.6,55.));
#11429=CARTESIAN_POINT('Origin',(2.2,49.8,55.));
#11430=CARTESIAN_POINT('Origin',(2.2,49.8,0.));
#11431=CARTESIAN_POINT('',(0.,0.,0.));
#11432=CARTESIAN_POINT('Origin',(68.3,2.4,0.));
#11433=CARTESIAN_POINT('',(68.3,2.4,0.));
#11434=CARTESIAN_POINT('',(0.,2.4,0.));
#11435=CARTESIAN_POINT('',(68.3,2.4,0.));
#11436=CARTESIAN_POINT('',(0.,2.4,50.));
#11437=CARTESIAN_POINT('',(0.,2.4,0.));
#11438=CARTESIAN_POINT('',(68.3,2.4,50.));
#11439=CARTESIAN_POINT('',(68.3,2.4,50.));
#11440=CARTESIAN_POINT('',(68.3,2.4,0.));
#11441=CARTESIAN_POINT('Origin',(68.3,0.,0.));
#11442=CARTESIAN_POINT('',(68.3,0.,0.));
#11443=CARTESIAN_POINT('',(68.3,0.,0.));
#11444=CARTESIAN_POINT('',(68.3,0.,50.));
#11445=CARTESIAN_POINT('',(68.3,0.,50.));
#11446=CARTESIAN_POINT('',(68.3,0.,0.));
#11447=CARTESIAN_POINT('Origin',(0.,0.,0.));
#11448=CARTESIAN_POINT('',(0.,0.,0.));
#11449=CARTESIAN_POINT('',(0.,0.,0.));
#11450=CARTESIAN_POINT('',(0.,0.,50.));
#11451=CARTESIAN_POINT('',(0.,0.,50.));
#11452=CARTESIAN_POINT('',(0.,0.,0.));
#11453=CARTESIAN_POINT('Origin',(0.,2.4,0.));
#11454=CARTESIAN_POINT('',(0.,2.4,0.));
#11455=CARTESIAN_POINT('',(0.,2.4,50.));
#11456=CARTESIAN_POINT('Origin',(34.15,1.2,50.));
#11457=CARTESIAN_POINT('Origin',(34.15,1.2,0.));
#11458=CARTESIAN_POINT('',(0.,0.,0.));
#11459=CARTESIAN_POINT('Origin',(68.3,1.46957615897682E-16,2.4));
#11460=CARTESIAN_POINT('',(68.3,0.,0.));
#11461=CARTESIAN_POINT('',(68.3,2.4,2.4));
#11462=CARTESIAN_POINT('Origin',(68.3,1.46957615897682E-16,2.4));
#11463=CARTESIAN_POINT('',(0.,0.,0.));
#11464=CARTESIAN_POINT('',(0.,0.,0.));
#11465=CARTESIAN_POINT('',(0.,2.4,2.4));
#11466=CARTESIAN_POINT('Origin',(0.,1.46957615897682E-16,2.4));
#11467=CARTESIAN_POINT('',(68.3,2.4,2.4));
#11468=CARTESIAN_POINT('Origin',(68.3,2.4,0.));
#11469=CARTESIAN_POINT('',(0.,2.4,25.));
#11470=CARTESIAN_POINT('',(0.,2.4,0.));
#11471=CARTESIAN_POINT('',(68.3,2.4,25.));
#11472=CARTESIAN_POINT('',(68.3,2.4,25.));
#11473=CARTESIAN_POINT('',(68.3,2.4,0.));
#11474=CARTESIAN_POINT('Origin',(68.3,0.,0.));
#11475=CARTESIAN_POINT('',(68.3,0.,25.));
#11476=CARTESIAN_POINT('',(68.3,0.,25.));
#11477=CARTESIAN_POINT('',(68.3,0.,0.));
#11478=CARTESIAN_POINT('Origin',(0.,0.,0.));
#11479=CARTESIAN_POINT('',(0.,0.,25.));
#11480=CARTESIAN_POINT('',(0.,0.,25.));
#11481=CARTESIAN_POINT('',(0.,0.,0.));
#11482=CARTESIAN_POINT('Origin',(0.,2.4,0.));
#11483=CARTESIAN_POINT('',(0.,2.4,25.));
#11484=CARTESIAN_POINT('Origin',(34.15,1.2,25.));
#11485=CARTESIAN_POINT('',(66.9,-2.40000000000001,-2.6));
#11486=CARTESIAN_POINT('',(0.,0.,0.));
#11487=CARTESIAN_POINT('',(-2.,-2.39999999999998,-2.6));
#11488=CARTESIAN_POINT('',(0.399999999999996,92.2,2.4));
#11489=CARTESIAN_POINT('',(1.40000000000001,0.100000000000016,2.79999999999999));
#11490=CARTESIAN_POINT('',(0.,0.,0.));
#11491=CARTESIAN_POINT('',(47.4,-34.4,21.));
#11492=CARTESIAN_POINT('',(34.6,24.6,26.));
#11493=CARTESIAN_POINT('',(34.6,-23.9,26.));
#11494=CARTESIAN_POINT('',(-34.6,-23.9,26.));
#11495=CARTESIAN_POINT('',(-34.6,24.6,26.));
#11496=CARTESIAN_POINT('',(47.4,-34.3000000000001,56.));
#11497=UNCERTAINTY_MEASURE_WITH_UNIT(LENGTH_MEASURE(0.01),#11525,
'DISTANCE_ACCURACY_VALUE',
'Maximum model space distance between geometric entities at asserted c
onnectivities');
#11498=UNCERTAINTY_MEASURE_WITH_UNIT(LENGTH_MEASURE(0.01),#11525,
'DISTANCE_ACCURACY_VALUE',
'Maximum model space distance between geometric entities at asserted c
onnectivities');
#11499=UNCERTAINTY_MEASURE_WITH_UNIT(LENGTH_MEASURE(0.01),#11525,
'DISTANCE_ACCURACY_VALUE',
'Maximum model space distance between geometric entities at asserted c
onnectivities');
#11500=UNCERTAINTY_MEASURE_WITH_UNIT(LENGTH_MEASURE(0.01),#11525,
'DISTANCE_ACCURACY_VALUE',
'Maximum model space distance between geometric entities at asserted c
onnectivities');
#11501=UNCERTAINTY_MEASURE_WITH_UNIT(LENGTH_MEASURE(0.01),#11525,
'DISTANCE_ACCURACY_VALUE',
'Maximum model space distance between geometric entities at asserted c
onnectivities');
#11502=UNCERTAINTY_MEASURE_WITH_UNIT(LENGTH_MEASURE(0.01),#11525,
'DISTANCE_ACCURACY_VALUE',
'Maximum model space distance between geometric entities at asserted c
onnectivities');
#11503=UNCERTAINTY_MEASURE_WITH_UNIT(LENGTH_MEASURE(0.01),#11525,
'DISTANCE_ACCURACY_VALUE',
'Maximum model space distance between geometric entities at asserted c
onnectivities');
#11504=UNCERTAINTY_MEASURE_WITH_UNIT(LENGTH_MEASURE(0.01),#11525,
'DISTANCE_ACCURACY_VALUE',
'Maximum model space distance between geometric entities at asserted c
onnectivities');
#11505=UNCERTAINTY_MEASURE_WITH_UNIT(LENGTH_MEASURE(0.01),#11525,
'DISTANCE_ACCURACY_VALUE',
'Maximum model space distance between geometric entities at asserted c
onnectivities');
#11506=UNCERTAINTY_MEASURE_WITH_UNIT(LENGTH_MEASURE(0.01),#11525,
'DISTANCE_ACCURACY_VALUE',
'Maximum model space distance between geometric entities at asserted c
onnectivities');
#11507=UNCERTAINTY_MEASURE_WITH_UNIT(LENGTH_MEASURE(0.01),#11525,
'DISTANCE_ACCURACY_VALUE',
'Maximum model space distance between geometric entities at asserted c
onnectivities');
#11508=UNCERTAINTY_MEASURE_WITH_UNIT(LENGTH_MEASURE(0.01),#11525,
'DISTANCE_ACCURACY_VALUE',
'Maximum model space distance between geometric entities at asserted c
onnectivities');
#11509=UNCERTAINTY_MEASURE_WITH_UNIT(LENGTH_MEASURE(0.01),#11525,
'DISTANCE_ACCURACY_VALUE',
'Maximum model space distance between geometric entities at asserted c
onnectivities');
#11510=UNCERTAINTY_MEASURE_WITH_UNIT(LENGTH_MEASURE(0.01),#11525,
'DISTANCE_ACCURACY_VALUE',
'Maximum model space distance between geometric entities at asserted c
onnectivities');
#11511=(
GEOMETRIC_REPRESENTATION_CONTEXT(3)
GLOBAL_UNCERTAINTY_ASSIGNED_CONTEXT((#11497))
GLOBAL_UNIT_ASSIGNED_CONTEXT((#11525,#11527,#11528))
REPRESENTATION_CONTEXT('','3D')
);
#11512=(
GEOMETRIC_REPRESENTATION_CONTEXT(3)
GLOBAL_UNCERTAINTY_ASSIGNED_CONTEXT((#11498))
GLOBAL_UNIT_ASSIGNED_CONTEXT((#11525,#11527,#11528))
REPRESENTATION_CONTEXT('','3D')
);
#11513=(
GEOMETRIC_REPRESENTATION_CONTEXT(3)
GLOBAL_UNCERTAINTY_ASSIGNED_CONTEXT((#11499))
GLOBAL_UNIT_ASSIGNED_CONTEXT((#11525,#11527,#11528))
REPRESENTATION_CONTEXT('','3D')
);
#11514=(
GEOMETRIC_REPRESENTATION_CONTEXT(3)
GLOBAL_UNCERTAINTY_ASSIGNED_CONTEXT((#11500))
GLOBAL_UNIT_ASSIGNED_CONTEXT((#11525,#11527,#11528))
REPRESENTATION_CONTEXT('','3D')
);
#11515=(
GEOMETRIC_REPRESENTATION_CONTEXT(3)
GLOBAL_UNCERTAINTY_ASSIGNED_CONTEXT((#11501))
GLOBAL_UNIT_ASSIGNED_CONTEXT((#11525,#11527,#11528))
REPRESENTATION_CONTEXT('','3D')
);
#11516=(
GEOMETRIC_REPRESENTATION_CONTEXT(3)
GLOBAL_UNCERTAINTY_ASSIGNED_CONTEXT((#11502))
GLOBAL_UNIT_ASSIGNED_CONTEXT((#11525,#11527,#11528))
REPRESENTATION_CONTEXT('','3D')
);
#11517=(
GEOMETRIC_REPRESENTATION_CONTEXT(3)
GLOBAL_UNCERTAINTY_ASSIGNED_CONTEXT((#11503))
GLOBAL_UNIT_ASSIGNED_CONTEXT((#11525,#11527,#11528))
REPRESENTATION_CONTEXT('','3D')
);
#11518=(
GEOMETRIC_REPRESENTATION_CONTEXT(3)
GLOBAL_UNCERTAINTY_ASSIGNED_CONTEXT((#11504))
GLOBAL_UNIT_ASSIGNED_CONTEXT((#11525,#11527,#11528))
REPRESENTATION_CONTEXT('','3D')
);
#11519=(
GEOMETRIC_REPRESENTATION_CONTEXT(3)
GLOBAL_UNCERTAINTY_ASSIGNED_CONTEXT((#11505))
GLOBAL_UNIT_ASSIGNED_CONTEXT((#11525,#11527,#11528))
REPRESENTATION_CONTEXT('','3D')
);
#11520=(
GEOMETRIC_REPRESENTATION_CONTEXT(3)
GLOBAL_UNCERTAINTY_ASSIGNED_CONTEXT((#11506))
GLOBAL_UNIT_ASSIGNED_CONTEXT((#11525,#11527,#11528))
REPRESENTATION_CONTEXT('','3D')
);
#11521=(
GEOMETRIC_REPRESENTATION_CONTEXT(3)
GLOBAL_UNCERTAINTY_ASSIGNED_CONTEXT((#11507))
GLOBAL_UNIT_ASSIGNED_CONTEXT((#11525,#11527,#11528))
REPRESENTATION_CONTEXT('','3D')
);
#11522=(
GEOMETRIC_REPRESENTATION_CONTEXT(3)
GLOBAL_UNCERTAINTY_ASSIGNED_CONTEXT((#11508))
GLOBAL_UNIT_ASSIGNED_CONTEXT((#11525,#11527,#11528))
REPRESENTATION_CONTEXT('','3D')
);
#11523=(
GEOMETRIC_REPRESENTATION_CONTEXT(3)
GLOBAL_UNCERTAINTY_ASSIGNED_CONTEXT((#11509))
GLOBAL_UNIT_ASSIGNED_CONTEXT((#11525,#11527,#11528))
REPRESENTATION_CONTEXT('','3D')
);
#11524=(
GEOMETRIC_REPRESENTATION_CONTEXT(3)
GLOBAL_UNCERTAINTY_ASSIGNED_CONTEXT((#11510))
GLOBAL_UNIT_ASSIGNED_CONTEXT((#11525,#11527,#11528))
REPRESENTATION_CONTEXT('','3D')
);
#11525=(
LENGTH_UNIT()
NAMED_UNIT(*)
SI_UNIT(.MILLI.,.METRE.)
);
#11526=(
LENGTH_UNIT()
NAMED_UNIT(*)
SI_UNIT($,.METRE.)
);
#11527=(
NAMED_UNIT(*)
PLANE_ANGLE_UNIT()
SI_UNIT($,.RADIAN.)
);
#11528=(
NAMED_UNIT(*)
SI_UNIT($,.STERADIAN.)
SOLID_ANGLE_UNIT()
);
#11529=SHAPE_DEFINITION_REPRESENTATION(#11542,#11570);
#11530=SHAPE_DEFINITION_REPRESENTATION(#11543,#11571);
#11531=SHAPE_DEFINITION_REPRESENTATION(#11544,#11572);
#11532=SHAPE_DEFINITION_REPRESENTATION(#11545,#11573);
#11533=SHAPE_DEFINITION_REPRESENTATION(#11546,#11574);
#11534=SHAPE_DEFINITION_REPRESENTATION(#11547,#11575);
#11535=SHAPE_DEFINITION_REPRESENTATION(#11551,#11576);
#11536=SHAPE_DEFINITION_REPRESENTATION(#11552,#11577);
#11537=SHAPE_DEFINITION_REPRESENTATION(#11553,#11578);
#11538=SHAPE_DEFINITION_REPRESENTATION(#11554,#11579);
#11539=SHAPE_DEFINITION_REPRESENTATION(#11555,#11580);
#11540=SHAPE_DEFINITION_REPRESENTATION(#11556,#11581);
#11541=SHAPE_DEFINITION_REPRESENTATION(#11557,#11582);
#11542=PRODUCT_DEFINITION_SHAPE('',$,#11584);
#11543=PRODUCT_DEFINITION_SHAPE('',$,#11585);
#11544=PRODUCT_DEFINITION_SHAPE('',$,#11586);
#11545=PRODUCT_DEFINITION_SHAPE('',$,#11587);
#11546=PRODUCT_DEFINITION_SHAPE('',$,#11588);
#11547=PRODUCT_DEFINITION_SHAPE('',$,#11589);
#11548=PRODUCT_DEFINITION_SHAPE($,$,#56);
#11549=PRODUCT_DEFINITION_SHAPE($,$,#57);
#11550=PRODUCT_DEFINITION_SHAPE($,$,#58);
#11551=PRODUCT_DEFINITION_SHAPE('',$,#11590);
#11552=PRODUCT_DEFINITION_SHAPE('',$,#11591);
#11553=PRODUCT_DEFINITION_SHAPE('',$,#11592);
#11554=PRODUCT_DEFINITION_SHAPE('',$,#11593);
#11555=PRODUCT_DEFINITION_SHAPE('',$,#11594);
#11556=PRODUCT_DEFINITION_SHAPE('',$,#11595);
#11557=PRODUCT_DEFINITION_SHAPE('',$,#11596);
#11558=PRODUCT_DEFINITION_SHAPE($,$,#59);
#11559=PRODUCT_DEFINITION_SHAPE($,$,#60);
#11560=PRODUCT_DEFINITION_SHAPE($,$,#61);
#11561=PRODUCT_DEFINITION_SHAPE($,$,#62);
#11562=PRODUCT_DEFINITION_SHAPE($,$,#63);
#11563=PRODUCT_DEFINITION_SHAPE($,$,#64);
#11564=PRODUCT_DEFINITION_SHAPE($,$,#65);
#11565=PRODUCT_DEFINITION_SHAPE($,$,#66);
#11566=PRODUCT_DEFINITION_SHAPE($,$,#67);
#11567=PRODUCT_DEFINITION_SHAPE($,$,#68);
#11568=PRODUCT_DEFINITION_SHAPE($,$,#69);
#11569=PRODUCT_DEFINITION_SHAPE($,$,#70);
#11570=SHAPE_REPRESENTATION('',(#6888,#7554,#7555,#7556,#7557,#7558,#7559,
#7560),#11511);
#11571=SHAPE_REPRESENTATION('',(#6889),#11512);
#11572=SHAPE_REPRESENTATION('',(#6951,#7432,#7433,#7434),#11513);
#11573=SHAPE_REPRESENTATION('',(#6952),#11514);
#11574=SHAPE_REPRESENTATION('',(#7029),#11515);
#11575=SHAPE_REPRESENTATION('',(#7081),#11516);
#11576=SHAPE_REPRESENTATION('',(#7435),#11517);
#11577=SHAPE_REPRESENTATION('',(#7441,#7549,#7550,#7551,#7552,#7553),#11518);
#11578=SHAPE_REPRESENTATION('',(#7442),#11519);
#11579=SHAPE_REPRESENTATION('',(#7462),#11520);
#11580=SHAPE_REPRESENTATION('',(#7513),#11521);
#11581=SHAPE_REPRESENTATION('',(#7533),#11522);
#11582=SHAPE_REPRESENTATION('',(#7540),#11523);
#11583=PRODUCT_DEFINITION_CONTEXT('part definition',#11624,'design');
#11584=PRODUCT_DEFINITION('2026-07-31-22-46-29-079','Entire Assembled',
#11597,#11583);
#11585=PRODUCT_DEFINITION('Nema_14_PHB35Y20-404AD',
'Nema_14_PHB35Y20-404AD',#11598,#11583);
#11586=PRODUCT_DEFINITION('2026-07-31-16-54-46-537',
'bottom half assembly',#11599,#11583);
#11587=PRODUCT_DEFINITION('2026-07-31-14-30-07-139',
'connection base to stepper',#11600,#11583);
#11588=PRODUCT_DEFINITION('2026-07-31-15-58-50-038','servo bracket',#11601,
#11583);
#11589=PRODUCT_DEFINITION('SERVO_SG90','SERVO_SG90',#11602,#11583);
#11590=PRODUCT_DEFINITION('2026-07-31-22-36-15-320','dowel',#11603,#11583);
#11591=PRODUCT_DEFINITION('2026-07-09-15-56-43-746',
'Card deck assembly',#11604,#11583);
#11592=PRODUCT_DEFINITION('2026-07-08-16-56-00-922','right wall',#11605,
#11583);
#11593=PRODUCT_DEFINITION('2026-07-08-15-42-05-763','Card Floor',#11606,
#11583);
#11594=PRODUCT_DEFINITION('2026-07-08-16-30-32-006','Left wall',#11607,
#11583);
#11595=PRODUCT_DEFINITION('2026-07-10-14-19-38-248','Back wall',#11608,
#11583);
#11596=PRODUCT_DEFINITION('2026-07-10-14-21-01-345','Front wall',#11609,
#11583);
#11597=PRODUCT_DEFINITION_FORMATION('',$,#11626);
#11598=PRODUCT_DEFINITION_FORMATION('',$,#11627);
#11599=PRODUCT_DEFINITION_FORMATION('',$,#11628);
#11600=PRODUCT_DEFINITION_FORMATION('',$,#11629);
#11601=PRODUCT_DEFINITION_FORMATION('',$,#11630);
#11602=PRODUCT_DEFINITION_FORMATION('',$,#11631);
#11603=PRODUCT_DEFINITION_FORMATION('',$,#11632);
#11604=PRODUCT_DEFINITION_FORMATION('',$,#11633);
#11605=PRODUCT_DEFINITION_FORMATION('',$,#11634);
#11606=PRODUCT_DEFINITION_FORMATION('',$,#11635);
#11607=PRODUCT_DEFINITION_FORMATION('',$,#11636);
#11608=PRODUCT_DEFINITION_FORMATION('',$,#11637);
#11609=PRODUCT_DEFINITION_FORMATION('',$,#11638);
#11610=PRODUCT_RELATED_PRODUCT_CATEGORY('Entire Assembled',
'Entire Assembled',(#11626));
#11611=PRODUCT_RELATED_PRODUCT_CATEGORY('Nema_14_PHB35Y20-404AD',
'Nema_14_PHB35Y20-404AD',(#11627));
#11612=PRODUCT_RELATED_PRODUCT_CATEGORY('bottom half assembly',
'bottom half assembly',(#11628));
#11613=PRODUCT_RELATED_PRODUCT_CATEGORY('connection base to stepper',
'connection base to stepper',(#11629));
#11614=PRODUCT_RELATED_PRODUCT_CATEGORY('servo bracket','servo bracket',
(#11630));
#11615=PRODUCT_RELATED_PRODUCT_CATEGORY('SERVO_SG90','SERVO_SG90',(#11631));
#11616=PRODUCT_RELATED_PRODUCT_CATEGORY('dowel','dowel',(#11632));
#11617=PRODUCT_RELATED_PRODUCT_CATEGORY('Card deck assembly',
'Card deck assembly',(#11633));
#11618=PRODUCT_RELATED_PRODUCT_CATEGORY('right wall','right wall',(#11634));
#11619=PRODUCT_RELATED_PRODUCT_CATEGORY('Card Floor','Card Floor',(#11635));
#11620=PRODUCT_RELATED_PRODUCT_CATEGORY('Left wall','Left wall',(#11636));
#11621=PRODUCT_RELATED_PRODUCT_CATEGORY('Back wall','Back wall',(#11637));
#11622=PRODUCT_RELATED_PRODUCT_CATEGORY('Front wall','Front wall',(#11638));
#11623=APPLICATION_PROTOCOL_DEFINITION('international standard',
'automotive_design',2009,#11624);
#11624=APPLICATION_CONTEXT(
'Core Data for Automotive Mechanical Design Process');
#11625=PRODUCT_CONTEXT('part definition',#11624,'mechanical');
#11626=PRODUCT('2026-07-31-22-46-29-079','Entire Assembled',$,(#11625));
#11627=PRODUCT('Nema_14_PHB35Y20-404AD','Nema_14_PHB35Y20-404AD',$,(#11625));
#11628=PRODUCT('2026-07-31-16-54-46-537','bottom half assembly',$,(#11625));
#11629=PRODUCT('2026-07-31-14-30-07-139','connection base to stepper',$,
(#11625));
#11630=PRODUCT('2026-07-31-15-58-50-038','servo bracket',$,(#11625));
#11631=PRODUCT('SERVO_SG90','SERVO_SG90',$,(#11625));
#11632=PRODUCT('2026-07-31-22-36-15-320','dowel',$,(#11625));
#11633=PRODUCT('2026-07-09-15-56-43-746','Card deck assembly',$,(#11625));
#11634=PRODUCT('2026-07-08-16-56-00-922','right wall',$,(#11625));
#11635=PRODUCT('2026-07-08-15-42-05-763','Card Floor',$,(#11625));
#11636=PRODUCT('2026-07-08-16-30-32-006','Left wall',$,(#11625));
#11637=PRODUCT('2026-07-10-14-19-38-248','Back wall',$,(#11625));
#11638=PRODUCT('2026-07-10-14-21-01-345','Front wall',$,(#11625));
#11639=PRESENTATION_STYLE_ASSIGNMENT((#11649));
#11640=PRESENTATION_STYLE_ASSIGNMENT((#11650));
#11641=PRESENTATION_STYLE_ASSIGNMENT((#11651));
#11642=PRESENTATION_STYLE_ASSIGNMENT((#11652));
#11643=PRESENTATION_STYLE_ASSIGNMENT((#11653));
#11644=PRESENTATION_STYLE_ASSIGNMENT((#11654));
#11645=PRESENTATION_STYLE_ASSIGNMENT((#11655));
#11646=PRESENTATION_STYLE_ASSIGNMENT((#11656));
#11647=PRESENTATION_STYLE_ASSIGNMENT((#11657));
#11648=PRESENTATION_STYLE_ASSIGNMENT((#11658));
#11649=SURFACE_STYLE_USAGE(.BOTH.,#11659);
#11650=SURFACE_STYLE_USAGE(.BOTH.,#11660);
#11651=SURFACE_STYLE_USAGE(.BOTH.,#11661);
#11652=SURFACE_STYLE_USAGE(.BOTH.,#11662);
#11653=SURFACE_STYLE_USAGE(.BOTH.,#11663);
#11654=SURFACE_STYLE_USAGE(.BOTH.,#11664);
#11655=SURFACE_STYLE_USAGE(.BOTH.,#11665);
#11656=SURFACE_STYLE_USAGE(.BOTH.,#11666);
#11657=SURFACE_STYLE_USAGE(.BOTH.,#11667);
#11658=SURFACE_STYLE_USAGE(.BOTH.,#11668);
#11659=SURFACE_SIDE_STYLE('',(#11669));
#11660=SURFACE_SIDE_STYLE('',(#11670));
#11661=SURFACE_SIDE_STYLE('',(#11671));
#11662=SURFACE_SIDE_STYLE('',(#11672));
#11663=SURFACE_SIDE_STYLE('',(#11673));
#11664=SURFACE_SIDE_STYLE('',(#11674));
#11665=SURFACE_SIDE_STYLE('',(#11675));
#11666=SURFACE_SIDE_STYLE('',(#11676));
#11667=SURFACE_SIDE_STYLE('',(#11677));
#11668=SURFACE_SIDE_STYLE('',(#11678));
#11669=SURFACE_STYLE_FILL_AREA(#11679);
#11670=SURFACE_STYLE_FILL_AREA(#11680);
#11671=SURFACE_STYLE_FILL_AREA(#11681);
#11672=SURFACE_STYLE_FILL_AREA(#11682);
#11673=SURFACE_STYLE_FILL_AREA(#11683);
#11674=SURFACE_STYLE_FILL_AREA(#11684);
#11675=SURFACE_STYLE_FILL_AREA(#11685);
#11676=SURFACE_STYLE_FILL_AREA(#11686);
#11677=SURFACE_STYLE_FILL_AREA(#11687);
#11678=SURFACE_STYLE_FILL_AREA(#11688);
#11679=FILL_AREA_STYLE('Steel - Satin',(#11689));
#11680=FILL_AREA_STYLE('Opaque(25,25,25)',(#11690));
#11681=FILL_AREA_STYLE('Opaque(160,160,160)',(#11691));
#11682=FILL_AREA_STYLE('Opaque(28,55,165)',(#11692));
#11683=FILL_AREA_STYLE('Opaque(255,255,255)',(#11693));
#11684=FILL_AREA_STYLE('Opaque(234,234,234)',(#11694));
#11685=FILL_AREA_STYLE('Opaque(186,79,7)',(#11695));
#11686=FILL_AREA_STYLE('Opaque(176,17,17)',(#11696));
#11687=FILL_AREA_STYLE('Opaque(119,75,53)',(#11697));
#11688=FILL_AREA_STYLE('Pine',(#11698));
#11689=FILL_AREA_STYLE_COLOUR('Steel - Satin',#11699);
#11690=FILL_AREA_STYLE_COLOUR('Opaque(25,25,25)',#11700);
#11691=FILL_AREA_STYLE_COLOUR('Opaque(160,160,160)',#11701);
#11692=FILL_AREA_STYLE_COLOUR('Opaque(28,55,165)',#11702);
#11693=FILL_AREA_STYLE_COLOUR('Opaque(255,255,255)',#11703);
#11694=FILL_AREA_STYLE_COLOUR('Opaque(234,234,234)',#11704);
#11695=FILL_AREA_STYLE_COLOUR('Opaque(186,79,7)',#11705);
#11696=FILL_AREA_STYLE_COLOUR('Opaque(176,17,17)',#11706);
#11697=FILL_AREA_STYLE_COLOUR('Opaque(119,75,53)',#11707);
#11698=FILL_AREA_STYLE_COLOUR('Pine',#11708);
#11699=COLOUR_RGB('Steel - Satin',0.627450980392157,0.627450980392157,0.627450980392157);
#11700=COLOUR_RGB('Opaque(25,25,25)',0.0980392156862745,0.0980392156862745,
0.0980392156862745);
#11701=COLOUR_RGB('Opaque(160,160,160)',0.627450980392157,0.627450980392157,
0.627450980392157);
#11702=COLOUR_RGB('Opaque(28,55,165)',0.109803921568627,0.215686274509804,
0.647058823529412);
#11703=COLOUR_RGB('Opaque(255,255,255)',1.,1.,1.);
#11704=COLOUR_RGB('Opaque(234,234,234)',0.917647058823529,0.917647058823529,
0.917647058823529);
#11705=COLOUR_RGB('Opaque(186,79,7)',0.729411764705882,0.309803921568627,
0.0274509803921569);
#11706=COLOUR_RGB('Opaque(176,17,17)',0.690196078431373,0.0666666666666667,
0.0666666666666667);
#11707=COLOUR_RGB('Opaque(119,75,53)',0.466666666666667,0.294117647058824,
0.207843137254902);
#11708=COLOUR_RGB('Pine',0.,0.,0.);
ENDSEC;
END-ISO-10303-21;
